Nielsen representatives: 4, computing rep 4
Using unit disc with precision 115 and center root(-1)
Using working precision 115 with eps_thresh = 9.99999E-108
Radius of series to be used: 0.643594
Taking N = 601 and Q = 615
Ramification degrees e = [ 1, 1, 4, 1, 4, 4, 2 ] and offsets s = [ 0, 0, 2, 0, 2, 2, 0 ]
A: Taking j = 1, with distance 0.000000 and label Id($)
A: Rotating by delta_a^1, new coset 6
A: Rotating by delta_a^-1, new coset 4
A: Rotating by delta_a^2, new coset 12
A: Rotating by delta_a^-2, already identified 12 (label da^2)
A: Rotating by delta_a^3, already identified 4 (label da^-1)
B: Taking j = 1, with distance 0.000000 and label Id($)
B: Rotating by delta_b^1, already identified 1 (label Id($)), sidepairing db
B: Rotating by delta_b^-1, already identified 1 (label Id($)), sidepairing db^-1
B: Taking j = 6, with distance 0.000000 and label da
B: Rotating by delta_b^1, already identified 12 (label da^2), sidepairing da * db * da^-2
B: Rotating by delta_b^-1, new coset 8
A: Taking j = 8, with distance 2.44845 and label da * db^-1
A: Rotating by delta_a^1, new coset 11
A: Rotating by delta_a^-1, new coset 2
A: Rotating by delta_a^2, new coset 13
A: Rotating by delta_a^-2, already identified 13 (label da * db^-1 * da^2)
A: Rotating by delta_a^3, already identified 2 (label da * db^-1 * da^-1)
B: Taking j = 4, with distance 0.000000 and label da^-1
B: Rotating by delta_b^1, new coset 10
A: Taking j = 10, with distance 2.44845 and label da^-1 * db
A: Rotating by delta_a^1, already identified 10 (label da^-1 * db), sidepairing da^-1 * db * da * db^-1 * da
A: Rotating by delta_a^-1, already identified 10 (label da^-1 * db), sidepairing da^-1 * db * da^-1 * db^-1 * da
B: Rotating by delta_b^-1, already identified 10 (label da^-1 * db), sidepairing (da^-1 * db^-1 * da)^2
B: Taking j = 12, with distance 0.000000 and label da^2
B: Rotating by delta_b^1, new coset 7
A: Taking j = 7, with distance 2.44845 and label da^2 * db
A: Rotating by delta_a^1, new coset 5
A: Rotating by delta_a^-1, new coset 17
A: Rotating by delta_a^2, new coset 9
A: Rotating by delta_a^-2, already identified 9 (label da^2 * db * da^2)
A: Rotating by delta_a^3, already identified 17 (label da^2 * db * da^-1)
B: Rotating by delta_b^-1, already identified 6 (label da), sidepairing da^2 * db^-1 * da^-1
B: Taking j = 8, with distance 2.44845 and label da * db^-1
B: Rotating by delta_b^1, already identified 6 (label da)
B: Rotating by delta_b^-1, already identified 7 (label da^2 * db), sidepairing da * db^-3 * da^-2
B: Taking j = 10, with distance 2.44845 and label da^-1 * db
B: Rotating by delta_b^1, already identified 4 (label da^-1), sidepairing (da^-1 * db * da)^2
B: Rotating by delta_b^-1, already identified 4 (label da^-1)
B: Taking j = 17, with distance 2.44845 and label da^2 * db * da^-1
B: Rotating by delta_b^1, new coset 15
A: Taking j = 15, with distance 4.74110 and label da^2 * db * da^-1 * db
A: Rotating by delta_a^1, new coset 16
A: Rotating by delta_a^-1, already identified 16 (label da^2 * db * da^-1 * db * da), sidepairing (da^2 * db * da^-1 * db * da^-1 * db^-1 * da * db^-1 * da^-2)^2
A: Rotating by delta_a^2, already identified 15 (label da^2 * db * da^-1 * db), sidepairing (da^2 * db * da^-1 * db * da * db^-1 * da * db^-1 * da^-2)^2
B: Rotating by delta_b^-1, already identified 9 (label da^2 * db * da^2), sidepairing da^2 * db * da^-1 * db^-1 * da^-2 * db^-1 * da^-2
B: Taking j = 11, with distance 2.44845 and label da * db^-1 * da
B: Rotating by delta_b^1, new coset 14
A: Taking j = 14, with distance 4.21842 and label da * db^-1 * da * db
A: Rotating by delta_a^1, already identified 14 (label da * db^-1 * da * db), sidepairing da * db^-1 * da * db * da * db^-1 * da^-1 * db * da^-1
A: Rotating by delta_a^-1, already identified 14 (label da * db^-1 * da * db), sidepairing da * db^-1 * da * db * da^-1 * db^-1 * da^-1 * db * da^-1
B: Rotating by delta_b^-1, already identified 13 (label da * db^-1 * da^2), sidepairing da * db^-1 * da * db^-1 * da^-2 * db * da^-1
B: Taking j = 2, with distance 2.44845 and label da * db^-1 * da^-1
B: Rotating by delta_b^1, already identified 2 (label da * db^-1 * da^-1), sidepairing da * db^-1 * da^-1 * db * da * db * da^-1
B: Rotating by delta_b^-1, already identified 2 (label da * db^-1 * da^-1), sidepairing da * db^-1 * da^-1 * db^-1 * da * db * da^-1
B: Taking j = 7, with distance 2.44845 and label da^2 * db
B: Rotating by delta_b^1, already identified 8 (label da * db^-1), sidepairing da^2 * db^3 * da^-1
B: Rotating by delta_b^-1, already identified 12 (label da^2)
B: Taking j = 9, with distance 2.44845 and label da^2 * db * da^2
B: Rotating by delta_b^1, already identified 17 (label da^2 * db * da^-1), sidepairing da^2 * db * da^2 * db * da * db^-1 * da^-2
B: Rotating by delta_b^-1, new coset 3
A: Taking j = 3, with distance 4.89690 and label da^2 * db * da^2 * db^-1
A: Rotating by delta_a^1, already identified 3 (label da^2 * db * da^2 * db^-1), sidepairing da^2 * db * da^2 * db^-1 * da * db * da^-2 * db^-1 * da^-2
A: Rotating by delta_a^-1, already identified 3 (label da^2 * db * da^2 * db^-1), sidepairing da^2 * db * da^2 * db^-1 * da^-1 * db * da^-2 * db^-1 * da^-2
B: Taking j = 13, with distance 2.44845 and label da * db^-1 * da^2
B: Rotating by delta_b^1, already identified 11 (label da * db^-1 * da), sidepairing da * db^-1 * da^2 * db * da^-1 * db * da^-1
B: Rotating by delta_b^-1, already identified 5 (label da^2 * db * da), sidepairing da * db^-1 * da^2 * db^-1 * da^-1 * db^-1 * da^-2
B: Taking j = 5, with distance 2.44845 and label da^2 * db * da
B: Rotating by delta_b^1, already identified 13 (label da * db^-1 * da^2), sidepairing da^2 * db * da * db * da^-2 * db * da^-1
B: Rotating by delta_b^-1, already identified 14 (label da * db^-1 * da * db), sidepairing da^2 * db * da * db^-2 * da^-1 * db * da^-1
B: Taking j = 14, with distance 4.21842 and label da * db^-1 * da * db
B: Rotating by delta_b^1, already identified 5 (label da^2 * db * da), sidepairing da * db^-1 * da * db^2 * da^-1 * db^-1 * da^-2
B: Rotating by delta_b^-1, already identified 11 (label da * db^-1 * da)
B: Taking j = 15, with distance 4.74110 and label da^2 * db * da^-1 * db
B: Rotating by delta_b^1, already identified 3 (label da^2 * db * da^2 * db^-1), sidepairing da^2 * db * da^-1 * db^3 * da^-2 * db^-1 * da^-2
B: Rotating by delta_b^-1, already identified 17 (label da^2 * db * da^-1)
B: Taking j = 16, with distance 4.74110 and label da^2 * db * da^-1 * db * da
B: Rotating by delta_b^1, already identified 16 (label da^2 * db * da^-1 * db * da), sidepairing da^2 * db * da^-1 * db * da * db * da^-1 * db^-1 * da * db^-1 * da^-2
B: Rotating by delta_b^-1, already identified 16 (label da^2 * db * da^-1 * db * da), sidepairing da^2 * db * da^-1 * db * da * db^-1 * da^-1 * db^-1 * da * db^-1 * da^-2
B: Taking j = 3, with distance 4.89690 and label da^2 * db * da^2 * db^-1
B: Rotating by delta_b^1, already identified 9 (label da^2 * db * da^2)
B: Rotating by delta_b^-1, already identified 15 (label da^2 * db * da^-1 * db), sidepairing da^2 * db * da^2 * db^-3 * da * db^-1 * da^-2
Indices of vertices to be used: [ 1, 2, 3, 5, 10, 14, 15 ]
Coset identifiers: [ 1, 2, 3, 1, 4, 1, 4, 2, 4, 5, 2, 1, 2, 6, 7, 7, 4 ]
Reducing to fundamental domain... Time: 3.810
Largest point had radius 0.643594!
dim = 2, fulldim = 6, so skipping coeffs [ 0 .. 3 ]
Computing Js... Time: 2.780
Computing Wps... Time: 1.920
Arnoldi iteration 2... Time: 1.460
Arnoldi iteration 3... Time: 1.940
Arnoldi iteration 4... Time: 1.960
Arnoldi iteration 5... Time: 1.950
Arnoldi iteration 6... Time: 1.950
Arnoldi iteration 7... Time: 1.950
Arnoldi iteration 8... Time: 1.950
Arnoldi iteration 9... Time: 1.970
Arnoldi iteration 10... Time: 1.960
Numerical kernel 10... min 0.00157044 (of 0)... Time: 0.000
Arnoldi iteration 11... Time: 1.960
Numerical kernel 11... min 0.00451750 (of 0)... Time: 0.000
Arnoldi iteration 12... Time: 1.960
Numerical kernel 12... min 0.00133523 (of 0)... Time: 0.000
Arnoldi iteration 13... Time: 1.950
Numerical kernel 13... min 0.000349583 (of 0)... Time: 0.010
Arnoldi iteration 14... Time: 1.950
Numerical kernel 14... min 0.000210111 (of 0)... Time: 0.010
Arnoldi iteration 15... Time: 1.960
Numerical kernel 15... min 9.92629E-5 (of 0)... Time: 0.000
Arnoldi iteration 16... Time: 1.970
Numerical kernel 16... min 0.000105010 (of 0)... Time: 0.000
Arnoldi iteration 17... Time: 1.980
Numerical kernel 17... min 0.000169546 (of 0)... Time: 0.010
Arnoldi iteration 18... Time: 1.980
Numerical kernel 18... min 4.22004E-5 (of 0)... Time: 0.000
Arnoldi iteration 19... Time: 1.970
Numerical kernel 19... min 1.61447E-5 (of 0)... Time: 0.010
Arnoldi iteration 20... Time: 1.970
Numerical kernel 20... min 1.14660E-5 (of 0)... Time: 0.010
Arnoldi iteration 21... Time: 2.010
Numerical kernel 21... min 4.00793E-6 (of 0)... Time: 0.000
Arnoldi iteration 22... Time: 2.010
Numerical kernel 22... min 3.08151E-6 (of 0)... Time: 0.000
Arnoldi iteration 23... Time: 2.010
Numerical kernel 23... min 1.23008E-6 (of 0)... Time: 0.000
Arnoldi iteration 24... Time: 2.020
Numerical kernel 24... min 3.06145E-7 (of 0)... Time: 0.010
Arnoldi iteration 25... Time: 2.000
Numerical kernel 25... min 3.73133E-7 (of 0)... Time: 0.000
Arnoldi iteration 26... Time: 2.010
Numerical kernel 26... min 1.45271E-7 (of 0)... Time: 0.010
Arnoldi iteration 27... Time: 2.070
Numerical kernel 27... min 1.93257E-7 (of 0)... Time: 0.010
Arnoldi iteration 28... Time: 2.010
Numerical kernel 28... min 1.73609E-7 (of 0)... Time: 0.020
Arnoldi iteration 29... Time: 2.050
Numerical kernel 29... min 1.62458E-7 (of 0)... Time: 0.010
Arnoldi iteration 30... Time: 2.020
Numerical kernel 30... min 1.60533E-7 (of 0)... Time: 0.010
Arnoldi iteration 31... Time: 2.030
Numerical kernel 31... min 9.70942E-8 (of 0)... Time: 0.010
Arnoldi iteration 32... Time: 2.060
Numerical kernel 32... min 9.55988E-8 (of 0)... Time: 0.020
Arnoldi iteration 33... Time: 2.210
Numerical kernel 33... min 1.44357E-7 (of 0)... Time: 0.010
Arnoldi iteration 34... Time: 2.050
Numerical kernel 34... min 1.51355E-7 (of 0)... Time: 0.020
Arnoldi iteration 35... Time: 2.060
Numerical kernel 35... min 1.88657E-7 (of 0)... Time: 0.020
Arnoldi iteration 36... Time: 2.110
Numerical kernel 36... min 1.85124E-7 (of 0)... Time: 0.020
Arnoldi iteration 37... Time: 2.060
Numerical kernel 37... min 1.93912E-7 (of 0)... Time: 0.020
Arnoldi iteration 38... Time: 2.180
Numerical kernel 38... min 1.99944E-7 (of 0)... Time: 0.020
Arnoldi iteration 39... Time: 2.070
Numerical kernel 39... min 1.67939E-7 (of 0)... Time: 0.020
Arnoldi iteration 40... Time: 2.020
Numerical kernel 40... min 1.13149E-7 (of 0)... Time: 0.030
Arnoldi iteration 41... Time: 2.050
Numerical kernel 41... min 1.19893E-7 (of 0)... Time: 0.030
Arnoldi iteration 42... Time: 2.040
Numerical kernel 42... min 7.31128E-8 (of 0)... Time: 0.030
Arnoldi iteration 43... Time: 2.040
Numerical kernel 43... min 1.61070E-8 (of 0)... Time: 0.020
Arnoldi iteration 44... Time: 2.060
Numerical kernel 44... min 5.21187E-9 (of 0)... Time: 0.030
Arnoldi iteration 45... Time: 2.030
Numerical kernel 45... min 8.11721E-10 (of 0)... Time: 0.030
Arnoldi iteration 46... Time: 2.040
Numerical kernel 46... min 1.29547E-10 (of 0)... Time: 0.030
Arnoldi iteration 47... Time: 2.050
Numerical kernel 47... min 4.31898E-11 (of 0)... Time: 0.030
Arnoldi iteration 48... Time: 2.060
Numerical kernel 48... min 3.75125E-11 (of 0)... Time: 0.030
Arnoldi iteration 49... Time: 2.060
Numerical kernel 49... min 2.15886E-11 (of 0)... Time: 0.030
Arnoldi iteration 50... Time: 2.060
Numerical kernel 50... min 1.48485E-12 (of 0)... Time: 0.030
Arnoldi iteration 51... Time: 2.070
Numerical kernel 51... min 1.66233E-12 (of 0)... Time: 0.040
Arnoldi iteration 52... Time: 2.100
Numerical kernel 52... min 3.05039E-13 (of 0)... Time: 0.040
Arnoldi iteration 53... Time: 2.100
Numerical kernel 53... min 3.74883E-14 (of 0)... Time: 0.050
Arnoldi iteration 54... Time: 2.070
Numerical kernel 54... min 2.63782E-14 (of 0)... Time: 0.050
Arnoldi iteration 55... Time: 2.080
Numerical kernel 55... min 2.78230E-15 (of 0)... Time: 0.050
Arnoldi iteration 56... Time: 2.100
Numerical kernel 56... min 3.03938E-16 (of 0)... Time: 0.050
Arnoldi iteration 57... Time: 2.090
Numerical kernel 57... min 3.22658E-16 (of 0)... Time: 0.060
Arnoldi iteration 58... Time: 2.150
Numerical kernel 58... min 2.01503E-16 (of 0)... Time: 0.060
Arnoldi iteration 59... Time: 2.160
Numerical kernel 59... min 6.31501E-17 (of 0)... Time: 0.060
Arnoldi iteration 60... Time: 2.100
Numerical kernel 60... min 1.06910E-17 (of 0)... Time: 0.060
Arnoldi iteration 61... Time: 2.390
Numerical kernel 61... min 2.79479E-18 (of 0)... Time: 0.060
Arnoldi iteration 62... Time: 2.300
Numerical kernel 62... min 2.06108E-18 (of 0)... Time: 0.060
Arnoldi iteration 63... Time: 2.130
Numerical kernel 63... min 7.23697E-20 (of 0)... Time: 0.070
Arnoldi iteration 64... Time: 2.110
Numerical kernel 64... min 7.62240E-21 (of 0)... Time: 0.070
Arnoldi iteration 65... Time: 2.130
Numerical kernel 65... min 3.62802E-21 (of 0)... Time: 0.070
Arnoldi iteration 66... Time: 2.130
Numerical kernel 66... min 1.79050E-21 (of 0)... Time: 0.080
Arnoldi iteration 67... Time: 2.120
Numerical kernel 67... min 3.28305E-22 (of 0)... Time: 0.080
Arnoldi iteration 68... Time: 2.110
Numerical kernel 68... min 4.47476E-23 (of 0)... Time: 0.080
Arnoldi iteration 69... Time: 2.130
Numerical kernel 69... min 1.27091E-23 (of 0)... Time: 0.080
Arnoldi iteration 70... Time: 2.130
Numerical kernel 70... min 5.88732E-25 (of 0)... Time: 0.090
Arnoldi iteration 71... Time: 2.140
Numerical kernel 71... min 4.77359E-25 (of 0)... Time: 0.090
Arnoldi iteration 72... Time: 2.130
Numerical kernel 72... min 2.57054E-26 (of 0)... Time: 0.090
Arnoldi iteration 73... Time: 2.140
Numerical kernel 73... min 1.23623E-26 (of 0)... Time: 0.100
Arnoldi iteration 74... Time: 2.150
Numerical kernel 74... min 1.53573E-27 (of 0)... Time: 0.100
Arnoldi iteration 75... Time: 2.140
Numerical kernel 75... min 3.46784E-28 (of 0)... Time: 0.110
Arnoldi iteration 76... Time: 2.140
Numerical kernel 76... min 1.19408E-28 (of 0)... Time: 0.110
Arnoldi iteration 77... Time: 2.140
Numerical kernel 77... min 3.03769E-29 (of 0)... Time: 0.110
Arnoldi iteration 78... Time: 2.140
Numerical kernel 78... min 1.53029E-30 (of 0)... Time: 0.110
Arnoldi iteration 79... Time: 2.140
Numerical kernel 79... min 2.86826E-31 (of 0)... Time: 0.120
Arnoldi iteration 80... Time: 2.150
Numerical kernel 80... min 7.95894E-33 (of 0)... Time: 0.130
Arnoldi iteration 81... Time: 2.150
Numerical kernel 81... min 6.07775E-33 (of 0)... Time: 0.130
Arnoldi iteration 82... Time: 2.150
Numerical kernel 82... min 1.54166E-33 (of 0)... Time: 0.140
Arnoldi iteration 83... Time: 2.160
Numerical kernel 83... min 2.45908E-34 (of 0)... Time: 0.130
Arnoldi iteration 84... Time: 2.180
Numerical kernel 84... min 4.00095E-35 (of 0)... Time: 0.140
Arnoldi iteration 85... Time: 2.160
Numerical kernel 85... min 4.54330E-36 (of 0)... Time: 0.150
Arnoldi iteration 86... Time: 2.180
Numerical kernel 86... min 5.89908E-37 (of 0)... Time: 0.140
Arnoldi iteration 87... Time: 2.180
Numerical kernel 87... min 1.20050E-37 (of 0)... Time: 0.150
Arnoldi iteration 88... Time: 2.180
Numerical kernel 88... min 5.45873E-39 (of 0)... Time: 0.160
Arnoldi iteration 89... Time: 2.170
Numerical kernel 89... min 1.72661E-39 (of 0)... Time: 0.170
Arnoldi iteration 90... Time: 2.170
Numerical kernel 90... min 1.84248E-40 (of 0)... Time: 0.170
Arnoldi iteration 91... Time: 2.170
Numerical kernel 91... min 2.04965E-41 (of 0)... Time: 0.180
Arnoldi iteration 92... Time: 2.180
Numerical kernel 92... min 3.40760E-42 (of 0)... Time: 0.180
Arnoldi iteration 93... Time: 2.190
Numerical kernel 93... min 4.11589E-43 (of 0)... Time: 0.180
Arnoldi iteration 94... Time: 2.190
Numerical kernel 94... min 1.08118E-44 (of 0)... Time: 0.190
Arnoldi iteration 95... Time: 2.200
Numerical kernel 95... min 4.10338E-45 (of 0)... Time: 0.200
Arnoldi iteration 96... Time: 2.190
Numerical kernel 96... min 3.87715E-46 (of 0)... Time: 0.200
Arnoldi iteration 97... Time: 2.200
Numerical kernel 97... min 4.14162E-47 (of 0)... Time: 0.210
Arnoldi iteration 98... Time: 2.200
Numerical kernel 98... min 5.54046E-48 (of 0)... Time: 0.220
Arnoldi iteration 99... Time: 2.220
Numerical kernel 99... min 8.81252E-50 (of 0)... Time: 0.220
Arnoldi iteration 100... Time: 2.210
Numerical kernel 100... min 1.85980E-50 (of 0)... Time: 0.230
Arnoldi iteration 101... Time: 2.210
Numerical kernel 101... min 3.27012E-51 (of 0)... Time: 0.230
Arnoldi iteration 102... Time: 2.230
Numerical kernel 102... min 6.04336E-53 (of 0)... Time: 0.240
Arnoldi iteration 103... Time: 2.250
Numerical kernel 103... min 2.31866E-53 (of 0)... Time: 0.250
Arnoldi iteration 104... Time: 2.230
Numerical kernel 104... min 1.12991E-54 (of 0)... Time: 0.250
Arnoldi iteration 105... Time: 2.240
Numerical kernel 105... min 1.17493E-55 (of 0)... Time: 0.260
Arnoldi iteration 106... Time: 2.230
Numerical kernel 106... min 1.54098E-56 (of 0)... Time: 0.270
Arnoldi iteration 107... Time: 2.240
Numerical kernel 107... min 2.91540E-58 (of 0)... Time: 0.270
Arnoldi iteration 108... Time: 2.260
Numerical kernel 108... min 9.41916E-60 (of 0)... Time: 0.280
Arnoldi iteration 109... Time: 2.500
Numerical kernel 109... min 2.68344E-60 (of 0)... Time: 0.300
Arnoldi iteration 110... Time: 3.040
Numerical kernel 110... min 3.27512E-62 (of 0)... Time: 0.310
Arnoldi iteration 111... Time: 2.810
Numerical kernel 111... min 2.83650E-63 (of 0)... Time: 0.320
Arnoldi iteration 112... Time: 2.630
Numerical kernel 112... min 4.29085E-64 (of 0)... Time: 0.310
Arnoldi iteration 113... Time: 2.290
Numerical kernel 113... min 6.00183E-65 (of 0)... Time: 0.320
Arnoldi iteration 114... Time: 2.290
Numerical kernel 114... min 2.07262E-66 (of 0)... Time: 0.320
Arnoldi iteration 115... Time: 2.290
Numerical kernel 115... min 2.58771E-68 (of 0)... Time: 0.340
Arnoldi iteration 116... Time: 2.290
Numerical kernel 116... min 2.33905E-69 (of 0)... Time: 0.350
Arnoldi iteration 117... Time: 2.280
Numerical kernel 117... min 5.18821E-70 (of 0)... Time: 0.350
Arnoldi iteration 118... Time: 2.300
Numerical kernel 118... min 2.02059E-71 (of 0)... Time: 0.360
Arnoldi iteration 119... Time: 2.290
Numerical kernel 119... min 1.53729E-72 (of 0)... Time: 0.370
Arnoldi iteration 120... Time: 2.280
Numerical kernel 120... min 2.89563E-74 (of 0)... Time: 0.400
Arnoldi iteration 121... Time: 2.300
Numerical kernel 121... min 1.88388E-75 (of 0)... Time: 0.390
Arnoldi iteration 122... Time: 2.300
Numerical kernel 122... min 6.40516E-77 (of 0)... Time: 0.420
Arnoldi iteration 123... Time: 2.290
Numerical kernel 123... min 5.44140E-78 (of 0)... Time: 0.410
Arnoldi iteration 124... Time: 2.310
Numerical kernel 124... min 3.97082E-80 (of 0)... Time: 0.430
Arnoldi iteration 125... Time: 2.310
Numerical kernel 125... min 8.77544E-81 (of 0)... Time: 0.430
Arnoldi iteration 126... Time: 2.310
Numerical kernel 126... min 3.87230E-82 (of 0)... Time: 0.450
Arnoldi iteration 127... Time: 2.330
Numerical kernel 127... min 2.89732E-83 (of 0)... Time: 0.450
Arnoldi iteration 128... Time: 2.300
Numerical kernel 128... min 1.45803E-84 (of 0)... Time: 0.470
Arnoldi iteration 129... Time: 2.300
Numerical kernel 129... min 7.19321E-86 (of 0)... Time: 0.480
Arnoldi iteration 130... Time: 2.310
Numerical kernel 130... min 1.28421E-87 (of 0)... Time: 0.480
Arnoldi iteration 131... Time: 2.330
Numerical kernel 131... min 6.24664E-89 (of 0)... Time: 0.480
Arnoldi iteration 132... Time: 2.320
Numerical kernel 132... min 5.03718E-91 (of 0)... Time: 0.500
Arnoldi iteration 133... Time: 2.320
Numerical kernel 133... min 1.48813E-92 (of 0)... Time: 0.510
Arnoldi iteration 134... Time: 2.350
Numerical kernel 134... min 7.50395E-94 (of 0)... Time: 0.530
Arnoldi iteration 135... Time: 2.380
Numerical kernel 135... min 2.39639E-95 (of 0)... Time: 0.550
Arnoldi iteration 136... Time: 2.310
Numerical kernel 136... min 9.51926E-97 (of 0)... Time: 0.550
Arnoldi iteration 137... Time: 2.320
Numerical kernel 137... min 7.23174E-98 (of 0)... Time: 0.580
Arnoldi iteration 138... Time: 2.320
Numerical kernel 138... min 3.47959E-99 (of 0)... Time: 0.570
Arnoldi iteration 139... Time: 2.320
Numerical kernel 139... min 6.66487E-101 (of 0)... Time: 0.590
Arnoldi iteration 140... Time: 2.320
Numerical kernel 140... min 2.54904E-102 (of 0)... Time: 0.640
Arnoldi iteration 141... Time: 2.340
Numerical kernel 141... min 2.82152E-104 (of 0)... Time: 0.610
Arnoldi iteration 142... Time: 2.350
Numerical kernel 142... min 1.12282E-105 (of 0)... Time: 0.620
Arnoldi iteration 143... Time: 2.340
Numerical kernel 143... min 1.09068E-107 (of 0)... Time: 0.620
Arnoldi iteration 144... Time: 2.360
Numerical kernel 144... min 3.90353E-109 (of 1)... 
(-0.224051 - 1.79834E-116*$.1 -0.642660 + 0.482358*$.1 -0.226484 + 0.0242413*$.1 0.232641 - 0.321644*$.1 0.0209542 - 0.190053*$.1 0.0193731 - 0.106126*$.1 0.0190540 - 0.0667149*$.1 -0.0358918 + 0.0368521*$.1 -0.0170890 + 0.0320919*$.1 -0.0527092 + 0.100874*$.1 -0.00311769 + 0.00738143*$.1 -0.0359783 + 0.0114097*$.1 0.0160266 + 0.0375600*$.1 -0.00437611 - 0.0132035*$.1 0.0415457 + 0.0744752*$.1 0.0142268 - 0.00402334*$.1 -0.00494172 + 0.0542706*$.1 -0.00824308 - 0.0185106*$.1 -0.00133805 + 0.0461649*$.1 -0.00366714 - 0.00862102*$.1 0.00633027 - 0.00746345*$.1 0.00977096 + 0.00338810*$.1 -0.00229576 - 0.00387197*$.1 -0.0120023 - 0.0119199*$.1 -0.00717681 - 0.00198226*$.1 -0.0105926 + 0.0446838*$.1 -0.0495951 + 0.0161982*$.1 -0.0393322 + 0.0154266*$.1 -0.0232816 + 0.0159192*$.1 -0.0140035 + 0.00860465*$.1 -0.00464463 + 0.00328427*$.1 -0.00219510 + 0.000758955*$.1 -0.000661601 + 0.000335952*$.1 -0.000371018 + 0.000123150*$.1 -5.97896E-5 + 2.20955E-5*$.1 -2.68173E-5 + 7.91687E-6*$.1 -4.94611E-6 + 1.87398E-6*$.1 -2.32915E-6 + 7.68347E-7*$.1 -5.90026E-7 + 1.67308E-7*$.1 -2.10801E-7 + 8.71420E-8*$.1 -6.19626E-8 + 3.00441E-8*$.1 -2.66443E-8 + 1.61253E-8*$.1 -7.55144E-9 + 3.67956E-9*$.1 -2.32618E-9 + 1.58360E-9*$.1 -6.22223E-10 + 2.88650E-10*$.1 -2.13658E-10 + 1.34009E-10*$.1 -9.57699E-11 + 4.72950E-11*$.1 -1.96755E-11 + 1.11289E-11*$.1 -6.40747E-12 + 3.39818E-12*$.1 -1.39798E-12 + 9.11524E-13*$.1 -4.46262E-13 + 2.08712E-13*$.1 -1.22123E-13 + 6.71188E-14*$.1 -3.58023E-14 + 1.58385E-14*$.1 -8.16709E-15 + 4.29390E-15*$.1 -2.45748E-15 + 9.09386E-16*$.1 -7.94864E-16 + 3.05942E-16*$.1 -2.31652E-16 + 9.53032E-17*$.1 -9.69159E-17 + 3.07057E-17*$.1 -1.86117E-17 + 5.62092E-18*$.1 -6.04262E-18 + 1.92832E-18*$.1 -1.73174E-18 + 4.14092E-19*$.1 -3.42028E-19 + 9.66929E-20*$.1 -5.49182E-20 + 1.60459E-20*$.1 -9.89411E-21 + 2.73767E-21*$.1 -3.55110E-21 + 7.46858E-22*$.1 -5.58903E-22 + 7.80850E-23*$.1 -7.53873E-23 + 8.60079E-24*$.1 -1.82377E-23 + 2.50805E-24*$.1 -4.69519E-24 + 4.10429E-25*$.1 -7.81669E-25 + 1.09750E-25*$.1 -1.87803E-25 + 4.02915E-26*$.1 -3.48982E-26 + 6.03259E-27*$.1 -4.61889E-27 + 1.26927E-27*$.1 -9.32133E-28 + 2.71676E-28*$.1 -2.28104E-28 + 5.51494E-29*$.1 -3.88161E-29 + 8.78367E-30*$.1 -6.90439E-30 + 1.82183E-30*$.1 -1.04067E-30 + 2.69749E-31*$.1 -1.21265E-31 + 2.35686E-32*$.1 -2.09964E-32 + 6.76898E-33*$.1 -3.44182E-33 + 7.35361E-34*$.1 -4.30744E-34 + 9.02816E-35*$.1 -5.38555E-35 + 1.53040E-35*$.1 -1.31986E-35 + 2.59880E-36*$.1 -1.83991E-36 + 3.01510E-37*$.1 -1.79393E-37 + 2.88203E-38*$.1 -3.52127E-38 + 6.45754E-39*$.1 -3.04933E-39 + 6.19972E-40*$.1 -5.30143E-40 + 1.17865E-40*$.1 -5.42774E-41 + 1.06190E-41*$.1 -9.10059E-42 + 2.45076E-42*$.1 -1.09000E-42 + 2.72341E-43*$.1 -1.34498E-43 + 3.46634E-44*$.1 -8.79930E-45 + 2.82889E-45*$.1 -1.23320E-45 + 2.73569E-46*$.1 -1.31768E-46 + 3.11136E-47*$.1 -2.31779E-47 + 4.78085E-48*$.1 -2.51942E-48 + 5.81681E-49*$.1 -1.53735E-49 + 3.74215E-50*$.1 -1.30221E-50 + 3.44640E-51*$.1 -1.59207E-51 + 3.97719E-52*$.1 -8.88802E-53 + 2.31670E-53*$.1 -1.18668E-53 + 3.14686E-54*$.1 -7.62555E-55 + 1.59393E-55*$.1 -6.64657E-56 + 1.55588E-56*$.1 -5.57481E-57 + 1.27990E-57*$.1 -2.93325E-58 + 6.40923E-59*$.1 -1.52731E-59 + 3.50034E-60*$.1 -1.12659E-60 + 2.59486E-61*$.1 -6.09951E-62 + 1.34893E-62*$.1 -5.02061E-63 + 1.01314E-63*$.1 -3.56275E-64 + 7.18393E-65*$.1 -2.01115E-65 + 4.30226E-66*$.1 -1.20772E-66 + 2.32327E-67*$.1 -7.66238E-68 + 1.64238E-68*$.1 -3.62077E-69 + 7.11888E-70*$.1 -2.59283E-70 + 5.84449E-71*$.1 -1.94914E-71 + 4.25573E-72*$.1 -9.90524E-73 + 2.34434E-73*$.1 -3.78492E-74 + 9.35214E-75*$.1 -1.77707E-75 + 4.65597E-76*$.1 -8.01923E-77 + 2.00238E-77*$.1 -3.58387E-78 + 9.42151E-79*$.1 -2.00943E-79 + 4.99425E-80*$.1 -8.68792E-81 + 2.26193E-81*$.1 -3.71042E-82 + 8.51437E-83*$.1 -1.76595E-83 + 4.67967E-84*$.1 -9.21871E-85 + 2.26549E-85*$.1 -3.97074E-86 + 9.68661E-87*$.1 -1.04940E-87 + 2.49535E-88*$.1 -3.58059E-89 + 8.10648E-90*$.1 -1.53222E-90 + 3.38645E-91*$.1 -4.53725E-92 + 9.58905E-93*$.1 -1.48000E-93 + 3.27197E-94*$.1 -5.52643E-95 + 1.20705E-95*$.1 -1.43038E-96 + 3.30719E-97*$.1 -5.77693E-98 + 1.28364E-98*$.1 -2.91115E-99 + 7.25390E-100*$.1 -8.10633E-101 + 2.00994E-101*$.1 -3.06604E-102 + 7.66153E-103*$.1 -6.76672E-104 + 1.68788E-104*$.1 -1.23786E-105 + 3.03977E-106*$.1 -2.65732E-107 + 6.19465E-108*$.1)
Time: 0.850
escaped with cutoff 2.72857E-107...
Arnoldi iteration 2... Time: 1.430
Arnoldi iteration 3... Time: 1.950
Arnoldi iteration 4... Time: 1.950
Arnoldi iteration 5... Time: 1.960
Arnoldi iteration 6... Time: 1.960
Arnoldi iteration 7... Time: 1.960
Arnoldi iteration 8... Time: 1.960
Arnoldi iteration 9... Time: 1.960
Arnoldi iteration 10... Time: 1.970
Numerical kernel 10... min 0.00591188 (of 0)... Time: 0.000
Arnoldi iteration 11... Time: 1.970
Numerical kernel 11... min 0.000482448 (of 0)... Time: 0.010
Arnoldi iteration 12... Time: 1.960
Numerical kernel 12... min 0.000645705 (of 0)... Time: 0.000
Arnoldi iteration 13... Time: 1.980
Numerical kernel 13... min 4.36170E-5 (of 0)... Time: 0.010
Arnoldi iteration 14... Time: 1.970
Numerical kernel 14... min 7.51121E-5 (of 0)... Time: 0.010
Arnoldi iteration 15... Time: 1.980
Numerical kernel 15... min 4.96759E-5 (of 0)... Time: 0.000
Arnoldi iteration 16... Time: 2.000
Numerical kernel 16... min 5.18648E-5 (of 0)... Time: 0.010
Arnoldi iteration 17... Time: 1.980
Numerical kernel 17... min 3.04947E-5 (of 0)... Time: 0.000
Arnoldi iteration 18... Time: 2.000
Numerical kernel 18... min 1.05269E-5 (of 0)... Time: 0.010
Arnoldi iteration 19... Time: 2.000
Numerical kernel 19... min 3.40394E-6 (of 0)... Time: 0.000
Arnoldi iteration 20... Time: 2.010
Numerical kernel 20... min 4.34521E-7 (of 0)... Time: 0.010
Arnoldi iteration 21... Time: 2.000
Numerical kernel 21... min 1.38208E-6 (of 0)... Time: 0.000
Arnoldi iteration 22... Time: 2.020
Numerical kernel 22... min 3.50879E-7 (of 0)... Time: 0.000
Arnoldi iteration 23... Time: 2.010
Numerical kernel 23... min 6.14416E-7 (of 0)... Time: 0.010
Arnoldi iteration 24... Time: 2.030
Numerical kernel 24... min 1.36132E-7 (of 0)... Time: 0.010
Arnoldi iteration 25... Time: 2.020
Numerical kernel 25... min 2.04088E-7 (of 0)... Time: 0.010
Arnoldi iteration 26... Time: 2.010
Numerical kernel 26... min 8.43542E-8 (of 0)... Time: 0.010
Arnoldi iteration 27... Time: 2.020
Numerical kernel 27... min 1.69422E-7 (of 0)... Time: 0.010
Arnoldi iteration 28... Time: 2.010
Numerical kernel 28... min 1.61073E-7 (of 0)... Time: 0.010
Arnoldi iteration 29... Time: 2.020
Numerical kernel 29... min 1.70193E-7 (of 0)... Time: 0.020
Arnoldi iteration 30... Time: 2.020
Numerical kernel 30... min 1.99745E-7 (of 0)... Time: 0.020
Arnoldi iteration 31... Time: 2.010
Numerical kernel 31... min 1.72548E-7 (of 0)... Time: 0.010
Arnoldi iteration 32... Time: 2.030
Numerical kernel 32... min 1.32663E-7 (of 0)... Time: 0.010
Arnoldi iteration 33... Time: 2.030
Numerical kernel 33... min 2.30697E-7 (of 0)... Time: 0.010
Arnoldi iteration 34... Time: 2.030
Numerical kernel 34... min 1.32617E-7 (of 0)... Time: 0.020
Arnoldi iteration 35... Time: 2.020
Numerical kernel 35... min 1.57112E-7 (of 0)... Time: 0.010
Arnoldi iteration 36... Time: 2.040
Numerical kernel 36... min 1.54151E-7 (of 0)... Time: 0.020
Arnoldi iteration 37... Time: 2.040
Numerical kernel 37... min 1.76883E-7 (of 0)... Time: 0.020
Arnoldi iteration 38... Time: 2.030
Numerical kernel 38... min 2.14756E-7 (of 0)... Time: 0.020
Arnoldi iteration 39... Time: 2.040
Numerical kernel 39... min 1.37760E-7 (of 0)... Time: 0.020
Arnoldi iteration 40... Time: 2.040
Numerical kernel 40... min 3.64316E-7 (of 0)... Time: 0.020
Arnoldi iteration 41... Time: 2.040
Numerical kernel 41... min 1.49110E-7 (of 0)... Time: 0.020
Arnoldi iteration 42... Time: 2.060
Numerical kernel 42... min 4.45587E-8 (of 0)... Time: 0.020
Arnoldi iteration 43... Time: 2.050
Numerical kernel 43... min 8.42265E-9 (of 0)... Time: 0.020
Arnoldi iteration 44... Time: 2.060
Numerical kernel 44... min 4.87462E-9 (of 0)... Time: 0.030
Arnoldi iteration 45... Time: 2.060
Numerical kernel 45... min 2.30236E-9 (of 0)... Time: 0.030
Arnoldi iteration 46... Time: 2.070
Numerical kernel 46... min 5.13461E-10 (of 0)... Time: 0.030
Arnoldi iteration 47... Time: 2.070
Numerical kernel 47... min 6.39288E-11 (of 0)... Time: 0.030
Arnoldi iteration 48... Time: 2.070
Numerical kernel 48... min 1.77273E-11 (of 0)... Time: 0.030
Arnoldi iteration 49... Time: 2.080
Numerical kernel 49... min 2.52532E-12 (of 0)... Time: 0.030
Arnoldi iteration 50... Time: 2.070
Numerical kernel 50... min 2.78653E-12 (of 0)... Time: 0.040
Arnoldi iteration 51... Time: 2.080
Numerical kernel 51... min 3.00559E-13 (of 0)... Time: 0.040
Arnoldi iteration 52... Time: 2.070
Numerical kernel 52... min 3.26085E-13 (of 0)... Time: 0.050
Arnoldi iteration 53... Time: 2.090
Numerical kernel 53... min 1.02411E-13 (of 0)... Time: 0.040
Arnoldi iteration 54... Time: 2.100
Numerical kernel 54... min 9.64616E-15 (of 0)... Time: 0.040
Arnoldi iteration 55... Time: 2.090
Numerical kernel 55... min 5.93121E-15 (of 0)... Time: 0.050
Arnoldi iteration 56... Time: 2.110
Numerical kernel 56... min 8.82679E-16 (of 0)... Time: 0.040
Arnoldi iteration 57... Time: 2.110
Numerical kernel 57... min 1.37599E-16 (of 0)... Time: 0.060
Arnoldi iteration 58... Time: 2.110
Numerical kernel 58... min 1.19083E-16 (of 0)... Time: 0.050
Arnoldi iteration 59... Time: 2.120
Numerical kernel 59... min 9.59944E-18 (of 0)... Time: 0.060
Arnoldi iteration 60... Time: 2.120
Numerical kernel 60... min 5.51985E-18 (of 0)... Time: 0.060
Arnoldi iteration 61... Time: 2.130
Numerical kernel 61... min 3.51816E-18 (of 0)... Time: 0.060
Arnoldi iteration 62... Time: 2.120
Numerical kernel 62... min 6.73958E-19 (of 0)... Time: 0.070
Arnoldi iteration 63... Time: 2.130
Numerical kernel 63... min 1.18364E-19 (of 0)... Time: 0.060
Arnoldi iteration 64... Time: 2.140
Numerical kernel 64... min 1.74683E-20 (of 0)... Time: 0.070
Arnoldi iteration 65... Time: 2.140
Numerical kernel 65... min 4.62704E-21 (of 0)... Time: 0.070
Arnoldi iteration 66... Time: 2.130
Numerical kernel 66... min 4.73059E-22 (of 0)... Time: 0.080
Arnoldi iteration 67... Time: 2.150
Numerical kernel 67... min 2.77087E-22 (of 0)... Time: 0.080
Arnoldi iteration 68... Time: 2.150
Numerical kernel 68... min 3.33262E-23 (of 0)... Time: 0.080
Arnoldi iteration 69... Time: 2.160
Numerical kernel 69... min 3.50213E-24 (of 0)... Time: 0.080
Arnoldi iteration 70... Time: 2.160
Numerical kernel 70... min 2.63443E-24 (of 0)... Time: 0.090
Arnoldi iteration 71... Time: 2.180
Numerical kernel 71... min 6.93598E-26 (of 0)... Time: 0.090
Arnoldi iteration 72... Time: 2.160
Numerical kernel 72... min 1.55988E-26 (of 0)... Time: 0.090
Arnoldi iteration 73... Time: 2.170
Numerical kernel 73... min 1.28558E-26 (of 0)... Time: 0.100
Arnoldi iteration 74... Time: 2.150
Numerical kernel 74... min 2.39408E-27 (of 0)... Time: 0.100
Arnoldi iteration 75... Time: 2.160
Numerical kernel 75... min 4.00791E-28 (of 0)... Time: 0.110
Arnoldi iteration 76... Time: 2.170
Numerical kernel 76... min 7.50666E-29 (of 0)... Time: 0.110
Arnoldi iteration 77... Time: 2.160
Numerical kernel 77... min 9.90249E-30 (of 0)... Time: 0.110
Arnoldi iteration 78... Time: 2.160
Numerical kernel 78... min 9.68759E-31 (of 0)... Time: 0.120
Arnoldi iteration 79... Time: 2.170
Numerical kernel 79... min 1.92978E-31 (of 0)... Time: 0.120
Arnoldi iteration 80... Time: 2.160
Numerical kernel 80... min 6.06267E-32 (of 0)... Time: 0.120
Arnoldi iteration 81... Time: 2.200
Numerical kernel 81... min 3.47509E-33 (of 0)... Time: 0.130
Arnoldi iteration 82... Time: 2.200
Numerical kernel 82... min 1.64562E-33 (of 0)... Time: 0.130
Arnoldi iteration 83... Time: 2.180
Numerical kernel 83... min 2.95987E-34 (of 0)... Time: 0.140
Arnoldi iteration 84... Time: 2.180
Numerical kernel 84... min 1.90399E-35 (of 0)... Time: 0.140
Arnoldi iteration 85... Time: 2.170
Numerical kernel 85... min 4.89945E-36 (of 0)... Time: 0.150
Arnoldi iteration 86... Time: 2.180
Numerical kernel 86... min 8.83882E-37 (of 0)... Time: 0.150
Arnoldi iteration 87... Time: 2.190
Numerical kernel 87... min 2.58509E-37 (of 0)... Time: 0.160
Arnoldi iteration 88... Time: 2.190
Numerical kernel 88... min 1.33130E-38 (of 0)... Time: 0.160
Arnoldi iteration 89... Time: 2.230
Numerical kernel 89... min 9.82012E-40 (of 0)... Time: 0.170
Arnoldi iteration 90... Time: 2.200
Numerical kernel 90... min 2.95425E-40 (of 0)... Time: 0.160
Arnoldi iteration 91... Time: 2.210
Numerical kernel 91... min 2.55133E-41 (of 0)... Time: 0.180
Arnoldi iteration 92... Time: 2.200
Numerical kernel 92... min 8.75238E-43 (of 0)... Time: 0.180
Arnoldi iteration 93... Time: 2.210
Numerical kernel 93... min 1.59297E-43 (of 0)... Time: 0.180
Arnoldi iteration 94... Time: 2.210
Numerical kernel 94... min 2.56954E-44 (of 0)... Time: 0.190
Arnoldi iteration 95... Time: 2.220
Numerical kernel 95... min 3.37701E-45 (of 0)... Time: 0.190
Arnoldi iteration 96... Time: 2.220
Numerical kernel 96... min 7.57962E-47 (of 0)... Time: 0.200
Arnoldi iteration 97... Time: 2.220
Numerical kernel 97... min 1.53964E-47 (of 0)... Time: 0.210
Arnoldi iteration 98... Time: 2.230
Numerical kernel 98... min 1.48902E-48 (of 0)... Time: 0.210
Arnoldi iteration 99... Time: 2.220
Numerical kernel 99... min 2.62577E-49 (of 0)... Time: 0.230
Arnoldi iteration 100... Time: 2.230
Numerical kernel 100... min 8.03622E-51 (of 0)... Time: 0.230
Arnoldi iteration 101... Time: 2.230
Numerical kernel 101... min 1.14009E-51 (of 0)... Time: 0.240
Arnoldi iteration 102... Time: 2.250
Numerical kernel 102... min 1.00811E-52 (of 0)... Time: 0.250
Arnoldi iteration 103... Time: 2.280
Numerical kernel 103... min 4.07863E-55 (of 0)... Time: 0.250
Arnoldi iteration 104... Time: 2.250
Numerical kernel 104... min 1.02337E-54 (of 0)... Time: 0.260
Arnoldi iteration 105... Time: 2.260
Numerical kernel 105... min 3.30297E-56 (of 0)... Time: 0.260
Arnoldi iteration 106... Time: 2.260
Numerical kernel 106... min 2.97201E-57 (of 0)... Time: 0.280
Arnoldi iteration 107... Time: 2.260
Numerical kernel 107... min 5.23410E-58 (of 0)... Time: 0.280
Arnoldi iteration 108... Time: 2.270
Numerical kernel 108... min 7.69190E-59 (of 0)... Time: 0.290
Arnoldi iteration 109... Time: 2.260
Numerical kernel 109... min 5.70498E-61 (of 0)... Time: 0.300
Arnoldi iteration 110... Time: 2.270
Numerical kernel 110... min 1.03493E-61 (of 0)... Time: 0.300
Arnoldi iteration 111... Time: 2.270
Numerical kernel 111... min 1.46852E-63 (of 0)... Time: 0.310
Arnoldi iteration 112... Time: 2.280
Numerical kernel 112... min 2.38857E-64 (of 0)... Time: 0.320
Arnoldi iteration 113... Time: 2.270
Numerical kernel 113... min 3.69754E-65 (of 0)... Time: 0.320
Arnoldi iteration 114... Time: 2.270
Numerical kernel 114... min 9.47057E-67 (of 0)... Time: 0.340
Arnoldi iteration 115... Time: 2.270
Numerical kernel 115... min 2.65372E-67 (of 0)... Time: 0.340
Arnoldi iteration 116... Time: 2.280
Numerical kernel 116... min 6.86179E-69 (of 0)... Time: 0.350
Arnoldi iteration 117... Time: 2.280
Numerical kernel 117... min 2.99335E-70 (of 0)... Time: 0.350
Arnoldi iteration 118... Time: 2.270
Numerical kernel 118... min 3.82896E-71 (of 0)... Time: 0.370
Arnoldi iteration 119... Time: 2.280
Numerical kernel 119... min 6.93764E-73 (of 0)... Time: 0.370
Arnoldi iteration 120... Time: 2.300
Numerical kernel 120... min 3.29075E-74 (of 0)... Time: 0.380
Arnoldi iteration 121... Time: 2.300
Numerical kernel 121... min 1.14197E-75 (of 0)... Time: 0.400
Arnoldi iteration 122... Time: 2.290
Numerical kernel 122... min 2.31951E-77 (of 0)... Time: 0.400
Arnoldi iteration 123... Time: 2.290
Numerical kernel 123... min 4.82917E-78 (of 0)... Time: 0.410
Arnoldi iteration 124... Time: 2.290
Numerical kernel 124... min 4.23688E-79 (of 0)... Time: 0.430
Arnoldi iteration 125... Time: 2.300
Numerical kernel 125... min 1.87715E-80 (of 0)... Time: 0.430
Arnoldi iteration 126... Time: 2.370
Numerical kernel 126... min 6.07864E-82 (of 0)... Time: 0.470
Arnoldi iteration 127... Time: 2.410
Numerical kernel 127... min 2.31460E-83 (of 0)... Time: 0.450
Arnoldi iteration 128... Time: 2.310
Numerical kernel 128... min 1.78938E-84 (of 0)... Time: 0.460
Arnoldi iteration 129... Time: 2.320
Numerical kernel 129... min 9.19827E-86 (of 0)... Time: 0.470
Arnoldi iteration 130... Time: 2.330
Numerical kernel 130... min 1.91611E-87 (of 0)... Time: 0.480
Arnoldi iteration 131... Time: 2.320
Numerical kernel 131... min 1.19222E-88 (of 0)... Time: 0.480
Arnoldi iteration 132... Time: 2.330
Numerical kernel 132... min 9.37612E-91 (of 0)... Time: 0.490
Arnoldi iteration 133... Time: 2.360
Numerical kernel 133... min 6.43841E-92 (of 0)... Time: 0.510
Arnoldi iteration 134... Time: 2.350
Numerical kernel 134... min 2.71164E-93 (of 0)... Time: 0.520
Arnoldi iteration 135... Time: 2.340
Numerical kernel 135... min 5.58731E-95 (of 0)... Time: 0.540
Arnoldi iteration 136... Time: 2.320
Numerical kernel 136... min 2.71481E-96 (of 0)... Time: 0.530
Arnoldi iteration 137... Time: 2.270
Numerical kernel 137... min 9.31282E-98 (of 0)... Time: 0.530
Arnoldi iteration 138... Time: 2.290
Numerical kernel 138... min 1.24062E-99 (of 0)... Time: 0.540
Arnoldi iteration 139... Time: 2.290
Numerical kernel 139... min 2.87168E-101 (of 0)... Time: 0.560
Arnoldi iteration 140... Time: 2.310
Numerical kernel 140... min 1.86675E-102 (of 0)... Time: 0.560
Arnoldi iteration 141... Time: 2.310
Numerical kernel 141... min 3.95224E-104 (of 0)... Time: 0.570
Arnoldi iteration 142... Time: 2.320
Numerical kernel 142... min 6.74962E-106 (of 0)... Time: 0.600
Arnoldi iteration 143... Time: 2.280
Numerical kernel 143... min 8.70683E-107 (of 0)... Time: 0.600
Arnoldi iteration 144... Time: 2.280
Numerical kernel 144... min 6.49448E-109 (of 1)... 
(-0.223988 - 1.45043E-116*$.1 -0.641839 + 0.483881*$.1 -0.435848 + 0.197607*$.1 -0.157059 + 0.0711685*$.1 -0.0632514 - 0.00433545*$.1 -0.0184840 + 0.0996728*$.1 -0.0582347 + 0.00219093*$.1 0.0486937 + 0.0549636*$.1 0.0304539 + 0.00509666*$.1 0.0174423 + 0.0489277*$.1 -0.00128083 - 0.0252905*$.1 -0.0404005 - 0.0237187*$.1 0.00220022 + 0.0370792*$.1 -0.0114498 + 0.00441090*$.1 0.0139917 + 0.0378081*$.1 -0.0139046 - 0.00206912*$.1 0.0405468 + 0.0250315*$.1 0.0293685 - 0.0161652*$.1 -0.0337692 - 0.000893165*$.1 0.00139862 - 0.00454419*$.1 0.00416760 - 0.0205669*$.1 0.0134795 - 0.0104071*$.1 -0.00814484 - 0.00980999*$.1 -0.0268036 + 0.00404703*$.1 -0.0279844 + 0.000251639*$.1 -0.0269527 + 0.00116907*$.1 -0.0433751 - 0.00733258*$.1 -0.0397632 - 0.00217280*$.1 -0.0266344 + 0.000193607*$.1 -0.0106208 + 0.00199851*$.1 -0.00360483 + 0.00113861*$.1 -0.00151337 + 0.000567119*$.1 -0.000358075 + 5.55801E-5*$.1 -0.000131406 + 6.26585E-5*$.1 -3.56605E-5 + 6.32204E-6*$.1 -1.48589E-5 + 7.72074E-6*$.1 -6.81294E-6 + 1.49519E-6*$.1 -1.51762E-6 + 4.90371E-7*$.1 -4.62423E-7 + 5.19577E-8*$.1 -2.47151E-7 + 1.11424E-7*$.1 -6.49876E-8 + 2.49508E-8*$.1 -3.66246E-8 + 1.28901E-8*$.1 -8.15538E-9 + 2.38892E-9*$.1 -3.25209E-9 + 1.03943E-9*$.1 -7.65724E-10 + 2.70612E-10*$.1 -2.27018E-10 + 8.86267E-11*$.1 -4.22921E-11 + 1.15726E-11*$.1 -1.10182E-11 + 4.04560E-12*$.1 -3.02054E-12 + 4.62463E-13*$.1 -1.15472E-12 + 5.19951E-13*$.1 -4.15435E-13 + 9.04451E-14*$.1 -1.05576E-13 + 2.40313E-14*$.1 -2.91718E-14 + 3.93599E-15*$.1 -5.50160E-15 + 2.03459E-15*$.1 -2.22824E-15 + 3.43857E-16*$.1 -3.36558E-16 + 7.40531E-17*$.1 -1.54168E-16 + 3.62551E-17*$.1 -2.93521E-17 + 6.84034E-18*$.1 -1.44132E-17 + 3.13066E-18*$.1 -2.49431E-18 + 6.09877E-19*$.1 -9.24434E-19 + 1.58695E-19*$.1 -2.11585E-19 + 3.96211E-20*$.1 -3.67621E-20 + 7.17602E-21*$.1 -1.01663E-20 + 2.91918E-21*$.1 -2.17176E-21 + 6.05562E-22*$.1 -4.07761E-22 + 8.85370E-23*$.1 -9.61193E-23 + 1.99539E-23*$.1 -1.34843E-23 + 2.88893E-24*$.1 -3.15270E-24 + 5.66150E-25*$.1 -5.89748E-25 + 6.98340E-26*$.1 -1.04918E-25 + 3.06585E-26*$.1 -2.88644E-26 + 1.45916E-27*$.1 -5.18309E-27 + 4.85596E-28*$.1 -1.09496E-27 + 2.57252E-28*$.1 -2.53119E-28 + 1.71411E-29*$.1 -2.69551E-29 + 3.36887E-30*$.1 -7.02144E-30 + 5.41045E-31*$.1 -7.95254E-31 + 9.47391E-32*$.1 -1.39147E-31 + 1.42043E-32*$.1 -1.77572E-32 + 1.68466E-33*$.1 -3.52068E-33 + 1.55315E-34*$.1 -5.82956E-34 + 3.03363E-35*$.1 -8.04758E-35 + 9.03878E-36*$.1 -1.28060E-35 + 1.03047E-36*$.1 -1.97587E-36 + 1.17580E-37*$.1 -2.54468E-37 + 3.92704E-39*$.1 -4.58291E-38 + 3.78962E-39*$.1 -5.64821E-39 + 4.59213E-40*$.1 -6.83954E-40 + 6.34098E-41*$.1 -7.55282E-41 + 7.85705E-42*$.1 -6.28814E-42 + 4.69413E-43*$.1 -7.51449E-43 + 6.75391E-44*$.1 -8.36598E-44 + 6.02171E-45*$.1 -9.15739E-45 + 9.06666E-46*$.1 -7.46554E-46 + 6.93405E-47*$.1 -8.25298E-47 + 1.71497E-47*$.1 -1.15176E-47 + 1.58992E-48*$.1 -7.09781E-49 + 8.94290E-50*$.1 -1.03775E-49 + 1.41947E-50*$.1 -6.33049E-51 + 9.19164E-52*$.1 -7.25697E-52 + 8.26428E-53*$.1 -6.10764E-53 + 9.89494E-54*$.1 -6.22099E-54 + 8.95513E-55*$.1 -4.43968E-55 + 5.91890E-56*$.1 -3.26284E-56 + 4.15581E-57*$.1 -3.13455E-57 + 2.43636E-58*$.1 -3.01448E-58 + 3.28675E-59*$.1 -2.14214E-59 + 2.60879E-60*$.1 -9.02519E-61 + 1.11386E-61*$.1 -5.09878E-62 + 6.68643E-63*$.1 -3.54380E-63 + 4.41321E-64*$.1 -2.76383E-64 + 3.73719E-65*$.1 -1.96432E-65 + 2.70648E-66*$.1 -1.50720E-66 + 1.70482E-67*$.1 -1.04210E-67 + 1.03325E-68*$.1 -6.37432E-69 + 8.18660E-70*$.1 -5.00368E-70 + 5.20854E-71*$.1 -2.57278E-71 + 2.84068E-72*$.1 -1.75542E-72 + 2.20117E-73*$.1 -7.77340E-74 + 1.02189E-74*$.1 -4.37436E-75 + 6.26818E-76*$.1 -1.50301E-76 + 2.49792E-77*$.1 -9.11796E-78 + 1.50099E-78*$.1 -3.31451E-79 + 5.86155E-80*$.1 -1.06447E-80 + 2.29995E-81*$.1 -7.02502E-82 + 1.46920E-82*$.1 -2.81687E-83 + 5.81802E-84*$.1 -1.04630E-84 + 2.16479E-85*$.1 -5.38626E-86 + 9.72952E-87*$.1 -1.63260E-87 + 2.86426E-88*$.1 -5.72769E-89 + 8.96341E-90*$.1 -2.61883E-90 + 3.84222E-91*$.1 -7.88618E-92 + 1.24341E-92*$.1 -2.12839E-93 + 3.50246E-94*$.1 -7.69112E-95 + 1.40405E-95*$.1 -2.93934E-96 + 5.25238E-97*$.1 -1.00868E-97 + 1.83241E-98*$.1 -2.43169E-99 + 4.65036E-100*$.1 -5.40297E-101 + 1.07265E-101*$.1 -1.90349E-102 + 3.73062E-103*$.1 -4.78734E-104 + 8.96716E-105*$.1 -1.77299E-105 + 3.24890E-106*$.1 -3.98630E-107 + 7.05646E-108*$.1)
Time: 0.850
escaped with cutoff 4.04827E-107...
Echelonize: 
[243496564371149.3755548699823913922438898037757381904885325056396256701618138736937872328689009490100794254384509858 + 15146270882281.69013710578723530028719839637659372190604185513472784515722138339619001289832902699379229559251025483*I -243489639246320.0961037966229019297331415055709017081470721439307434986906968531015951354158571009633902671904016217 - 15835699773710.80210819229206280420026562704360235815783937096431942640851569836420676489693003277006905757917905616*I]
[24347755079692.62665835068142810039605516308193801134079006503438263169095835492706470913934568918185870536775052459 - 17095777410332.37626182760291858251866740551556163681073513223068655283911023445555996966323878481393037066982385740*I -24399581287988.43970185912254198233493538833135750533954382981461789530247584103214176997929745154015329838303371826 + 17029581486039.69092133857816759692931483760175973751539130185048550426731863861910552365011361576603245792796531294*I]
cgh = 1.00000, chg = -8.44060 - 7.04353*$.1
1 1 4 0.000000
1 2 0 -5.09226E-116
1 3 2 1.15107E-112 + 1.34820E-112*$.1
1 4 4 0.000000
1 5 0 -1.76599E-115
1 6 4 0.000000
1 7 0 -3.53197E-116 + 7.06395E-116*$.1
1 8 0 1.01845E-115 - 2.03690E-115*$.1
1 9 0 -7.06395E-116 + 1.41279E-115*$.1
1 10 2 -4.83763E-115 - 6.11070E-115*$.1
1 11 0 -5.09226E-116
1 12 4 0.000000
1 13 0 -5.34686E-115 - 2.03690E-115*$.1
1 14 2 3.26950E-113 - 3.47344E-113*$.1
1 15 0 -1.59039E-112 - 4.95752E-114*$.1
1 16 0 -1.63332E-112 - 7.08217E-115*$.1
1 17 0 3.53197E-116 - 7.06395E-116*$.1
2 1 0 0.643594 - 4.97458E-231*$.1
2 1 1 0.643594 - 4.97458E-231*$.1
2 1 2 0.643594 - 4.97458E-231*$.1
2 2 0 0.176208 - 0.619002*$.1
2 2 1 0.176208 - 0.619002*$.1
2 2 2 0.176208 - 0.619002*$.1
2 3 0 -0.266585 - 0.585787*$.1
2 4 0 0.619002 - 0.176208*$.1
2 5 0 0.266585 + 0.585787*$.1
2 6 0 -0.643594 - 6.88496E-116*$.1
2 7 0 1.49529E-116 + 0.643594*$.1
2 8 0 -0.643594 - 1.05031E-115*$.1
2 9 0 -0.266585 - 0.585787*$.1
2 10 0 0.619002 - 0.176208*$.1
2 11 0 -0.619002 - 0.176208*$.1
2 12 0 -1.33608E-116 + 0.643594*$.1
2 13 0 0.266585 + 0.585787*$.1
2 14 0 -0.619002 - 0.176208*$.1
2 15 0 -0.585787 + 0.266585*$.1
2 16 0 0.205251 + 0.609988*$.1
2 16 1 0.205251 + 0.609988*$.1
2 16 2 0.205251 + 0.609988*$.1
2 17 0 -0.266585 - 0.585787*$.1
3 1 0 -0.455090 - 0.455090*$.1
3 2 0 -0.455090 + 0.455090*$.1
3 3 0 0.593869 - 0.248059*$.1
3 4 0 0.455090 + 0.455090*$.1
3 5 0 -0.313103 - 0.562299*$.1
3 6 0 0.313103 - 0.562299*$.1
3 7 0 -0.225709 + 0.602718*$.1
3 8 0 0.602718 + 0.225709*$.1
3 9 0 0.313103 + 0.562299*$.1
3 10 0 0.455090 + 0.455090*$.1
3 11 0 0.630859 + 0.127397*$.1
3 12 0 -0.313103 - 0.562299*$.1
3 13 0 -0.562299 + 0.313103*$.1
3 13 1 -0.562299 + 0.313103*$.1
3 13 2 -0.562299 + 0.313103*$.1
3 14 0 -0.225709 + 0.602718*$.1
3 15 0 -0.286192 + 0.576461*$.1
3 16 0 -0.602718 - 0.225709*$.1
3 17 0 -0.602718 - 0.225709*$.1
1 1 [ 0.0000000000000000000000000000000000000000000000000000000000000000000000000000000000000000000000000000000000000000000, -0.2499857781149223737767558218960489761548517585595592458072826260405334145834793063517771976414260408381361264150580 + 0.2491265926563966448832988965797166930814288016470650344523837985641931454167683792182962973906713271249939806484062*I, -0.2597869418645951714860379932041267486099156389513316332830136614746707023268668497029849086850977937309213249935063 + 0.2440413471678913447321854618912580772821597862267546485343217590350542744646645020172524185672503679380738389367460*I ]
1 2 [ -0.2595368484642360291122947972277141881693733364928203918255230231189304230196913740124574704864837784101426222093017 + 0.2453432671039627246613486481082936184091674559910817417166479259572557695156449240443057025806691574237473571434226*I ]
1 3 [ -0.2594897303963320457582820709480591364416088411855195400194637919343324873403811142280356394458450486992050730659148 + 0.2453365764628454516709850563621250210764443939476777079162892856029783561293694698545243354715343643956152463095257*I, 0.1318723303567306373371805105882843482986910316155543194646146458444427895464555635614938108341476880312037023745622 - 0.4743097167671645806155435770506858977532070936358583851545051032031252526546747308290439935256625021807957211040461*I, -0.2558294767718337844362608925358531388532369921572499859427575839192624386700469527430549761665832827971008558847708 + 0.2468949884783601413365305339834561122025873882462386049374688502709785181786541534908689360605094907352530272347476*I ]
2 1 [ -0.2594886157559457675179521850210629919704159800468081084802551040307547639891049334584647548974847410638060879481972 + 0.2454195939080370475824350997887462435607966723820496465059876736685602565146234044927046320217187897355971556180130*I, -0.2541267991792109414808952880267786101113853075367474471152355862678117202269264320220989104997696570866323653553813 + 0.2459898759424666200334596405151069117729229502665823958000598109435499557192063117781795331516343428452614363368785*I, -0.2890595017066668705175273343623905515498600350746056597838563466877292361059047822071990450397842214616016595095034 + 0.2789977090286632834268718844456518791197891257079192460002904256492890793761288059219867855737599317417867279158833*I ]
2 2 [ 0.09535387751476588858781400677069356242848818352111826906458189129074146638748562047124240104218377601215535174999620 - 0.4242408211688358262400678276520234031860867006451218108567478518882203315379024412532170724615361322847772508898156*I ]
2 3 [ 0.3597421074801135936813721679368202744443206789930471650922776809288838495756627412290796670385496224998918488580627 - 0.06635271789246948894659250781954111358466378758124142898515638762565209271803761176281689204336993185522876614702682*I, -0.2457220832832627780030988510821205119313042105710579553612697999948139676648182386273574059602734055545596732939522 + 0.2466957134682876643774588889445608605048336449265237016269300151083436220988719919804853542729277587080276288640961*I, -0.2595359492969745926534948951533285577532576418716398906379205848742738353315668912889436582664282362624993808114609 + 0.2453377299601255828867940746399757570940053510115161278575109440673026556018953459165067230723386138921883224324065*I ]
3 1 [ 0.4401255836049368812403897921981120266279035073218818087777666450552785429250250894272233525601941155007708263450772 - 0.6503468716558158894836340249494073655829954186271536565499498307245155306506197935676608248407625751612114326304295*I, -0.2426398568080923828688258012029292696661262683201889903995307953764272108122249385748332688021977740590293381339016 + 0.2375643624956252550048398965726531145429689472305606222037470862166422518971086625041686572541816616828467670434749*I, -0.2595274690126191203080849609405910602012312048464419433432985335570353364085513263390279916865311093039977090761325 + 0.2453180558220474667156309318068157297553015886614544515860616761445027664768183875230610459625373470839262959659778*I, -0.2577605657567447311835249013469791429581679704119278731938157866503605062238588766302867408223613867138727265376732 + 0.2477203201288678110159742532007505883408179138088582247666686125918884751558182351574562854970754305710057462485128*I ]
3 2 [ -0.2522874294782557511895253326100981078825405142498497672117999750302053606696584604788569704390029824265515537876136 + 0.2471831686689825599333827741219480536485462723733024277214374530346938593309874643836273211381441346560087225109260*I ]
deg(phi_0) = deg(phi_1) = deg(phi_oo)

7.422567252475135161584660557738995551487096214810154723614335106752251461381696223388412045134362460446847943040580E-86 14
Calling TrianglePhiGenusZeroEquations with RamInfinity := []
Defining ideal: Ideal of Polynomial ring of rank 19 over Rational Field
Order: Lexicographical
Variables: a[1], a[2], a[3], a[4], a[5], a[6], a[7], a[8], a[9], a[10], a[11], a[12], a[13], a[14], a[15], a[16], a[17], a[18], a[19]
Basis:
[
-a[1]*a[3]*a[4]*a[14] - 4*a[1]*a[3]*a[4]*a[15]*a[18] + a[1]*a[3]*a[5]*a[14]*a[18] + 2*a[1]*a[4]*a[14]*a[18] + 4*a[2]*a[3]*a[4]*a[14]*a[18],
a[4] - a[5],
-a[7]^4*a[10]^2*a[11]*a[19] + a[7]^4*a[10]^2*a[11] - a[14]^4*a[18],
-a[7]^4*a[10]^2*a[12]*a[19] + a[7]^4*a[10]^2*a[12] - 2*a[7]^4*a[10]*a[11]*a[19] + 2*a[7]^4*a[10]*a[11] - 4*a[7]^3*a[8]*a[10]^2*a[11]*a[19] + 4*a[7]^3*a[8]*a[10]^2*a[11] - a[14]^4 - 4*a[14]^3*a[15]*a[18],
-a[7]^4*a[10]^2*a[13]*a[19] + a[7]^4*a[10]^2*a[13] - 2*a[7]^4*a[10]*a[12]*a[19] + 2*a[7]^4*a[10]*a[12] - a[7]^4*a[11]*a[19] + a[7]^4*a[11] - 4*a[7]^3*a[8]*a[10]^2*a[12]*a[19] + 4*a[7]^3*a[8]*a[10]^2*a[12] - 8*a[7]^3*a[8]*a[10]*a[11]*a[19] + 8*a[7]^3*a[8]*a[10]*a[11] - 4*a[7]^3*a[9]*a[10]^2*a[11]*a[19] + 4*a[7]^3*a[9]*a[10]^2*a[11] - 6*a[7]^2*a[8]^2*a[10]^2*a[11]*a[19] + 6*a[7]^2*a[8]^2*a[10]^2*a[11] - 4*a[14]^3*a[15] - 4*a[14]^3*a[16]*a[18] - 6*a[14]^2*a[15]^2*a[18],
-a[7]^4*a[10]^2*a[19] + a[7]^4*a[10]^2 - 2*a[7]^4*a[10]*a[13]*a[19] + 2*a[7]^4*a[10]*a[13] - a[7]^4*a[12]*a[19] + a[7]^4*a[12] - 4*a[7]^3*a[8]*a[10]^2*a[13]*a[19] + 4*a[7]^3*a[8]*a[10]^2*a[13] - 8*a[7]^3*a[8]*a[10]*a[12]*a[19] + 8*a[7]^3*a[8]*a[10]*a[12] - 4*a[7]^3*a[8]*a[11]*a[19] + 4*a[7]^3*a[8]*a[11] - 4*a[7]^3*a[9]*a[10]^2*a[12]*a[19] + 4*a[7]^3*a[9]*a[10]^2*a[12] - 8*a[7]^3*a[9]*a[10]*a[11]*a[19] + 8*a[7]^3*a[9]*a[10]*a[11] - 4*a[7]^3*a[10]^2*a[11]*a[19] + 4*a[7]^3*a[10]^2*a[11] - 6*a[7]^2*a[8]^2*a[10]^2*a[12]*a[19] + 6*a[7]^2*a[8]^2*a[10]^2*a[12] - 12*a[7]^2*a[8]^2*a[10]*a[11]*a[19] + 12*a[7]^2*a[8]^2*a[10]*a[11] - 12*a[7]^2*a[8]*a[9]*a[10]^2*a[11]*a[19] + 12*a[7]^2*a[8]*a[9]*a[10]^2*a[11] - 4*a[7]*a[8]^3*a[10]^2*a[11]*a[19] + 4*a[7]*a[8]^3*a[10]^2*a[11] - 4*a[14]^3*a[16] - 4*a[14]^3*a[17]*a[18] - 6*a[14]^2*a[15]^2 - 12*a[14]^2*a[15]*a[16]*a[18] - 4*a[14]*a[15]^3*a[18],
a[1]^4*a[3]^2*a[4]*a[19] - 2*a[7]^4*a[10]*a[19] + 2*a[7]^4*a[10] - a[7]^4*a[13]*a[19] + a[7]^4*a[13] - 4*a[7]^3*a[8]*a[10]^2*a[19] + 4*a[7]^3*a[8]*a[10]^2 - 8*a[7]^3*a[8]*a[10]*a[13]*a[19] + 8*a[7]^3*a[8]*a[10]*a[13] - 4*a[7]^3*a[8]*a[12]*a[19] + 4*a[7]^3*a[8]*a[12] - 4*a[7]^3*a[9]*a[10]^2*a[13]*a[19] + 4*a[7]^3*a[9]*a[10]^2*a[13] - 8*a[7]^3*a[9]*a[10]*a[12]*a[19] + 8*a[7]^3*a[9]*a[10]*a[12] - 4*a[7]^3*a[9]*a[11]*a[19] + 4*a[7]^3*a[9]*a[11] - 4*a[7]^3*a[10]^2*a[12]*a[19] + 4*a[7]^3*a[10]^2*a[12] - 8*a[7]^3*a[10]*a[11]*a[19] + 8*a[7]^3*a[10]*a[11] - 6*a[7]^2*a[8]^2*a[10]^2*a[13]*a[19] + 6*a[7]^2*a[8]^2*a[10]^2*a[13] - 12*a[7]^2*a[8]^2*a[10]*a[12]*a[19] + 12*a[7]^2*a[8]^2*a[10]*a[12] - 6*a[7]^2*a[8]^2*a[11]*a[19] + 6*a[7]^2*a[8]^2*a[11] - 12*a[7]^2*a[8]*a[9]*a[10]^2*a[12]*a[19] + 12*a[7]^2*a[8]*a[9]*a[10]^2*a[12] - 24*a[7]^2*a[8]*a[9]*a[10]*a[11]*a[19] + 24*a[7]^2*a[8]*a[9]*a[10]*a[11] - 12*a[7]^2*a[8]*a[10]^2*a[11]*a[19] + 12*a[7]^2*a[8]*a[10]^2*a[11] - 6*a[7]^2*a[9]^2*a[10]^2*a[11]*a[19] + 6*a[7]^2*a[9]^2*a[10]^2*a[11] - 4*a[7]*a[8]^3*a[10]^2*a[12]*a[19] + 4*a[7]*a[8]^3*a[10]^2*a[12] - 8*a[7]*a[8]^3*a[10]*a[11]*a[19] + 8*a[7]*a[8]^3*a[10]*a[11] - 12*a[7]*a[8]^2*a[9]*a[10]^2*a[11]*a[19] + 12*a[7]*a[8]^2*a[9]*a[10]^2*a[11] - a[8]^4*a[10]^2*a[11]*a[19] + a[8]^4*a[10]^2*a[11] - 4*a[14]^3*a[17] - 4*a[14]^3*a[18] - 12*a[14]^2*a[15]*a[16] - 12*a[14]^2*a[15]*a[17]*a[18] - 6*a[14]^2*a[16]^2*a[18] - 4*a[14]*a[15]^3 - 12*a[14]*a[15]^2*a[16]*a[18] - a[15]^4*a[18],
a[1]^4*a[3]^2*a[5]*a[19] + 2*a[1]^4*a[3]*a[4]*a[19] + 4*a[1]^3*a[2]*a[3]^2*a[4]*a[19] - a[7]^4*a[19] + a[7]^4 - 8*a[7]^3*a[8]*a[10]*a[19] + 8*a[7]^3*a[8]*a[10] - 4*a[7]^3*a[8]*a[13]*a[19] + 4*a[7]^3*a[8]*a[13] - 4*a[7]^3*a[9]*a[10]^2*a[19] + 4*a[7]^3*a[9]*a[10]^2 - 8*a[7]^3*a[9]*a[10]*a[13]*a[19] + 8*a[7]^3*a[9]*a[10]*a[13] - 4*a[7]^3*a[9]*a[12]*a[19] + 4*a[7]^3*a[9]*a[12] - 4*a[7]^3*a[10]^2*a[13]*a[19] + 4*a[7]^3*a[10]^2*a[13] - 8*a[7]^3*a[10]*a[12]*a[19] + 8*a[7]^3*a[10]*a[12] - 4*a[7]^3*a[11]*a[19] + 4*a[7]^3*a[11] - 6*a[7]^2*a[8]^2*a[10]^2*a[19] + 6*a[7]^2*a[8]^2*a[10]^2 - 12*a[7]^2*a[8]^2*a[10]*a[13]*a[19] + 12*a[7]^2*a[8]^2*a[10]*a[13] - 6*a[7]^2*a[8]^2*a[12]*a[19] + 6*a[7]^2*a[8]^2*a[12] - 12*a[7]^2*a[8]*a[9]*a[10]^2*a[13]*a[19] + 12*a[7]^2*a[8]*a[9]*a[10]^2*a[13] - 24*a[7]^2*a[8]*a[9]*a[10]*a[12]*a[19] + 24*a[7]^2*a[8]*a[9]*a[10]*a[12] - 12*a[7]^2*a[8]*a[9]*a[11]*a[19] + 12*a[7]^2*a[8]*a[9]*a[11] - 12*a[7]^2*a[8]*a[10]^2*a[12]*a[19] + 12*a[7]^2*a[8]*a[10]^2*a[12] - 24*a[7]^2*a[8]*a[10]*a[11]*a[19] + 24*a[7]^2*a[8]*a[10]*a[11] - 6*a[7]^2*a[9]^2*a[10]^2*a[12]*a[19] + 6*a[7]^2*a[9]^2*a[10]^2*a[12] - 12*a[7]^2*a[9]^2*a[10]*a[11]*a[19] + 12*a[7]^2*a[9]^2*a[10]*a[11] - 12*a[7]^2*a[9]*a[10]^2*a[11]*a[19] + 12*a[7]^2*a[9]*a[10]^2*a[11] - 4*a[7]*a[8]^3*a[10]^2*a[13]*a[19] + 4*a[7]*a[8]^3*a[10]^2*a[13] - 8*a[7]*a[8]^3*a[10]*a[12]*a[19] + 8*a[7]*a[8]^3*a[10]*a[12] - 4*a[7]*a[8]^3*a[11]*a[19] + 4*a[7]*a[8]^3*a[11] - 12*a[7]*a[8]^2*a[9]*a[10]^2*a[12]*a[19] + 12*a[7]*a[8]^2*a[9]*a[10]^2*a[12] - 24*a[7]*a[8]^2*a[9]*a[10]*a[11]*a[19] + 24*a[7]*a[8]^2*a[9]*a[10]*a[11] - 12*a[7]*a[8]^2*a[10]^2*a[11]*a[19] + 12*a[7]*a[8]^2*a[10]^2*a[11] - 12*a[7]*a[8]*a[9]^2*a[10]^2*a[11]*a[19] + 12*a[7]*a[8]*a[9]^2*a[10]^2*a[11] - a[8]^4*a[10]^2*a[12]*a[19] + a[8]^4*a[10]^2*a[12] - 2*a[8]^4*a[10]*a[11]*a[19] + 2*a[8]^4*a[10]*a[11] - 4*a[8]^3*a[9]*a[10]^2*a[11]*a[19] + 4*a[8]^3*a[9]*a[10]^2*a[11] - 4*a[14]^3 - 12*a[14]^2*a[15]*a[17] - 12*a[14]^2*a[15]*a[18] - 6*a[14]^2*a[16]^2 - 12*a[14]^2*a[16]*a[17]*a[18] - 12*a[14]*a[15]^2*a[16] - 12*a[14]*a[15]^2*a[17]*a[18] - 12*a[14]*a[15]*a[16]^2*a[18] - a[15]^4 - 4*a[15]^3*a[16]*a[18],
a[1]^4*a[3]^2*a[6]*a[19] + 2*a[1]^4*a[3]*a[5]*a[19] + a[1]^4*a[4]*a[19] + 4*a[1]^3*a[2]*a[3]^2*a[5]*a[19] + 8*a[1]^3*a[2]*a[3]*a[4]*a[19] + 4*a[1]^3*a[3]^2*a[4]*a[19] + 6*a[1]^2*a[2]^2*a[3]^2*a[4]*a[19] - 4*a[7]^3*a[8]*a[19] + 4*a[7]^3*a[8] - 8*a[7]^3*a[9]*a[10]*a[19] + 8*a[7]^3*a[9]*a[10] - 4*a[7]^3*a[9]*a[13]*a[19] + 4*a[7]^3*a[9]*a[13] - 4*a[7]^3*a[10]^2*a[19] + 4*a[7]^3*a[10]^2 - 8*a[7]^3*a[10]*a[13]*a[19] + 8*a[7]^3*a[10]*a[13] - 4*a[7]^3*a[12]*a[19] + 4*a[7]^3*a[12] - 12*a[7]^2*a[8]^2*a[10]*a[19] + 12*a[7]^2*a[8]^2*a[10] - 6*a[7]^2*a[8]^2*a[13]*a[19] + 6*a[7]^2*a[8]^2*a[13] - 12*a[7]^2*a[8]*a[9]*a[10]^2*a[19] + 12*a[7]^2*a[8]*a[9]*a[10]^2 - 24*a[7]^2*a[8]*a[9]*a[10]*a[13]*a[19] + 24*a[7]^2*a[8]*a[9]*a[10]*a[13] - 12*a[7]^2*a[8]*a[9]*a[12]*a[19] + 12*a[7]^2*a[8]*a[9]*a[12] - 12*a[7]^2*a[8]*a[10]^2*a[13]*a[19] + 12*a[7]^2*a[8]*a[10]^2*a[13] - 24*a[7]^2*a[8]*a[10]*a[12]*a[19] + 24*a[7]^2*a[8]*a[10]*a[12] - 12*a[7]^2*a[8]*a[11]*a[19] + 12*a[7]^2*a[8]*a[11] - 6*a[7]^2*a[9]^2*a[10]^2*a[13]*a[19] + 6*a[7]^2*a[9]^2*a[10]^2*a[13] - 12*a[7]^2*a[9]^2*a[10]*a[12]*a[19] + 12*a[7]^2*a[9]^2*a[10]*a[12] - 6*a[7]^2*a[9]^2*a[11]*a[19] + 6*a[7]^2*a[9]^2*a[11] - 12*a[7]^2*a[9]*a[10]^2*a[12]*a[19] + 12*a[7]^2*a[9]*a[10]^2*a[12] - 24*a[7]^2*a[9]*a[10]*a[11]*a[19] + 24*a[7]^2*a[9]*a[10]*a[11] - 6*a[7]^2*a[10]^2*a[11]*a[19] + 6*a[7]^2*a[10]^2*a[11] - 4*a[7]*a[8]^3*a[10]^2*a[19] + 4*a[7]*a[8]^3*a[10]^2 - 8*a[7]*a[8]^3*a[10]*a[13]*a[19] + 8*a[7]*a[8]^3*a[10]*a[13] - 4*a[7]*a[8]^3*a[12]*a[19] + 4*a[7]*a[8]^3*a[12] - 12*a[7]*a[8]^2*a[9]*a[10]^2*a[13]*a[19] + 12*a[7]*a[8]^2*a[9]*a[10]^2*a[13] - 24*a[7]*a[8]^2*a[9]*a[10]*a[12]*a[19] + 24*a[7]*a[8]^2*a[9]*a[10]*a[12] - 12*a[7]*a[8]^2*a[9]*a[11]*a[19] + 12*a[7]*a[8]^2*a[9]*a[11] - 12*a[7]*a[8]^2*a[10]^2*a[12]*a[19] + 12*a[7]*a[8]^2*a[10]^2*a[12] - 24*a[7]*a[8]^2*a[10]*a[11]*a[19] + 24*a[7]*a[8]^2*a[10]*a[11] - 12*a[7]*a[8]*a[9]^2*a[10]^2*a[12]*a[19] + 12*a[7]*a[8]*a[9]^2*a[10]^2*a[12] - 24*a[7]*a[8]*a[9]^2*a[10]*a[11]*a[19] + 24*a[7]*a[8]*a[9]^2*a[10]*a[11] - 24*a[7]*a[8]*a[9]*a[10]^2*a[11]*a[19] + 24*a[7]*a[8]*a[9]*a[10]^2*a[11] - 4*a[7]*a[9]^3*a[10]^2*a[11]*a[19] + 4*a[7]*a[9]^3*a[10]^2*a[11] - a[8]^4*a[10]^2*a[13]*a[19] + a[8]^4*a[10]^2*a[13] - 2*a[8]^4*a[10]*a[12]*a[19] + 2*a[8]^4*a[10]*a[12] - a[8]^4*a[11]*a[19] + a[8]^4*a[11] - 4*a[8]^3*a[9]*a[10]^2*a[12]*a[19] + 4*a[8]^3*a[9]*a[10]^2*a[12] - 8*a[8]^3*a[9]*a[10]*a[11]*a[19] + 8*a[8]^3*a[9]*a[10]*a[11] - 4*a[8]^3*a[10]^2*a[11]*a[19] + 4*a[8]^3*a[10]^2*a[11] - 6*a[8]^2*a[9]^2*a[10]^2*a[11]*a[19] + 6*a[8]^2*a[9]^2*a[10]^2*a[11] - 12*a[14]^2*a[15] - 12*a[14]^2*a[16]*a[17] - 12*a[14]^2*a[16]*a[18] - 6*a[14]^2*a[17]^2*a[18] - 12*a[14]*a[15]^2*a[17] - 12*a[14]*a[15]^2*a[18] - 12*a[14]*a[15]*a[16]^2 - 24*a[14]*a[15]*a[16]*a[17]*a[18] - 4*a[14]*a[16]^3*a[18] - 4*a[15]^3*a[16] - 4*a[15]^3*a[17]*a[18] - 6*a[15]^2*a[16]^2*a[18],
a[1]^4*a[3]^2*a[19] + 2*a[1]^4*a[3]*a[6]*a[19] + a[1]^4*a[5]*a[19] + 4*a[1]^3*a[2]*a[3]^2*a[6]*a[19] + 8*a[1]^3*a[2]*a[3]*a[5]*a[19] + 4*a[1]^3*a[2]*a[4]*a[19] + 4*a[1]^3*a[3]^2*a[5]*a[19] + 8*a[1]^3*a[3]*a[4]*a[19] + 6*a[1]^2*a[2]^2*a[3]^2*a[5]*a[19] + 12*a[1]^2*a[2]^2*a[3]*a[4]*a[19] + 12*a[1]^2*a[2]*a[3]^2*a[4]*a[19] + 4*a[1]*a[2]^3*a[3]^2*a[4]*a[19] - 4*a[7]^3*a[9]*a[19] + 4*a[7]^3*a[9] - 8*a[7]^3*a[10]*a[19] + 8*a[7]^3*a[10] - 4*a[7]^3*a[13]*a[19] + 4*a[7]^3*a[13] - 6*a[7]^2*a[8]^2*a[19] + 6*a[7]^2*a[8]^2 - 24*a[7]^2*a[8]*a[9]*a[10]*a[19] + 24*a[7]^2*a[8]*a[9]*a[10] - 12*a[7]^2*a[8]*a[9]*a[13]*a[19] + 12*a[7]^2*a[8]*a[9]*a[13] - 12*a[7]^2*a[8]*a[10]^2*a[19] + 12*a[7]^2*a[8]*a[10]^2 - 24*a[7]^2*a[8]*a[10]*a[13]*a[19] + 24*a[7]^2*a[8]*a[10]*a[13] - 12*a[7]^2*a[8]*a[12]*a[19] + 12*a[7]^2*a[8]*a[12] - 6*a[7]^2*a[9]^2*a[10]^2*a[19] + 6*a[7]^2*a[9]^2*a[10]^2 - 12*a[7]^2*a[9]^2*a[10]*a[13]*a[19] + 12*a[7]^2*a[9]^2*a[10]*a[13] - 6*a[7]^2*a[9]^2*a[12]*a[19] + 6*a[7]^2*a[9]^2*a[12] - 12*a[7]^2*a[9]*a[10]^2*a[13]*a[19] + 12*a[7]^2*a[9]*a[10]^2*a[13] - 24*a[7]^2*a[9]*a[10]*a[12]*a[19] + 24*a[7]^2*a[9]*a[10]*a[12] - 12*a[7]^2*a[9]*a[11]*a[19] + 12*a[7]^2*a[9]*a[11] - 6*a[7]^2*a[10]^2*a[12]*a[19] + 6*a[7]^2*a[10]^2*a[12] - 12*a[7]^2*a[10]*a[11]*a[19] + 12*a[7]^2*a[10]*a[11] - 8*a[7]*a[8]^3*a[10]*a[19] + 8*a[7]*a[8]^3*a[10] - 4*a[7]*a[8]^3*a[13]*a[19] + 4*a[7]*a[8]^3*a[13] - 12*a[7]*a[8]^2*a[9]*a[10]^2*a[19] + 12*a[7]*a[8]^2*a[9]*a[10]^2 - 24*a[7]*a[8]^2*a[9]*a[10]*a[13]*a[19] + 24*a[7]*a[8]^2*a[9]*a[10]*a[13] - 12*a[7]*a[8]^2*a[9]*a[12]*a[19] + 12*a[7]*a[8]^2*a[9]*a[12] - 12*a[7]*a[8]^2*a[10]^2*a[13]*a[19] + 12*a[7]*a[8]^2*a[10]^2*a[13] - 24*a[7]*a[8]^2*a[10]*a[12]*a[19] + 24*a[7]*a[8]^2*a[10]*a[12] - 12*a[7]*a[8]^2*a[11]*a[19] + 12*a[7]*a[8]^2*a[11] - 12*a[7]*a[8]*a[9]^2*a[10]^2*a[13]*a[19] + 12*a[7]*a[8]*a[9]^2*a[10]^2*a[13] - 24*a[7]*a[8]*a[9]^2*a[10]*a[12]*a[19] + 24*a[7]*a[8]*a[9]^2*a[10]*a[12] - 12*a[7]*a[8]*a[9]^2*a[11]*a[19] + 12*a[7]*a[8]*a[9]^2*a[11] - 24*a[7]*a[8]*a[9]*a[10]^2*a[12]*a[19] + 24*a[7]*a[8]*a[9]*a[10]^2*a[12] - 48*a[7]*a[8]*a[9]*a[10]*a[11]*a[19] + 48*a[7]*a[8]*a[9]*a[10]*a[11] - 12*a[7]*a[8]*a[10]^2*a[11]*a[19] + 12*a[7]*a[8]*a[10]^2*a[11] - 4*a[7]*a[9]^3*a[10]^2*a[12]*a[19] + 4*a[7]*a[9]^3*a[10]^2*a[12] - 8*a[7]*a[9]^3*a[10]*a[11]*a[19] + 8*a[7]*a[9]^3*a[10]*a[11] - 12*a[7]*a[9]^2*a[10]^2*a[11]*a[19] + 12*a[7]*a[9]^2*a[10]^2*a[11] - a[8]^4*a[10]^2*a[19] + a[8]^4*a[10]^2 - 2*a[8]^4*a[10]*a[13]*a[19] + 2*a[8]^4*a[10]*a[13] - a[8]^4*a[12]*a[19] + a[8]^4*a[12] - 4*a[8]^3*a[9]*a[10]^2*a[13]*a[19] + 4*a[8]^3*a[9]*a[10]^2*a[13] - 8*a[8]^3*a[9]*a[10]*a[12]*a[19] + 8*a[8]^3*a[9]*a[10]*a[12] - 4*a[8]^3*a[9]*a[11]*a[19] + 4*a[8]^3*a[9]*a[11] - 4*a[8]^3*a[10]^2*a[12]*a[19] + 4*a[8]^3*a[10]^2*a[12] - 8*a[8]^3*a[10]*a[11]*a[19] + 8*a[8]^3*a[10]*a[11] - 6*a[8]^2*a[9]^2*a[10]^2*a[12]*a[19] + 6*a[8]^2*a[9]^2*a[10]^2*a[12] - 12*a[8]^2*a[9]^2*a[10]*a[11]*a[19] + 12*a[8]^2*a[9]^2*a[10]*a[11] - 12*a[8]^2*a[9]*a[10]^2*a[11]*a[19] + 12*a[8]^2*a[9]*a[10]^2*a[11] - 4*a[8]*a[9]^3*a[10]^2*a[11]*a[19] + 4*a[8]*a[9]^3*a[10]^2*a[11] - 12*a[14]^2*a[16] - 6*a[14]^2*a[17]^2 - 12*a[14]^2*a[17]*a[18] - 12*a[14]*a[15]^2 - 24*a[14]*a[15]*a[16]*a[17] - 24*a[14]*a[15]*a[16]*a[18] - 12*a[14]*a[15]*a[17]^2*a[18] - 4*a[14]*a[16]^3 - 12*a[14]*a[16]^2*a[17]*a[18] - 4*a[15]^3*a[17] - 4*a[15]^3*a[18] - 6*a[15]^2*a[16]^2 - 12*a[15]^2*a[16]*a[17]*a[18] - 4*a[15]*a[16]^3*a[18],
2*a[1]^4*a[3]*a[19] + a[1]^4*a[6]*a[19] + 4*a[1]^3*a[2]*a[3]^2*a[19] + 8*a[1]^3*a[2]*a[3]*a[6]*a[19] + 4*a[1]^3*a[2]*a[5]*a[19] + 4*a[1]^3*a[3]^2*a[6]*a[19] + 8*a[1]^3*a[3]*a[5]*a[19] + 4*a[1]^3*a[4]*a[19] + 6*a[1]^2*a[2]^2*a[3]^2*a[6]*a[19] + 12*a[1]^2*a[2]^2*a[3]*a[5]*a[19] + 6*a[1]^2*a[2]^2*a[4]*a[19] + 12*a[1]^2*a[2]*a[3]^2*a[5]*a[19] + 24*a[1]^2*a[2]*a[3]*a[4]*a[19] + 6*a[1]^2*a[3]^2*a[4]*a[19] + 4*a[1]*a[2]^3*a[3]^2*a[5]*a[19] + 8*a[1]*a[2]^3*a[3]*a[4]*a[19] + 12*a[1]*a[2]^2*a[3]^2*a[4]*a[19] + a[2]^4*a[3]^2*a[4]*a[19] - 4*a[7]^3*a[19] + 4*a[7]^3 - 12*a[7]^2*a[8]*a[9]*a[19] + 12*a[7]^2*a[8]*a[9] - 24*a[7]^2*a[8]*a[10]*a[19] + 24*a[7]^2*a[8]*a[10] - 12*a[7]^2*a[8]*a[13]*a[19] + 12*a[7]^2*a[8]*a[13] - 12*a[7]^2*a[9]^2*a[10]*a[19] + 12*a[7]^2*a[9]^2*a[10] - 6*a[7]^2*a[9]^2*a[13]*a[19] + 6*a[7]^2*a[9]^2*a[13] - 12*a[7]^2*a[9]*a[10]^2*a[19] + 12*a[7]^2*a[9]*a[10]^2 - 24*a[7]^2*a[9]*a[10]*a[13]*a[19] + 24*a[7]^2*a[9]*a[10]*a[13] - 12*a[7]^2*a[9]*a[12]*a[19] + 12*a[7]^2*a[9]*a[12] - 6*a[7]^2*a[10]^2*a[13]*a[19] + 6*a[7]^2*a[10]^2*a[13] - 12*a[7]^2*a[10]*a[12]*a[19] + 12*a[7]^2*a[10]*a[12] - 6*a[7]^2*a[11]*a[19] + 6*a[7]^2*a[11] - 4*a[7]*a[8]^3*a[19] + 4*a[7]*a[8]^3 - 24*a[7]*a[8]^2*a[9]*a[10]*a[19] + 24*a[7]*a[8]^2*a[9]*a[10] - 12*a[7]*a[8]^2*a[9]*a[13]*a[19] + 12*a[7]*a[8]^2*a[9]*a[13] - 12*a[7]*a[8]^2*a[10]^2*a[19] + 12*a[7]*a[8]^2*a[10]^2 - 24*a[7]*a[8]^2*a[10]*a[13]*a[19] + 24*a[7]*a[8]^2*a[10]*a[13] - 12*a[7]*a[8]^2*a[12]*a[19] + 12*a[7]*a[8]^2*a[12] - 12*a[7]*a[8]*a[9]^2*a[10]^2*a[19] + 12*a[7]*a[8]*a[9]^2*a[10]^2 - 24*a[7]*a[8]*a[9]^2*a[10]*a[13]*a[19] + 24*a[7]*a[8]*a[9]^2*a[10]*a[13] - 12*a[7]*a[8]*a[9]^2*a[12]*a[19] + 12*a[7]*a[8]*a[9]^2*a[12] - 24*a[7]*a[8]*a[9]*a[10]^2*a[13]*a[19] + 24*a[7]*a[8]*a[9]*a[10]^2*a[13] - 48*a[7]*a[8]*a[9]*a[10]*a[12]*a[19] + 48*a[7]*a[8]*a[9]*a[10]*a[12] - 24*a[7]*a[8]*a[9]*a[11]*a[19] + 24*a[7]*a[8]*a[9]*a[11] - 12*a[7]*a[8]*a[10]^2*a[12]*a[19] + 12*a[7]*a[8]*a[10]^2*a[12] - 24*a[7]*a[8]*a[10]*a[11]*a[19] + 24*a[7]*a[8]*a[10]*a[11] - 4*a[7]*a[9]^3*a[10]^2*a[13]*a[19] + 4*a[7]*a[9]^3*a[10]^2*a[13] - 8*a[7]*a[9]^3*a[10]*a[12]*a[19] + 8*a[7]*a[9]^3*a[10]*a[12] - 4*a[7]*a[9]^3*a[11]*a[19] + 4*a[7]*a[9]^3*a[11] - 12*a[7]*a[9]^2*a[10]^2*a[12]*a[19] + 12*a[7]*a[9]^2*a[10]^2*a[12] - 24*a[7]*a[9]^2*a[10]*a[11]*a[19] + 24*a[7]*a[9]^2*a[10]*a[11] - 12*a[7]*a[9]*a[10]^2*a[11]*a[19] + 12*a[7]*a[9]*a[10]^2*a[11] - 2*a[8]^4*a[10]*a[19] + 2*a[8]^4*a[10] - a[8]^4*a[13]*a[19] + a[8]^4*a[13] - 4*a[8]^3*a[9]*a[10]^2*a[19] + 4*a[8]^3*a[9]*a[10]^2 - 8*a[8]^3*a[9]*a[10]*a[13]*a[19] + 8*a[8]^3*a[9]*a[10]*a[13] - 4*a[8]^3*a[9]*a[12]*a[19] + 4*a[8]^3*a[9]*a[12] - 4*a[8]^3*a[10]^2*a[13]*a[19] + 4*a[8]^3*a[10]^2*a[13] - 8*a[8]^3*a[10]*a[12]*a[19] + 8*a[8]^3*a[10]*a[12] - 4*a[8]^3*a[11]*a[19] + 4*a[8]^3*a[11] - 6*a[8]^2*a[9]^2*a[10]^2*a[13]*a[19] + 6*a[8]^2*a[9]^2*a[10]^2*a[13] - 12*a[8]^2*a[9]^2*a[10]*a[12]*a[19] + 12*a[8]^2*a[9]^2*a[10]*a[12] - 6*a[8]^2*a[9]^2*a[11]*a[19] + 6*a[8]^2*a[9]^2*a[11] - 12*a[8]^2*a[9]*a[10]^2*a[12]*a[19] + 12*a[8]^2*a[9]*a[10]^2*a[12] - 24*a[8]^2*a[9]*a[10]*a[11]*a[19] + 24*a[8]^2*a[9]*a[10]*a[11] - 6*a[8]^2*a[10]^2*a[11]*a[19] + 6*a[8]^2*a[10]^2*a[11] - 4*a[8]*a[9]^3*a[10]^2*a[12]*a[19] + 4*a[8]*a[9]^3*a[10]^2*a[12] - 8*a[8]*a[9]^3*a[10]*a[11]*a[19] + 8*a[8]*a[9]^3*a[10]*a[11] - 12*a[8]*a[9]^2*a[10]^2*a[11]*a[19] + 12*a[8]*a[9]^2*a[10]^2*a[11] - a[9]^4*a[10]^2*a[11]*a[19] + a[9]^4*a[10]^2*a[11] - 12*a[14]^2*a[17] - 6*a[14]^2*a[18] - 24*a[14]*a[15]*a[16] - 12*a[14]*a[15]*a[17]^2 - 24*a[14]*a[15]*a[17]*a[18] - 12*a[14]*a[16]^2*a[17] - 12*a[14]*a[16]^2*a[18] - 12*a[14]*a[16]*a[17]^2*a[18] - 4*a[15]^3 - 12*a[15]^2*a[16]*a[17] - 12*a[15]^2*a[16]*a[18] - 6*a[15]^2*a[17]^2*a[18] - 4*a[15]*a[16]^3 - 12*a[15]*a[16]^2*a[17]*a[18] - a[16]^4*a[18],
a[1]^4*a[19] + 8*a[1]^3*a[2]*a[3]*a[19] + 4*a[1]^3*a[2]*a[6]*a[19] + 4*a[1]^3*a[3]^2*a[19] + 8*a[1]^3*a[3]*a[6]*a[19] + 4*a[1]^3*a[5]*a[19] + 6*a[1]^2*a[2]^2*a[3]^2*a[19] + 12*a[1]^2*a[2]^2*a[3]*a[6]*a[19] + 6*a[1]^2*a[2]^2*a[5]*a[19] + 12*a[1]^2*a[2]*a[3]^2*a[6]*a[19] + 24*a[1]^2*a[2]*a[3]*a[5]*a[19] + 12*a[1]^2*a[2]*a[4]*a[19] + 6*a[1]^2*a[3]^2*a[5]*a[19] + 12*a[1]^2*a[3]*a[4]*a[19] + 4*a[1]*a[2]^3*a[3]^2*a[6]*a[19] + 8*a[1]*a[2]^3*a[3]*a[5]*a[19] + 4*a[1]*a[2]^3*a[4]*a[19] + 12*a[1]*a[2]^2*a[3]^2*a[5]*a[19] + 24*a[1]*a[2]^2*a[3]*a[4]*a[19] + 12*a[1]*a[2]*a[3]^2*a[4]*a[19] + a[2]^4*a[3]^2*a[5]*a[19] + 2*a[2]^4*a[3]*a[4]*a[19] + 4*a[2]^3*a[3]^2*a[4]*a[19] - 12*a[7]^2*a[8]*a[19] + 12*a[7]^2*a[8] - 6*a[7]^2*a[9]^2*a[19] + 6*a[7]^2*a[9]^2 - 24*a[7]^2*a[9]*a[10]*a[19] + 24*a[7]^2*a[9]*a[10] - 12*a[7]^2*a[9]*a[13]*a[19] + 12*a[7]^2*a[9]*a[13] - 6*a[7]^2*a[10]^2*a[19] + 6*a[7]^2*a[10]^2 - 12*a[7]^2*a[10]*a[13]*a[19] + 12*a[7]^2*a[10]*a[13] - 6*a[7]^2*a[12]*a[19] + 6*a[7]^2*a[12] - 12*a[7]*a[8]^2*a[9]*a[19] + 12*a[7]*a[8]^2*a[9] - 24*a[7]*a[8]^2*a[10]*a[19] + 24*a[7]*a[8]^2*a[10] - 12*a[7]*a[8]^2*a[13]*a[19] + 12*a[7]*a[8]^2*a[13] - 24*a[7]*a[8]*a[9]^2*a[10]*a[19] + 24*a[7]*a[8]*a[9]^2*a[10] - 12*a[7]*a[8]*a[9]^2*a[13]*a[19] + 12*a[7]*a[8]*a[9]^2*a[13] - 24*a[7]*a[8]*a[9]*a[10]^2*a[19] + 24*a[7]*a[8]*a[9]*a[10]^2 - 48*a[7]*a[8]*a[9]*a[10]*a[13]*a[19] + 48*a[7]*a[8]*a[9]*a[10]*a[13] - 24*a[7]*a[8]*a[9]*a[12]*a[19] + 24*a[7]*a[8]*a[9]*a[12] - 12*a[7]*a[8]*a[10]^2*a[13]*a[19] + 12*a[7]*a[8]*a[10]^2*a[13] - 24*a[7]*a[8]*a[10]*a[12]*a[19] + 24*a[7]*a[8]*a[10]*a[12] - 12*a[7]*a[8]*a[11]*a[19] + 12*a[7]*a[8]*a[11] - 4*a[7]*a[9]^3*a[10]^2*a[19] + 4*a[7]*a[9]^3*a[10]^2 - 8*a[7]*a[9]^3*a[10]*a[13]*a[19] + 8*a[7]*a[9]^3*a[10]*a[13] - 4*a[7]*a[9]^3*a[12]*a[19] + 4*a[7]*a[9]^3*a[12] - 12*a[7]*a[9]^2*a[10]^2*a[13]*a[19] + 12*a[7]*a[9]^2*a[10]^2*a[13] - 24*a[7]*a[9]^2*a[10]*a[12]*a[19] + 24*a[7]*a[9]^2*a[10]*a[12] - 12*a[7]*a[9]^2*a[11]*a[19] + 12*a[7]*a[9]^2*a[11] - 12*a[7]*a[9]*a[10]^2*a[12]*a[19] + 12*a[7]*a[9]*a[10]^2*a[12] - 24*a[7]*a[9]*a[10]*a[11]*a[19] + 24*a[7]*a[9]*a[10]*a[11] - 4*a[7]*a[10]^2*a[11]*a[19] + 4*a[7]*a[10]^2*a[11] - a[8]^4*a[19] + a[8]^4 - 8*a[8]^3*a[9]*a[10]*a[19] + 8*a[8]^3*a[9]*a[10] - 4*a[8]^3*a[9]*a[13]*a[19] + 4*a[8]^3*a[9]*a[13] - 4*a[8]^3*a[10]^2*a[19] + 4*a[8]^3*a[10]^2 - 8*a[8]^3*a[10]*a[13]*a[19] + 8*a[8]^3*a[10]*a[13] - 4*a[8]^3*a[12]*a[19] + 4*a[8]^3*a[12] - 6*a[8]^2*a[9]^2*a[10]^2*a[19] + 6*a[8]^2*a[9]^2*a[10]^2 - 12*a[8]^2*a[9]^2*a[10]*a[13]*a[19] + 12*a[8]^2*a[9]^2*a[10]*a[13] - 6*a[8]^2*a[9]^2*a[12]*a[19] + 6*a[8]^2*a[9]^2*a[12] - 12*a[8]^2*a[9]*a[10]^2*a[13]*a[19] + 12*a[8]^2*a[9]*a[10]^2*a[13] - 24*a[8]^2*a[9]*a[10]*a[12]*a[19] + 24*a[8]^2*a[9]*a[10]*a[12] - 12*a[8]^2*a[9]*a[11]*a[19] + 12*a[8]^2*a[9]*a[11] - 6*a[8]^2*a[10]^2*a[12]*a[19] + 6*a[8]^2*a[10]^2*a[12] - 12*a[8]^2*a[10]*a[11]*a[19] + 12*a[8]^2*a[10]*a[11] - 4*a[8]*a[9]^3*a[10]^2*a[13]*a[19] + 4*a[8]*a[9]^3*a[10]^2*a[13] - 8*a[8]*a[9]^3*a[10]*a[12]*a[19] + 8*a[8]*a[9]^3*a[10]*a[12] - 4*a[8]*a[9]^3*a[11]*a[19] + 4*a[8]*a[9]^3*a[11] - 12*a[8]*a[9]^2*a[10]^2*a[12]*a[19] + 12*a[8]*a[9]^2*a[10]^2*a[12] - 24*a[8]*a[9]^2*a[10]*a[11]*a[19] + 24*a[8]*a[9]^2*a[10]*a[11] - 12*a[8]*a[9]*a[10]^2*a[11]*a[19] + 12*a[8]*a[9]*a[10]^2*a[11] - a[9]^4*a[10]^2*a[12]*a[19] + a[9]^4*a[10]^2*a[12] - 2*a[9]^4*a[10]*a[11]*a[19] + 2*a[9]^4*a[10]*a[11] - 4*a[9]^3*a[10]^2*a[11]*a[19] + 4*a[9]^3*a[10]^2*a[11] - 6*a[14]^2 - 24*a[14]*a[15]*a[17] - 12*a[14]*a[15]*a[18] - 12*a[14]*a[16]^2 - 12*a[14]*a[16]*a[17]^2 - 24*a[14]*a[16]*a[17]*a[18] - 4*a[14]*a[17]^3*a[18] - 12*a[15]^2*a[16] - 6*a[15]^2*a[17]^2 - 12*a[15]^2*a[17]*a[18] - 12*a[15]*a[16]^2*a[17] - 12*a[15]*a[16]^2*a[18] - 12*a[15]*a[16]*a[17]^2*a[18] - a[16]^4 - 4*a[16]^3*a[17]*a[18],
4*a[1]^3*a[2]*a[19] + 8*a[1]^3*a[3]*a[19] + 4*a[1]^3*a[6]*a[19] + 12*a[1]^2*a[2]^2*a[3]*a[19] + 6*a[1]^2*a[2]^2*a[6]*a[19] + 12*a[1]^2*a[2]*a[3]^2*a[19] + 24*a[1]^2*a[2]*a[3]*a[6]*a[19] + 12*a[1]^2*a[2]*a[5]*a[19] + 6*a[1]^2*a[3]^2*a[6]*a[19] + 12*a[1]^2*a[3]*a[5]*a[19] + 6*a[1]^2*a[4]*a[19] + 4*a[1]*a[2]^3*a[3]^2*a[19] + 8*a[1]*a[2]^3*a[3]*a[6]*a[19] + 4*a[1]*a[2]^3*a[5]*a[19] + 12*a[1]*a[2]^2*a[3]^2*a[6]*a[19] + 24*a[1]*a[2]^2*a[3]*a[5]*a[19] + 12*a[1]*a[2]^2*a[4]*a[19] + 12*a[1]*a[2]*a[3]^2*a[5]*a[19] + 24*a[1]*a[2]*a[3]*a[4]*a[19] + 4*a[1]*a[3]^2*a[4]*a[19] + a[2]^4*a[3]^2*a[6]*a[19] + 2*a[2]^4*a[3]*a[5]*a[19] + a[2]^4*a[4]*a[19] + 4*a[2]^3*a[3]^2*a[5]*a[19] + 8*a[2]^3*a[3]*a[4]*a[19] + 6*a[2]^2*a[3]^2*a[4]*a[19] - 12*a[7]^2*a[9]*a[19] + 12*a[7]^2*a[9] - 12*a[7]^2*a[10]*a[19] + 12*a[7]^2*a[10] - 6*a[7]^2*a[13]*a[19] + 6*a[7]^2*a[13] - 12*a[7]*a[8]^2*a[19] + 12*a[7]*a[8]^2 - 12*a[7]*a[8]*a[9]^2*a[19] + 12*a[7]*a[8]*a[9]^2 - 48*a[7]*a[8]*a[9]*a[10]*a[19] + 48*a[7]*a[8]*a[9]*a[10] - 24*a[7]*a[8]*a[9]*a[13]*a[19] + 24*a[7]*a[8]*a[9]*a[13] - 12*a[7]*a[8]*a[10]^2*a[19] + 12*a[7]*a[8]*a[10]^2 - 24*a[7]*a[8]*a[10]*a[13]*a[19] + 24*a[7]*a[8]*a[10]*a[13] - 12*a[7]*a[8]*a[12]*a[19] + 12*a[7]*a[8]*a[12] - 8*a[7]*a[9]^3*a[10]*a[19] + 8*a[7]*a[9]^3*a[10] - 4*a[7]*a[9]^3*a[13]*a[19] + 4*a[7]*a[9]^3*a[13] - 12*a[7]*a[9]^2*a[10]^2*a[19] + 12*a[7]*a[9]^2*a[10]^2 - 24*a[7]*a[9]^2*a[10]*a[13]*a[19] + 24*a[7]*a[9]^2*a[10]*a[13] - 12*a[7]*a[9]^2*a[12]*a[19] + 12*a[7]*a[9]^2*a[12] - 12*a[7]*a[9]*a[10]^2*a[13]*a[19] + 12*a[7]*a[9]*a[10]^2*a[13] - 24*a[7]*a[9]*a[10]*a[12]*a[19] + 24*a[7]*a[9]*a[10]*a[12] - 12*a[7]*a[9]*a[11]*a[19] + 12*a[7]*a[9]*a[11] - 4*a[7]*a[10]^2*a[12]*a[19] + 4*a[7]*a[10]^2*a[12] - 8*a[7]*a[10]*a[11]*a[19] + 8*a[7]*a[10]*a[11] - 4*a[8]^3*a[9]*a[19] + 4*a[8]^3*a[9] - 8*a[8]^3*a[10]*a[19] + 8*a[8]^3*a[10] - 4*a[8]^3*a[13]*a[19] + 4*a[8]^3*a[13] - 12*a[8]^2*a[9]^2*a[10]*a[19] + 12*a[8]^2*a[9]^2*a[10] - 6*a[8]^2*a[9]^2*a[13]*a[19] + 6*a[8]^2*a[9]^2*a[13] - 12*a[8]^2*a[9]*a[10]^2*a[19] + 12*a[8]^2*a[9]*a[10]^2 - 24*a[8]^2*a[9]*a[10]*a[13]*a[19] + 24*a[8]^2*a[9]*a[10]*a[13] - 12*a[8]^2*a[9]*a[12]*a[19] + 12*a[8]^2*a[9]*a[12] - 6*a[8]^2*a[10]^2*a[13]*a[19] + 6*a[8]^2*a[10]^2*a[13] - 12*a[8]^2*a[10]*a[12]*a[19] + 12*a[8]^2*a[10]*a[12] - 6*a[8]^2*a[11]*a[19] + 6*a[8]^2*a[11] - 4*a[8]*a[9]^3*a[10]^2*a[19] + 4*a[8]*a[9]^3*a[10]^2 - 8*a[8]*a[9]^3*a[10]*a[13]*a[19] + 8*a[8]*a[9]^3*a[10]*a[13] - 4*a[8]*a[9]^3*a[12]*a[19] + 4*a[8]*a[9]^3*a[12] - 12*a[8]*a[9]^2*a[10]^2*a[13]*a[19] + 12*a[8]*a[9]^2*a[10]^2*a[13] - 24*a[8]*a[9]^2*a[10]*a[12]*a[19] + 24*a[8]*a[9]^2*a[10]*a[12] - 12*a[8]*a[9]^2*a[11]*a[19] + 12*a[8]*a[9]^2*a[11] - 12*a[8]*a[9]*a[10]^2*a[12]*a[19] + 12*a[8]*a[9]*a[10]^2*a[12] - 24*a[8]*a[9]*a[10]*a[11]*a[19] + 24*a[8]*a[9]*a[10]*a[11] - 4*a[8]*a[10]^2*a[11]*a[19] + 4*a[8]*a[10]^2*a[11] - a[9]^4*a[10]^2*a[13]*a[19] + a[9]^4*a[10]^2*a[13] - 2*a[9]^4*a[10]*a[12]*a[19] + 2*a[9]^4*a[10]*a[12] - a[9]^4*a[11]*a[19] + a[9]^4*a[11] - 4*a[9]^3*a[10]^2*a[12]*a[19] + 4*a[9]^3*a[10]^2*a[12] - 8*a[9]^3*a[10]*a[11]*a[19] + 8*a[9]^3*a[10]*a[11] - 6*a[9]^2*a[10]^2*a[11]*a[19] + 6*a[9]^2*a[10]^2*a[11] - 12*a[14]*a[15] - 24*a[14]*a[16]*a[17] - 12*a[14]*a[16]*a[18] - 4*a[14]*a[17]^3 - 12*a[14]*a[17]^2*a[18] - 12*a[15]^2*a[17] - 6*a[15]^2*a[18] - 12*a[15]*a[16]^2 - 12*a[15]*a[16]*a[17]^2 - 24*a[15]*a[16]*a[17]*a[18] - 4*a[15]*a[17]^3*a[18] - 4*a[16]^3*a[17] - 4*a[16]^3*a[18] - 6*a[16]^2*a[17]^2*a[18],
4*a[1]^3*a[19] + 6*a[1]^2*a[2]^2*a[19] + 24*a[1]^2*a[2]*a[3]*a[19] + 12*a[1]^2*a[2]*a[6]*a[19] + 6*a[1]^2*a[3]^2*a[19] + 12*a[1]^2*a[3]*a[6]*a[19] + 6*a[1]^2*a[5]*a[19] + 8*a[1]*a[2]^3*a[3]*a[19] + 4*a[1]*a[2]^3*a[6]*a[19] + 12*a[1]*a[2]^2*a[3]^2*a[19] + 24*a[1]*a[2]^2*a[3]*a[6]*a[19] + 12*a[1]*a[2]^2*a[5]*a[19] + 12*a[1]*a[2]*a[3]^2*a[6]*a[19] + 24*a[1]*a[2]*a[3]*a[5]*a[19] + 12*a[1]*a[2]*a[4]*a[19] + 4*a[1]*a[3]^2*a[5]*a[19] + 8*a[1]*a[3]*a[4]*a[19] + a[2]^4*a[3]^2*a[19] + 2*a[2]^4*a[3]*a[6]*a[19] + a[2]^4*a[5]*a[19] + 4*a[2]^3*a[3]^2*a[6]*a[19] + 8*a[2]^3*a[3]*a[5]*a[19] + 4*a[2]^3*a[4]*a[19] + 6*a[2]^2*a[3]^2*a[5]*a[19] + 12*a[2]^2*a[3]*a[4]*a[19] + 4*a[2]*a[3]^2*a[4]*a[19] - 6*a[7]^2*a[19] + 6*a[7]^2 - 24*a[7]*a[8]*a[9]*a[19] + 24*a[7]*a[8]*a[9] - 24*a[7]*a[8]*a[10]*a[19] + 24*a[7]*a[8]*a[10] - 12*a[7]*a[8]*a[13]*a[19] + 12*a[7]*a[8]*a[13] - 4*a[7]*a[9]^3*a[19] + 4*a[7]*a[9]^3 - 24*a[7]*a[9]^2*a[10]*a[19] + 24*a[7]*a[9]^2*a[10] - 12*a[7]*a[9]^2*a[13]*a[19] + 12*a[7]*a[9]^2*a[13] - 12*a[7]*a[9]*a[10]^2*a[19] + 12*a[7]*a[9]*a[10]^2 - 24*a[7]*a[9]*a[10]*a[13]*a[19] + 24*a[7]*a[9]*a[10]*a[13] - 12*a[7]*a[9]*a[12]*a[19] + 12*a[7]*a[9]*a[12] - 4*a[7]*a[10]^2*a[13]*a[19] + 4*a[7]*a[10]^2*a[13] - 8*a[7]*a[10]*a[12]*a[19] + 8*a[7]*a[10]*a[12] - 4*a[7]*a[11]*a[19] + 4*a[7]*a[11] - 4*a[8]^3*a[19] + 4*a[8]^3 - 6*a[8]^2*a[9]^2*a[19] + 6*a[8]^2*a[9]^2 - 24*a[8]^2*a[9]*a[10]*a[19] + 24*a[8]^2*a[9]*a[10] - 12*a[8]^2*a[9]*a[13]*a[19] + 12*a[8]^2*a[9]*a[13] - 6*a[8]^2*a[10]^2*a[19] + 6*a[8]^2*a[10]^2 - 12*a[8]^2*a[10]*a[13]*a[19] + 12*a[8]^2*a[10]*a[13] - 6*a[8]^2*a[12]*a[19] + 6*a[8]^2*a[12] - 8*a[8]*a[9]^3*a[10]*a[19] + 8*a[8]*a[9]^3*a[10] - 4*a[8]*a[9]^3*a[13]*a[19] + 4*a[8]*a[9]^3*a[13] - 12*a[8]*a[9]^2*a[10]^2*a[19] + 12*a[8]*a[9]^2*a[10]^2 - 24*a[8]*a[9]^2*a[10]*a[13]*a[19] + 24*a[8]*a[9]^2*a[10]*a[13] - 12*a[8]*a[9]^2*a[12]*a[19] + 12*a[8]*a[9]^2*a[12] - 12*a[8]*a[9]*a[10]^2*a[13]*a[19] + 12*a[8]*a[9]*a[10]^2*a[13] - 24*a[8]*a[9]*a[10]*a[12]*a[19] + 24*a[8]*a[9]*a[10]*a[12] - 12*a[8]*a[9]*a[11]*a[19] + 12*a[8]*a[9]*a[11] - 4*a[8]*a[10]^2*a[12]*a[19] + 4*a[8]*a[10]^2*a[12] - 8*a[8]*a[10]*a[11]*a[19] + 8*a[8]*a[10]*a[11] - a[9]^4*a[10]^2*a[19] + a[9]^4*a[10]^2 - 2*a[9]^4*a[10]*a[13]*a[19] + 2*a[9]^4*a[10]*a[13] - a[9]^4*a[12]*a[19] + a[9]^4*a[12] - 4*a[9]^3*a[10]^2*a[13]*a[19] + 4*a[9]^3*a[10]^2*a[13] - 8*a[9]^3*a[10]*a[12]*a[19] + 8*a[9]^3*a[10]*a[12] - 4*a[9]^3*a[11]*a[19] + 4*a[9]^3*a[11] - 6*a[9]^2*a[10]^2*a[12]*a[19] + 6*a[9]^2*a[10]^2*a[12] - 12*a[9]^2*a[10]*a[11]*a[19] + 12*a[9]^2*a[10]*a[11] - 4*a[9]*a[10]^2*a[11]*a[19] + 4*a[9]*a[10]^2*a[11] - 12*a[14]*a[16] - 12*a[14]*a[17]^2 - 12*a[14]*a[17]*a[18] - 6*a[15]^2 - 24*a[15]*a[16]*a[17] - 12*a[15]*a[16]*a[18] - 4*a[15]*a[17]^3 - 12*a[15]*a[17]^2*a[18] - 4*a[16]^3 - 6*a[16]^2*a[17]^2 - 12*a[16]^2*a[17]*a[18] - 4*a[16]*a[17]^3*a[18],
12*a[1]^2*a[2]*a[19] + 12*a[1]^2*a[3]*a[19] + 6*a[1]^2*a[6]*a[19] + 4*a[1]*a[2]^3*a[19] + 24*a[1]*a[2]^2*a[3]*a[19] + 12*a[1]*a[2]^2*a[6]*a[19] + 12*a[1]*a[2]*a[3]^2*a[19] + 24*a[1]*a[2]*a[3]*a[6]*a[19] + 12*a[1]*a[2]*a[5]*a[19] + 4*a[1]*a[3]^2*a[6]*a[19] + 8*a[1]*a[3]*a[5]*a[19] + 4*a[1]*a[4]*a[19] + 2*a[2]^4*a[3]*a[19] + a[2]^4*a[6]*a[19] + 4*a[2]^3*a[3]^2*a[19] + 8*a[2]^3*a[3]*a[6]*a[19] + 4*a[2]^3*a[5]*a[19] + 6*a[2]^2*a[3]^2*a[6]*a[19] + 12*a[2]^2*a[3]*a[5]*a[19] + 6*a[2]^2*a[4]*a[19] + 4*a[2]*a[3]^2*a[5]*a[19] + 8*a[2]*a[3]*a[4]*a[19] + a[3]^2*a[4]*a[19] - 12*a[7]*a[8]*a[19] + 12*a[7]*a[8] - 12*a[7]*a[9]^2*a[19] + 12*a[7]*a[9]^2 - 24*a[7]*a[9]*a[10]*a[19] + 24*a[7]*a[9]*a[10] - 12*a[7]*a[9]*a[13]*a[19] + 12*a[7]*a[9]*a[13] - 4*a[7]*a[10]^2*a[19] + 4*a[7]*a[10]^2 - 8*a[7]*a[10]*a[13]*a[19] + 8*a[7]*a[10]*a[13] - 4*a[7]*a[12]*a[19] + 4*a[7]*a[12] - 12*a[8]^2*a[9]*a[19] + 12*a[8]^2*a[9] - 12*a[8]^2*a[10]*a[19] + 12*a[8]^2*a[10] - 6*a[8]^2*a[13]*a[19] + 6*a[8]^2*a[13] - 4*a[8]*a[9]^3*a[19] + 4*a[8]*a[9]^3 - 24*a[8]*a[9]^2*a[10]*a[19] + 24*a[8]*a[9]^2*a[10] - 12*a[8]*a[9]^2*a[13]*a[19] + 12*a[8]*a[9]^2*a[13] - 12*a[8]*a[9]*a[10]^2*a[19] + 12*a[8]*a[9]*a[10]^2 - 24*a[8]*a[9]*a[10]*a[13]*a[19] + 24*a[8]*a[9]*a[10]*a[13] - 12*a[8]*a[9]*a[12]*a[19] + 12*a[8]*a[9]*a[12] - 4*a[8]*a[10]^2*a[13]*a[19] + 4*a[8]*a[10]^2*a[13] - 8*a[8]*a[10]*a[12]*a[19] + 8*a[8]*a[10]*a[12] - 4*a[8]*a[11]*a[19] + 4*a[8]*a[11] - 2*a[9]^4*a[10]*a[19] + 2*a[9]^4*a[10] - a[9]^4*a[13]*a[19] + a[9]^4*a[13] - 4*a[9]^3*a[10]^2*a[19] + 4*a[9]^3*a[10]^2 - 8*a[9]^3*a[10]*a[13]*a[19] + 8*a[9]^3*a[10]*a[13] - 4*a[9]^3*a[12]*a[19] + 4*a[9]^3*a[12] - 6*a[9]^2*a[10]^2*a[13]*a[19] + 6*a[9]^2*a[10]^2*a[13] - 12*a[9]^2*a[10]*a[12]*a[19] + 12*a[9]^2*a[10]*a[12] - 6*a[9]^2*a[11]*a[19] + 6*a[9]^2*a[11] - 4*a[9]*a[10]^2*a[12]*a[19] + 4*a[9]*a[10]^2*a[12] - 8*a[9]*a[10]*a[11]*a[19] + 8*a[9]*a[10]*a[11] - a[10]^2*a[11]*a[19] + a[10]^2*a[11] - 12*a[14]*a[17] - 4*a[14]*a[18] - 12*a[15]*a[16] - 12*a[15]*a[17]^2 - 12*a[15]*a[17]*a[18] - 12*a[16]^2*a[17] - 6*a[16]^2*a[18] - 4*a[16]*a[17]^3 - 12*a[16]*a[17]^2*a[18] - a[17]^4*a[18],
6*a[1]^2*a[19] + 12*a[1]*a[2]^2*a[19] + 24*a[1]*a[2]*a[3]*a[19] + 12*a[1]*a[2]*a[6]*a[19] + 4*a[1]*a[3]^2*a[19] + 8*a[1]*a[3]*a[6]*a[19] + 4*a[1]*a[5]*a[19] + a[2]^4*a[19] + 8*a[2]^3*a[3]*a[19] + 4*a[2]^3*a[6]*a[19] + 6*a[2]^2*a[3]^2*a[19] + 12*a[2]^2*a[3]*a[6]*a[19] + 6*a[2]^2*a[5]*a[19] + 4*a[2]*a[3]^2*a[6]*a[19] + 8*a[2]*a[3]*a[5]*a[19] + 4*a[2]*a[4]*a[19] + a[3]^2*a[5]*a[19] + 2*a[3]*a[4]*a[19] - 12*a[7]*a[9]*a[19] + 12*a[7]*a[9] - 8*a[7]*a[10]*a[19] + 8*a[7]*a[10] - 4*a[7]*a[13]*a[19] + 4*a[7]*a[13] - 6*a[8]^2*a[19] + 6*a[8]^2 - 12*a[8]*a[9]^2*a[19] + 12*a[8]*a[9]^2 - 24*a[8]*a[9]*a[10]*a[19] + 24*a[8]*a[9]*a[10] - 12*a[8]*a[9]*a[13]*a[19] + 12*a[8]*a[9]*a[13] - 4*a[8]*a[10]^2*a[19] + 4*a[8]*a[10]^2 - 8*a[8]*a[10]*a[13]*a[19] + 8*a[8]*a[10]*a[13] - 4*a[8]*a[12]*a[19] + 4*a[8]*a[12] - a[9]^4*a[19] + a[9]^4 - 8*a[9]^3*a[10]*a[19] + 8*a[9]^3*a[10] - 4*a[9]^3*a[13]*a[19] + 4*a[9]^3*a[13] - 6*a[9]^2*a[10]^2*a[19] + 6*a[9]^2*a[10]^2 - 12*a[9]^2*a[10]*a[13]*a[19] + 12*a[9]^2*a[10]*a[13] - 6*a[9]^2*a[12]*a[19] + 6*a[9]^2*a[12] - 4*a[9]*a[10]^2*a[13]*a[19] + 4*a[9]*a[10]^2*a[13] - 8*a[9]*a[10]*a[12]*a[19] + 8*a[9]*a[10]*a[12] - 4*a[9]*a[11]*a[19] + 4*a[9]*a[11] - a[10]^2*a[12]*a[19] + a[10]^2*a[12] - 2*a[10]*a[11]*a[19] + 2*a[10]*a[11] - 4*a[14] - 12*a[15]*a[17] - 4*a[15]*a[18] - 6*a[16]^2 - 12*a[16]*a[17]^2 - 12*a[16]*a[17]*a[18] - a[17]^4 - 4*a[17]^3*a[18],
12*a[1]*a[2]*a[19] + 8*a[1]*a[3]*a[19] + 4*a[1]*a[6]*a[19] + 4*a[2]^3*a[19] + 12*a[2]^2*a[3]*a[19] + 6*a[2]^2*a[6]*a[19] + 4*a[2]*a[3]^2*a[19] + 8*a[2]*a[3]*a[6]*a[19] + 4*a[2]*a[5]*a[19] + a[3]^2*a[6]*a[19] + 2*a[3]*a[5]*a[19] + a[4]*a[19] - 4*a[7]*a[19] + 4*a[7] - 12*a[8]*a[9]*a[19] + 12*a[8]*a[9] - 8*a[8]*a[10]*a[19] + 8*a[8]*a[10] - 4*a[8]*a[13]*a[19] + 4*a[8]*a[13] - 4*a[9]^3*a[19] + 4*a[9]^3 - 12*a[9]^2*a[10]*a[19] + 12*a[9]^2*a[10] - 6*a[9]^2*a[13]*a[19] + 6*a[9]^2*a[13] - 4*a[9]*a[10]^2*a[19] + 4*a[9]*a[10]^2 - 8*a[9]*a[10]*a[13]*a[19] + 8*a[9]*a[10]*a[13] - 4*a[9]*a[12]*a[19] + 4*a[9]*a[12] - a[10]^2*a[13]*a[19] + a[10]^2*a[13] - 2*a[10]*a[12]*a[19] + 2*a[10]*a[12] - a[11]*a[19] + a[11] - 4*a[15] - 12*a[16]*a[17] - 4*a[16]*a[18] - 4*a[17]^3 - 6*a[17]^2*a[18],
4*a[1]*a[19] + 6*a[2]^2*a[19] + 8*a[2]*a[3]*a[19] + 4*a[2]*a[6]*a[19] + a[3]^2*a[19] + 2*a[3]*a[6]*a[19] + a[5]*a[19] - 4*a[8]*a[19] + 4*a[8] - 6*a[9]^2*a[19] + 6*a[9]^2 - 8*a[9]*a[10]*a[19] + 8*a[9]*a[10] - 4*a[9]*a[13]*a[19] + 4*a[9]*a[13] - a[10]^2*a[19] + a[10]^2 - 2*a[10]*a[13]*a[19] + 2*a[10]*a[13] - a[12]*a[19] + a[12] - 4*a[16] - 6*a[17]^2 - 4*a[17]*a[18],
4*a[2]*a[19] + 2*a[3]*a[19] + a[6]*a[19] - 4*a[9]*a[19] + 4*a[9] - 2*a[10]*a[19] + 2*a[10] - a[13]*a[19] + a[13] - 4*a[17] - a[18]
]
lambdas: [ 0.177355, 0.357145, 0.249700, 0.652102, 0.123209, 0.370216, 0.434825, 0.268470, 0.376648, 0.136961, 0.526663, 1.43145, 0.353198 ]... 
Taking lambda = 0.252287 - 0.247183*$.1 = 0.252287 - 0.247183*$.1/1.00000... 
Taking normalizing equation a[18] - 1
*New* defining ideal: [
-a[1]*a[3]*a[4]*a[14] - 4*a[1]*a[3]*a[4]*a[15]*a[18] + a[1]*a[3]*a[5]*a[14]*a[18] + 2*a[1]*a[4]*a[14]*a[18] + 4*a[2]*a[3]*a[4]*a[14]*a[18],
a[18] - 1,
-a[7]^4*a[10]^2*a[11]*a[19] + a[7]^4*a[10]^2*a[11] - a[14]^4*a[18],
-a[7]^4*a[10]^2*a[12]*a[19] + a[7]^4*a[10]^2*a[12] - 2*a[7]^4*a[10]*a[11]*a[19] + 2*a[7]^4*a[10]*a[11] - 4*a[7]^3*a[8]*a[10]^2*a[11]*a[19] + 4*a[7]^3*a[8]*a[10]^2*a[11] - a[14]^4 - 4*a[14]^3*a[15]*a[18],
-a[7]^4*a[10]^2*a[13]*a[19] + a[7]^4*a[10]^2*a[13] - 2*a[7]^4*a[10]*a[12]*a[19] + 2*a[7]^4*a[10]*a[12] - a[7]^4*a[11]*a[19] + a[7]^4*a[11] - 4*a[7]^3*a[8]*a[10]^2*a[12]*a[19] + 4*a[7]^3*a[8]*a[10]^2*a[12] - 8*a[7]^3*a[8]*a[10]*a[11]*a[19] + 8*a[7]^3*a[8]*a[10]*a[11] - 4*a[7]^3*a[9]*a[10]^2*a[11]*a[19] + 4*a[7]^3*a[9]*a[10]^2*a[11] - 6*a[7]^2*a[8]^2*a[10]^2*a[11]*a[19] + 6*a[7]^2*a[8]^2*a[10]^2*a[11] - 4*a[14]^3*a[15] - 4*a[14]^3*a[16]*a[18] - 6*a[14]^2*a[15]^2*a[18],
-a[7]^4*a[10]^2*a[19] + a[7]^4*a[10]^2 - 2*a[7]^4*a[10]*a[13]*a[19] + 2*a[7]^4*a[10]*a[13] - a[7]^4*a[12]*a[19] + a[7]^4*a[12] - 4*a[7]^3*a[8]*a[10]^2*a[13]*a[19] + 4*a[7]^3*a[8]*a[10]^2*a[13] - 8*a[7]^3*a[8]*a[10]*a[12]*a[19] + 8*a[7]^3*a[8]*a[10]*a[12] - 4*a[7]^3*a[8]*a[11]*a[19] + 4*a[7]^3*a[8]*a[11] - 4*a[7]^3*a[9]*a[10]^2*a[12]*a[19] + 4*a[7]^3*a[9]*a[10]^2*a[12] - 8*a[7]^3*a[9]*a[10]*a[11]*a[19] + 8*a[7]^3*a[9]*a[10]*a[11] - 4*a[7]^3*a[10]^2*a[11]*a[19] + 4*a[7]^3*a[10]^2*a[11] - 6*a[7]^2*a[8]^2*a[10]^2*a[12]*a[19] + 6*a[7]^2*a[8]^2*a[10]^2*a[12] - 12*a[7]^2*a[8]^2*a[10]*a[11]*a[19] + 12*a[7]^2*a[8]^2*a[10]*a[11] - 12*a[7]^2*a[8]*a[9]*a[10]^2*a[11]*a[19] + 12*a[7]^2*a[8]*a[9]*a[10]^2*a[11] - 4*a[7]*a[8]^3*a[10]^2*a[11]*a[19] + 4*a[7]*a[8]^3*a[10]^2*a[11] - 4*a[14]^3*a[16] - 4*a[14]^3*a[17]*a[18] - 6*a[14]^2*a[15]^2 - 12*a[14]^2*a[15]*a[16]*a[18] - 4*a[14]*a[15]^3*a[18],
a[1]^4*a[3]^2*a[4]*a[19] - 2*a[7]^4*a[10]*a[19] + 2*a[7]^4*a[10] - a[7]^4*a[13]*a[19] + a[7]^4*a[13] - 4*a[7]^3*a[8]*a[10]^2*a[19] + 4*a[7]^3*a[8]*a[10]^2 - 8*a[7]^3*a[8]*a[10]*a[13]*a[19] + 8*a[7]^3*a[8]*a[10]*a[13] - 4*a[7]^3*a[8]*a[12]*a[19] + 4*a[7]^3*a[8]*a[12] - 4*a[7]^3*a[9]*a[10]^2*a[13]*a[19] + 4*a[7]^3*a[9]*a[10]^2*a[13] - 8*a[7]^3*a[9]*a[10]*a[12]*a[19] + 8*a[7]^3*a[9]*a[10]*a[12] - 4*a[7]^3*a[9]*a[11]*a[19] + 4*a[7]^3*a[9]*a[11] - 4*a[7]^3*a[10]^2*a[12]*a[19] + 4*a[7]^3*a[10]^2*a[12] - 8*a[7]^3*a[10]*a[11]*a[19] + 8*a[7]^3*a[10]*a[11] - 6*a[7]^2*a[8]^2*a[10]^2*a[13]*a[19] + 6*a[7]^2*a[8]^2*a[10]^2*a[13] - 12*a[7]^2*a[8]^2*a[10]*a[12]*a[19] + 12*a[7]^2*a[8]^2*a[10]*a[12] - 6*a[7]^2*a[8]^2*a[11]*a[19] + 6*a[7]^2*a[8]^2*a[11] - 12*a[7]^2*a[8]*a[9]*a[10]^2*a[12]*a[19] + 12*a[7]^2*a[8]*a[9]*a[10]^2*a[12] - 24*a[7]^2*a[8]*a[9]*a[10]*a[11]*a[19] + 24*a[7]^2*a[8]*a[9]*a[10]*a[11] - 12*a[7]^2*a[8]*a[10]^2*a[11]*a[19] + 12*a[7]^2*a[8]*a[10]^2*a[11] - 6*a[7]^2*a[9]^2*a[10]^2*a[11]*a[19] + 6*a[7]^2*a[9]^2*a[10]^2*a[11] - 4*a[7]*a[8]^3*a[10]^2*a[12]*a[19] + 4*a[7]*a[8]^3*a[10]^2*a[12] - 8*a[7]*a[8]^3*a[10]*a[11]*a[19] + 8*a[7]*a[8]^3*a[10]*a[11] - 12*a[7]*a[8]^2*a[9]*a[10]^2*a[11]*a[19] + 12*a[7]*a[8]^2*a[9]*a[10]^2*a[11] - a[8]^4*a[10]^2*a[11]*a[19] + a[8]^4*a[10]^2*a[11] - 4*a[14]^3*a[17] - 4*a[14]^3*a[18] - 12*a[14]^2*a[15]*a[16] - 12*a[14]^2*a[15]*a[17]*a[18] - 6*a[14]^2*a[16]^2*a[18] - 4*a[14]*a[15]^3 - 12*a[14]*a[15]^2*a[16]*a[18] - a[15]^4*a[18],
a[1]^4*a[3]^2*a[5]*a[19] + 2*a[1]^4*a[3]*a[4]*a[19] + 4*a[1]^3*a[2]*a[3]^2*a[4]*a[19] - a[7]^4*a[19] + a[7]^4 - 8*a[7]^3*a[8]*a[10]*a[19] + 8*a[7]^3*a[8]*a[10] - 4*a[7]^3*a[8]*a[13]*a[19] + 4*a[7]^3*a[8]*a[13] - 4*a[7]^3*a[9]*a[10]^2*a[19] + 4*a[7]^3*a[9]*a[10]^2 - 8*a[7]^3*a[9]*a[10]*a[13]*a[19] + 8*a[7]^3*a[9]*a[10]*a[13] - 4*a[7]^3*a[9]*a[12]*a[19] + 4*a[7]^3*a[9]*a[12] - 4*a[7]^3*a[10]^2*a[13]*a[19] + 4*a[7]^3*a[10]^2*a[13] - 8*a[7]^3*a[10]*a[12]*a[19] + 8*a[7]^3*a[10]*a[12] - 4*a[7]^3*a[11]*a[19] + 4*a[7]^3*a[11] - 6*a[7]^2*a[8]^2*a[10]^2*a[19] + 6*a[7]^2*a[8]^2*a[10]^2 - 12*a[7]^2*a[8]^2*a[10]*a[13]*a[19] + 12*a[7]^2*a[8]^2*a[10]*a[13] - 6*a[7]^2*a[8]^2*a[12]*a[19] + 6*a[7]^2*a[8]^2*a[12] - 12*a[7]^2*a[8]*a[9]*a[10]^2*a[13]*a[19] + 12*a[7]^2*a[8]*a[9]*a[10]^2*a[13] - 24*a[7]^2*a[8]*a[9]*a[10]*a[12]*a[19] + 24*a[7]^2*a[8]*a[9]*a[10]*a[12] - 12*a[7]^2*a[8]*a[9]*a[11]*a[19] + 12*a[7]^2*a[8]*a[9]*a[11] - 12*a[7]^2*a[8]*a[10]^2*a[12]*a[19] + 12*a[7]^2*a[8]*a[10]^2*a[12] - 24*a[7]^2*a[8]*a[10]*a[11]*a[19] + 24*a[7]^2*a[8]*a[10]*a[11] - 6*a[7]^2*a[9]^2*a[10]^2*a[12]*a[19] + 6*a[7]^2*a[9]^2*a[10]^2*a[12] - 12*a[7]^2*a[9]^2*a[10]*a[11]*a[19] + 12*a[7]^2*a[9]^2*a[10]*a[11] - 12*a[7]^2*a[9]*a[10]^2*a[11]*a[19] + 12*a[7]^2*a[9]*a[10]^2*a[11] - 4*a[7]*a[8]^3*a[10]^2*a[13]*a[19] + 4*a[7]*a[8]^3*a[10]^2*a[13] - 8*a[7]*a[8]^3*a[10]*a[12]*a[19] + 8*a[7]*a[8]^3*a[10]*a[12] - 4*a[7]*a[8]^3*a[11]*a[19] + 4*a[7]*a[8]^3*a[11] - 12*a[7]*a[8]^2*a[9]*a[10]^2*a[12]*a[19] + 12*a[7]*a[8]^2*a[9]*a[10]^2*a[12] - 24*a[7]*a[8]^2*a[9]*a[10]*a[11]*a[19] + 24*a[7]*a[8]^2*a[9]*a[10]*a[11] - 12*a[7]*a[8]^2*a[10]^2*a[11]*a[19] + 12*a[7]*a[8]^2*a[10]^2*a[11] - 12*a[7]*a[8]*a[9]^2*a[10]^2*a[11]*a[19] + 12*a[7]*a[8]*a[9]^2*a[10]^2*a[11] - a[8]^4*a[10]^2*a[12]*a[19] + a[8]^4*a[10]^2*a[12] - 2*a[8]^4*a[10]*a[11]*a[19] + 2*a[8]^4*a[10]*a[11] - 4*a[8]^3*a[9]*a[10]^2*a[11]*a[19] + 4*a[8]^3*a[9]*a[10]^2*a[11] - 4*a[14]^3 - 12*a[14]^2*a[15]*a[17] - 12*a[14]^2*a[15]*a[18] - 6*a[14]^2*a[16]^2 - 12*a[14]^2*a[16]*a[17]*a[18] - 12*a[14]*a[15]^2*a[16] - 12*a[14]*a[15]^2*a[17]*a[18] - 12*a[14]*a[15]*a[16]^2*a[18] - a[15]^4 - 4*a[15]^3*a[16]*a[18],
a[1]^4*a[3]^2*a[6]*a[19] + 2*a[1]^4*a[3]*a[5]*a[19] + a[1]^4*a[4]*a[19] + 4*a[1]^3*a[2]*a[3]^2*a[5]*a[19] + 8*a[1]^3*a[2]*a[3]*a[4]*a[19] + 4*a[1]^3*a[3]^2*a[4]*a[19] + 6*a[1]^2*a[2]^2*a[3]^2*a[4]*a[19] - 4*a[7]^3*a[8]*a[19] + 4*a[7]^3*a[8] - 8*a[7]^3*a[9]*a[10]*a[19] + 8*a[7]^3*a[9]*a[10] - 4*a[7]^3*a[9]*a[13]*a[19] + 4*a[7]^3*a[9]*a[13] - 4*a[7]^3*a[10]^2*a[19] + 4*a[7]^3*a[10]^2 - 8*a[7]^3*a[10]*a[13]*a[19] + 8*a[7]^3*a[10]*a[13] - 4*a[7]^3*a[12]*a[19] + 4*a[7]^3*a[12] - 12*a[7]^2*a[8]^2*a[10]*a[19] + 12*a[7]^2*a[8]^2*a[10] - 6*a[7]^2*a[8]^2*a[13]*a[19] + 6*a[7]^2*a[8]^2*a[13] - 12*a[7]^2*a[8]*a[9]*a[10]^2*a[19] + 12*a[7]^2*a[8]*a[9]*a[10]^2 - 24*a[7]^2*a[8]*a[9]*a[10]*a[13]*a[19] + 24*a[7]^2*a[8]*a[9]*a[10]*a[13] - 12*a[7]^2*a[8]*a[9]*a[12]*a[19] + 12*a[7]^2*a[8]*a[9]*a[12] - 12*a[7]^2*a[8]*a[10]^2*a[13]*a[19] + 12*a[7]^2*a[8]*a[10]^2*a[13] - 24*a[7]^2*a[8]*a[10]*a[12]*a[19] + 24*a[7]^2*a[8]*a[10]*a[12] - 12*a[7]^2*a[8]*a[11]*a[19] + 12*a[7]^2*a[8]*a[11] - 6*a[7]^2*a[9]^2*a[10]^2*a[13]*a[19] + 6*a[7]^2*a[9]^2*a[10]^2*a[13] - 12*a[7]^2*a[9]^2*a[10]*a[12]*a[19] + 12*a[7]^2*a[9]^2*a[10]*a[12] - 6*a[7]^2*a[9]^2*a[11]*a[19] + 6*a[7]^2*a[9]^2*a[11] - 12*a[7]^2*a[9]*a[10]^2*a[12]*a[19] + 12*a[7]^2*a[9]*a[10]^2*a[12] - 24*a[7]^2*a[9]*a[10]*a[11]*a[19] + 24*a[7]^2*a[9]*a[10]*a[11] - 6*a[7]^2*a[10]^2*a[11]*a[19] + 6*a[7]^2*a[10]^2*a[11] - 4*a[7]*a[8]^3*a[10]^2*a[19] + 4*a[7]*a[8]^3*a[10]^2 - 8*a[7]*a[8]^3*a[10]*a[13]*a[19] + 8*a[7]*a[8]^3*a[10]*a[13] - 4*a[7]*a[8]^3*a[12]*a[19] + 4*a[7]*a[8]^3*a[12] - 12*a[7]*a[8]^2*a[9]*a[10]^2*a[13]*a[19] + 12*a[7]*a[8]^2*a[9]*a[10]^2*a[13] - 24*a[7]*a[8]^2*a[9]*a[10]*a[12]*a[19] + 24*a[7]*a[8]^2*a[9]*a[10]*a[12] - 12*a[7]*a[8]^2*a[9]*a[11]*a[19] + 12*a[7]*a[8]^2*a[9]*a[11] - 12*a[7]*a[8]^2*a[10]^2*a[12]*a[19] + 12*a[7]*a[8]^2*a[10]^2*a[12] - 24*a[7]*a[8]^2*a[10]*a[11]*a[19] + 24*a[7]*a[8]^2*a[10]*a[11] - 12*a[7]*a[8]*a[9]^2*a[10]^2*a[12]*a[19] + 12*a[7]*a[8]*a[9]^2*a[10]^2*a[12] - 24*a[7]*a[8]*a[9]^2*a[10]*a[11]*a[19] + 24*a[7]*a[8]*a[9]^2*a[10]*a[11] - 24*a[7]*a[8]*a[9]*a[10]^2*a[11]*a[19] + 24*a[7]*a[8]*a[9]*a[10]^2*a[11] - 4*a[7]*a[9]^3*a[10]^2*a[11]*a[19] + 4*a[7]*a[9]^3*a[10]^2*a[11] - a[8]^4*a[10]^2*a[13]*a[19] + a[8]^4*a[10]^2*a[13] - 2*a[8]^4*a[10]*a[12]*a[19] + 2*a[8]^4*a[10]*a[12] - a[8]^4*a[11]*a[19] + a[8]^4*a[11] - 4*a[8]^3*a[9]*a[10]^2*a[12]*a[19] + 4*a[8]^3*a[9]*a[10]^2*a[12] - 8*a[8]^3*a[9]*a[10]*a[11]*a[19] + 8*a[8]^3*a[9]*a[10]*a[11] - 4*a[8]^3*a[10]^2*a[11]*a[19] + 4*a[8]^3*a[10]^2*a[11] - 6*a[8]^2*a[9]^2*a[10]^2*a[11]*a[19] + 6*a[8]^2*a[9]^2*a[10]^2*a[11] - 12*a[14]^2*a[15] - 12*a[14]^2*a[16]*a[17] - 12*a[14]^2*a[16]*a[18] - 6*a[14]^2*a[17]^2*a[18] - 12*a[14]*a[15]^2*a[17] - 12*a[14]*a[15]^2*a[18] - 12*a[14]*a[15]*a[16]^2 - 24*a[14]*a[15]*a[16]*a[17]*a[18] - 4*a[14]*a[16]^3*a[18] - 4*a[15]^3*a[16] - 4*a[15]^3*a[17]*a[18] - 6*a[15]^2*a[16]^2*a[18],
a[1]^4*a[3]^2*a[19] + 2*a[1]^4*a[3]*a[6]*a[19] + a[1]^4*a[5]*a[19] + 4*a[1]^3*a[2]*a[3]^2*a[6]*a[19] + 8*a[1]^3*a[2]*a[3]*a[5]*a[19] + 4*a[1]^3*a[2]*a[4]*a[19] + 4*a[1]^3*a[3]^2*a[5]*a[19] + 8*a[1]^3*a[3]*a[4]*a[19] + 6*a[1]^2*a[2]^2*a[3]^2*a[5]*a[19] + 12*a[1]^2*a[2]^2*a[3]*a[4]*a[19] + 12*a[1]^2*a[2]*a[3]^2*a[4]*a[19] + 4*a[1]*a[2]^3*a[3]^2*a[4]*a[19] - 4*a[7]^3*a[9]*a[19] + 4*a[7]^3*a[9] - 8*a[7]^3*a[10]*a[19] + 8*a[7]^3*a[10] - 4*a[7]^3*a[13]*a[19] + 4*a[7]^3*a[13] - 6*a[7]^2*a[8]^2*a[19] + 6*a[7]^2*a[8]^2 - 24*a[7]^2*a[8]*a[9]*a[10]*a[19] + 24*a[7]^2*a[8]*a[9]*a[10] - 12*a[7]^2*a[8]*a[9]*a[13]*a[19] + 12*a[7]^2*a[8]*a[9]*a[13] - 12*a[7]^2*a[8]*a[10]^2*a[19] + 12*a[7]^2*a[8]*a[10]^2 - 24*a[7]^2*a[8]*a[10]*a[13]*a[19] + 24*a[7]^2*a[8]*a[10]*a[13] - 12*a[7]^2*a[8]*a[12]*a[19] + 12*a[7]^2*a[8]*a[12] - 6*a[7]^2*a[9]^2*a[10]^2*a[19] + 6*a[7]^2*a[9]^2*a[10]^2 - 12*a[7]^2*a[9]^2*a[10]*a[13]*a[19] + 12*a[7]^2*a[9]^2*a[10]*a[13] - 6*a[7]^2*a[9]^2*a[12]*a[19] + 6*a[7]^2*a[9]^2*a[12] - 12*a[7]^2*a[9]*a[10]^2*a[13]*a[19] + 12*a[7]^2*a[9]*a[10]^2*a[13] - 24*a[7]^2*a[9]*a[10]*a[12]*a[19] + 24*a[7]^2*a[9]*a[10]*a[12] - 12*a[7]^2*a[9]*a[11]*a[19] + 12*a[7]^2*a[9]*a[11] - 6*a[7]^2*a[10]^2*a[12]*a[19] + 6*a[7]^2*a[10]^2*a[12] - 12*a[7]^2*a[10]*a[11]*a[19] + 12*a[7]^2*a[10]*a[11] - 8*a[7]*a[8]^3*a[10]*a[19] + 8*a[7]*a[8]^3*a[10] - 4*a[7]*a[8]^3*a[13]*a[19] + 4*a[7]*a[8]^3*a[13] - 12*a[7]*a[8]^2*a[9]*a[10]^2*a[19] + 12*a[7]*a[8]^2*a[9]*a[10]^2 - 24*a[7]*a[8]^2*a[9]*a[10]*a[13]*a[19] + 24*a[7]*a[8]^2*a[9]*a[10]*a[13] - 12*a[7]*a[8]^2*a[9]*a[12]*a[19] + 12*a[7]*a[8]^2*a[9]*a[12] - 12*a[7]*a[8]^2*a[10]^2*a[13]*a[19] + 12*a[7]*a[8]^2*a[10]^2*a[13] - 24*a[7]*a[8]^2*a[10]*a[12]*a[19] + 24*a[7]*a[8]^2*a[10]*a[12] - 12*a[7]*a[8]^2*a[11]*a[19] + 12*a[7]*a[8]^2*a[11] - 12*a[7]*a[8]*a[9]^2*a[10]^2*a[13]*a[19] + 12*a[7]*a[8]*a[9]^2*a[10]^2*a[13] - 24*a[7]*a[8]*a[9]^2*a[10]*a[12]*a[19] + 24*a[7]*a[8]*a[9]^2*a[10]*a[12] - 12*a[7]*a[8]*a[9]^2*a[11]*a[19] + 12*a[7]*a[8]*a[9]^2*a[11] - 24*a[7]*a[8]*a[9]*a[10]^2*a[12]*a[19] + 24*a[7]*a[8]*a[9]*a[10]^2*a[12] - 48*a[7]*a[8]*a[9]*a[10]*a[11]*a[19] + 48*a[7]*a[8]*a[9]*a[10]*a[11] - 12*a[7]*a[8]*a[10]^2*a[11]*a[19] + 12*a[7]*a[8]*a[10]^2*a[11] - 4*a[7]*a[9]^3*a[10]^2*a[12]*a[19] + 4*a[7]*a[9]^3*a[10]^2*a[12] - 8*a[7]*a[9]^3*a[10]*a[11]*a[19] + 8*a[7]*a[9]^3*a[10]*a[11] - 12*a[7]*a[9]^2*a[10]^2*a[11]*a[19] + 12*a[7]*a[9]^2*a[10]^2*a[11] - a[8]^4*a[10]^2*a[19] + a[8]^4*a[10]^2 - 2*a[8]^4*a[10]*a[13]*a[19] + 2*a[8]^4*a[10]*a[13] - a[8]^4*a[12]*a[19] + a[8]^4*a[12] - 4*a[8]^3*a[9]*a[10]^2*a[13]*a[19] + 4*a[8]^3*a[9]*a[10]^2*a[13] - 8*a[8]^3*a[9]*a[10]*a[12]*a[19] + 8*a[8]^3*a[9]*a[10]*a[12] - 4*a[8]^3*a[9]*a[11]*a[19] + 4*a[8]^3*a[9]*a[11] - 4*a[8]^3*a[10]^2*a[12]*a[19] + 4*a[8]^3*a[10]^2*a[12] - 8*a[8]^3*a[10]*a[11]*a[19] + 8*a[8]^3*a[10]*a[11] - 6*a[8]^2*a[9]^2*a[10]^2*a[12]*a[19] + 6*a[8]^2*a[9]^2*a[10]^2*a[12] - 12*a[8]^2*a[9]^2*a[10]*a[11]*a[19] + 12*a[8]^2*a[9]^2*a[10]*a[11] - 12*a[8]^2*a[9]*a[10]^2*a[11]*a[19] + 12*a[8]^2*a[9]*a[10]^2*a[11] - 4*a[8]*a[9]^3*a[10]^2*a[11]*a[19] + 4*a[8]*a[9]^3*a[10]^2*a[11] - 12*a[14]^2*a[16] - 6*a[14]^2*a[17]^2 - 12*a[14]^2*a[17]*a[18] - 12*a[14]*a[15]^2 - 24*a[14]*a[15]*a[16]*a[17] - 24*a[14]*a[15]*a[16]*a[18] - 12*a[14]*a[15]*a[17]^2*a[18] - 4*a[14]*a[16]^3 - 12*a[14]*a[16]^2*a[17]*a[18] - 4*a[15]^3*a[17] - 4*a[15]^3*a[18] - 6*a[15]^2*a[16]^2 - 12*a[15]^2*a[16]*a[17]*a[18] - 4*a[15]*a[16]^3*a[18],
2*a[1]^4*a[3]*a[19] + a[1]^4*a[6]*a[19] + 4*a[1]^3*a[2]*a[3]^2*a[19] + 8*a[1]^3*a[2]*a[3]*a[6]*a[19] + 4*a[1]^3*a[2]*a[5]*a[19] + 4*a[1]^3*a[3]^2*a[6]*a[19] + 8*a[1]^3*a[3]*a[5]*a[19] + 4*a[1]^3*a[4]*a[19] + 6*a[1]^2*a[2]^2*a[3]^2*a[6]*a[19] + 12*a[1]^2*a[2]^2*a[3]*a[5]*a[19] + 6*a[1]^2*a[2]^2*a[4]*a[19] + 12*a[1]^2*a[2]*a[3]^2*a[5]*a[19] + 24*a[1]^2*a[2]*a[3]*a[4]*a[19] + 6*a[1]^2*a[3]^2*a[4]*a[19] + 4*a[1]*a[2]^3*a[3]^2*a[5]*a[19] + 8*a[1]*a[2]^3*a[3]*a[4]*a[19] + 12*a[1]*a[2]^2*a[3]^2*a[4]*a[19] + a[2]^4*a[3]^2*a[4]*a[19] - 4*a[7]^3*a[19] + 4*a[7]^3 - 12*a[7]^2*a[8]*a[9]*a[19] + 12*a[7]^2*a[8]*a[9] - 24*a[7]^2*a[8]*a[10]*a[19] + 24*a[7]^2*a[8]*a[10] - 12*a[7]^2*a[8]*a[13]*a[19] + 12*a[7]^2*a[8]*a[13] - 12*a[7]^2*a[9]^2*a[10]*a[19] + 12*a[7]^2*a[9]^2*a[10] - 6*a[7]^2*a[9]^2*a[13]*a[19] + 6*a[7]^2*a[9]^2*a[13] - 12*a[7]^2*a[9]*a[10]^2*a[19] + 12*a[7]^2*a[9]*a[10]^2 - 24*a[7]^2*a[9]*a[10]*a[13]*a[19] + 24*a[7]^2*a[9]*a[10]*a[13] - 12*a[7]^2*a[9]*a[12]*a[19] + 12*a[7]^2*a[9]*a[12] - 6*a[7]^2*a[10]^2*a[13]*a[19] + 6*a[7]^2*a[10]^2*a[13] - 12*a[7]^2*a[10]*a[12]*a[19] + 12*a[7]^2*a[10]*a[12] - 6*a[7]^2*a[11]*a[19] + 6*a[7]^2*a[11] - 4*a[7]*a[8]^3*a[19] + 4*a[7]*a[8]^3 - 24*a[7]*a[8]^2*a[9]*a[10]*a[19] + 24*a[7]*a[8]^2*a[9]*a[10] - 12*a[7]*a[8]^2*a[9]*a[13]*a[19] + 12*a[7]*a[8]^2*a[9]*a[13] - 12*a[7]*a[8]^2*a[10]^2*a[19] + 12*a[7]*a[8]^2*a[10]^2 - 24*a[7]*a[8]^2*a[10]*a[13]*a[19] + 24*a[7]*a[8]^2*a[10]*a[13] - 12*a[7]*a[8]^2*a[12]*a[19] + 12*a[7]*a[8]^2*a[12] - 12*a[7]*a[8]*a[9]^2*a[10]^2*a[19] + 12*a[7]*a[8]*a[9]^2*a[10]^2 - 24*a[7]*a[8]*a[9]^2*a[10]*a[13]*a[19] + 24*a[7]*a[8]*a[9]^2*a[10]*a[13] - 12*a[7]*a[8]*a[9]^2*a[12]*a[19] + 12*a[7]*a[8]*a[9]^2*a[12] - 24*a[7]*a[8]*a[9]*a[10]^2*a[13]*a[19] + 24*a[7]*a[8]*a[9]*a[10]^2*a[13] - 48*a[7]*a[8]*a[9]*a[10]*a[12]*a[19] + 48*a[7]*a[8]*a[9]*a[10]*a[12] - 24*a[7]*a[8]*a[9]*a[11]*a[19] + 24*a[7]*a[8]*a[9]*a[11] - 12*a[7]*a[8]*a[10]^2*a[12]*a[19] + 12*a[7]*a[8]*a[10]^2*a[12] - 24*a[7]*a[8]*a[10]*a[11]*a[19] + 24*a[7]*a[8]*a[10]*a[11] - 4*a[7]*a[9]^3*a[10]^2*a[13]*a[19] + 4*a[7]*a[9]^3*a[10]^2*a[13] - 8*a[7]*a[9]^3*a[10]*a[12]*a[19] + 8*a[7]*a[9]^3*a[10]*a[12] - 4*a[7]*a[9]^3*a[11]*a[19] + 4*a[7]*a[9]^3*a[11] - 12*a[7]*a[9]^2*a[10]^2*a[12]*a[19] + 12*a[7]*a[9]^2*a[10]^2*a[12] - 24*a[7]*a[9]^2*a[10]*a[11]*a[19] + 24*a[7]*a[9]^2*a[10]*a[11] - 12*a[7]*a[9]*a[10]^2*a[11]*a[19] + 12*a[7]*a[9]*a[10]^2*a[11] - 2*a[8]^4*a[10]*a[19] + 2*a[8]^4*a[10] - a[8]^4*a[13]*a[19] + a[8]^4*a[13] - 4*a[8]^3*a[9]*a[10]^2*a[19] + 4*a[8]^3*a[9]*a[10]^2 - 8*a[8]^3*a[9]*a[10]*a[13]*a[19] + 8*a[8]^3*a[9]*a[10]*a[13] - 4*a[8]^3*a[9]*a[12]*a[19] + 4*a[8]^3*a[9]*a[12] - 4*a[8]^3*a[10]^2*a[13]*a[19] + 4*a[8]^3*a[10]^2*a[13] - 8*a[8]^3*a[10]*a[12]*a[19] + 8*a[8]^3*a[10]*a[12] - 4*a[8]^3*a[11]*a[19] + 4*a[8]^3*a[11] - 6*a[8]^2*a[9]^2*a[10]^2*a[13]*a[19] + 6*a[8]^2*a[9]^2*a[10]^2*a[13] - 12*a[8]^2*a[9]^2*a[10]*a[12]*a[19] + 12*a[8]^2*a[9]^2*a[10]*a[12] - 6*a[8]^2*a[9]^2*a[11]*a[19] + 6*a[8]^2*a[9]^2*a[11] - 12*a[8]^2*a[9]*a[10]^2*a[12]*a[19] + 12*a[8]^2*a[9]*a[10]^2*a[12] - 24*a[8]^2*a[9]*a[10]*a[11]*a[19] + 24*a[8]^2*a[9]*a[10]*a[11] - 6*a[8]^2*a[10]^2*a[11]*a[19] + 6*a[8]^2*a[10]^2*a[11] - 4*a[8]*a[9]^3*a[10]^2*a[12]*a[19] + 4*a[8]*a[9]^3*a[10]^2*a[12] - 8*a[8]*a[9]^3*a[10]*a[11]*a[19] + 8*a[8]*a[9]^3*a[10]*a[11] - 12*a[8]*a[9]^2*a[10]^2*a[11]*a[19] + 12*a[8]*a[9]^2*a[10]^2*a[11] - a[9]^4*a[10]^2*a[11]*a[19] + a[9]^4*a[10]^2*a[11] - 12*a[14]^2*a[17] - 6*a[14]^2*a[18] - 24*a[14]*a[15]*a[16] - 12*a[14]*a[15]*a[17]^2 - 24*a[14]*a[15]*a[17]*a[18] - 12*a[14]*a[16]^2*a[17] - 12*a[14]*a[16]^2*a[18] - 12*a[14]*a[16]*a[17]^2*a[18] - 4*a[15]^3 - 12*a[15]^2*a[16]*a[17] - 12*a[15]^2*a[16]*a[18] - 6*a[15]^2*a[17]^2*a[18] - 4*a[15]*a[16]^3 - 12*a[15]*a[16]^2*a[17]*a[18] - a[16]^4*a[18],
a[1]^4*a[19] + 8*a[1]^3*a[2]*a[3]*a[19] + 4*a[1]^3*a[2]*a[6]*a[19] + 4*a[1]^3*a[3]^2*a[19] + 8*a[1]^3*a[3]*a[6]*a[19] + 4*a[1]^3*a[5]*a[19] + 6*a[1]^2*a[2]^2*a[3]^2*a[19] + 12*a[1]^2*a[2]^2*a[3]*a[6]*a[19] + 6*a[1]^2*a[2]^2*a[5]*a[19] + 12*a[1]^2*a[2]*a[3]^2*a[6]*a[19] + 24*a[1]^2*a[2]*a[3]*a[5]*a[19] + 12*a[1]^2*a[2]*a[4]*a[19] + 6*a[1]^2*a[3]^2*a[5]*a[19] + 12*a[1]^2*a[3]*a[4]*a[19] + 4*a[1]*a[2]^3*a[3]^2*a[6]*a[19] + 8*a[1]*a[2]^3*a[3]*a[5]*a[19] + 4*a[1]*a[2]^3*a[4]*a[19] + 12*a[1]*a[2]^2*a[3]^2*a[5]*a[19] + 24*a[1]*a[2]^2*a[3]*a[4]*a[19] + 12*a[1]*a[2]*a[3]^2*a[4]*a[19] + a[2]^4*a[3]^2*a[5]*a[19] + 2*a[2]^4*a[3]*a[4]*a[19] + 4*a[2]^3*a[3]^2*a[4]*a[19] - 12*a[7]^2*a[8]*a[19] + 12*a[7]^2*a[8] - 6*a[7]^2*a[9]^2*a[19] + 6*a[7]^2*a[9]^2 - 24*a[7]^2*a[9]*a[10]*a[19] + 24*a[7]^2*a[9]*a[10] - 12*a[7]^2*a[9]*a[13]*a[19] + 12*a[7]^2*a[9]*a[13] - 6*a[7]^2*a[10]^2*a[19] + 6*a[7]^2*a[10]^2 - 12*a[7]^2*a[10]*a[13]*a[19] + 12*a[7]^2*a[10]*a[13] - 6*a[7]^2*a[12]*a[19] + 6*a[7]^2*a[12] - 12*a[7]*a[8]^2*a[9]*a[19] + 12*a[7]*a[8]^2*a[9] - 24*a[7]*a[8]^2*a[10]*a[19] + 24*a[7]*a[8]^2*a[10] - 12*a[7]*a[8]^2*a[13]*a[19] + 12*a[7]*a[8]^2*a[13] - 24*a[7]*a[8]*a[9]^2*a[10]*a[19] + 24*a[7]*a[8]*a[9]^2*a[10] - 12*a[7]*a[8]*a[9]^2*a[13]*a[19] + 12*a[7]*a[8]*a[9]^2*a[13] - 24*a[7]*a[8]*a[9]*a[10]^2*a[19] + 24*a[7]*a[8]*a[9]*a[10]^2 - 48*a[7]*a[8]*a[9]*a[10]*a[13]*a[19] + 48*a[7]*a[8]*a[9]*a[10]*a[13] - 24*a[7]*a[8]*a[9]*a[12]*a[19] + 24*a[7]*a[8]*a[9]*a[12] - 12*a[7]*a[8]*a[10]^2*a[13]*a[19] + 12*a[7]*a[8]*a[10]^2*a[13] - 24*a[7]*a[8]*a[10]*a[12]*a[19] + 24*a[7]*a[8]*a[10]*a[12] - 12*a[7]*a[8]*a[11]*a[19] + 12*a[7]*a[8]*a[11] - 4*a[7]*a[9]^3*a[10]^2*a[19] + 4*a[7]*a[9]^3*a[10]^2 - 8*a[7]*a[9]^3*a[10]*a[13]*a[19] + 8*a[7]*a[9]^3*a[10]*a[13] - 4*a[7]*a[9]^3*a[12]*a[19] + 4*a[7]*a[9]^3*a[12] - 12*a[7]*a[9]^2*a[10]^2*a[13]*a[19] + 12*a[7]*a[9]^2*a[10]^2*a[13] - 24*a[7]*a[9]^2*a[10]*a[12]*a[19] + 24*a[7]*a[9]^2*a[10]*a[12] - 12*a[7]*a[9]^2*a[11]*a[19] + 12*a[7]*a[9]^2*a[11] - 12*a[7]*a[9]*a[10]^2*a[12]*a[19] + 12*a[7]*a[9]*a[10]^2*a[12] - 24*a[7]*a[9]*a[10]*a[11]*a[19] + 24*a[7]*a[9]*a[10]*a[11] - 4*a[7]*a[10]^2*a[11]*a[19] + 4*a[7]*a[10]^2*a[11] - a[8]^4*a[19] + a[8]^4 - 8*a[8]^3*a[9]*a[10]*a[19] + 8*a[8]^3*a[9]*a[10] - 4*a[8]^3*a[9]*a[13]*a[19] + 4*a[8]^3*a[9]*a[13] - 4*a[8]^3*a[10]^2*a[19] + 4*a[8]^3*a[10]^2 - 8*a[8]^3*a[10]*a[13]*a[19] + 8*a[8]^3*a[10]*a[13] - 4*a[8]^3*a[12]*a[19] + 4*a[8]^3*a[12] - 6*a[8]^2*a[9]^2*a[10]^2*a[19] + 6*a[8]^2*a[9]^2*a[10]^2 - 12*a[8]^2*a[9]^2*a[10]*a[13]*a[19] + 12*a[8]^2*a[9]^2*a[10]*a[13] - 6*a[8]^2*a[9]^2*a[12]*a[19] + 6*a[8]^2*a[9]^2*a[12] - 12*a[8]^2*a[9]*a[10]^2*a[13]*a[19] + 12*a[8]^2*a[9]*a[10]^2*a[13] - 24*a[8]^2*a[9]*a[10]*a[12]*a[19] + 24*a[8]^2*a[9]*a[10]*a[12] - 12*a[8]^2*a[9]*a[11]*a[19] + 12*a[8]^2*a[9]*a[11] - 6*a[8]^2*a[10]^2*a[12]*a[19] + 6*a[8]^2*a[10]^2*a[12] - 12*a[8]^2*a[10]*a[11]*a[19] + 12*a[8]^2*a[10]*a[11] - 4*a[8]*a[9]^3*a[10]^2*a[13]*a[19] + 4*a[8]*a[9]^3*a[10]^2*a[13] - 8*a[8]*a[9]^3*a[10]*a[12]*a[19] + 8*a[8]*a[9]^3*a[10]*a[12] - 4*a[8]*a[9]^3*a[11]*a[19] + 4*a[8]*a[9]^3*a[11] - 12*a[8]*a[9]^2*a[10]^2*a[12]*a[19] + 12*a[8]*a[9]^2*a[10]^2*a[12] - 24*a[8]*a[9]^2*a[10]*a[11]*a[19] + 24*a[8]*a[9]^2*a[10]*a[11] - 12*a[8]*a[9]*a[10]^2*a[11]*a[19] + 12*a[8]*a[9]*a[10]^2*a[11] - a[9]^4*a[10]^2*a[12]*a[19] + a[9]^4*a[10]^2*a[12] - 2*a[9]^4*a[10]*a[11]*a[19] + 2*a[9]^4*a[10]*a[11] - 4*a[9]^3*a[10]^2*a[11]*a[19] + 4*a[9]^3*a[10]^2*a[11] - 6*a[14]^2 - 24*a[14]*a[15]*a[17] - 12*a[14]*a[15]*a[18] - 12*a[14]*a[16]^2 - 12*a[14]*a[16]*a[17]^2 - 24*a[14]*a[16]*a[17]*a[18] - 4*a[14]*a[17]^3*a[18] - 12*a[15]^2*a[16] - 6*a[15]^2*a[17]^2 - 12*a[15]^2*a[17]*a[18] - 12*a[15]*a[16]^2*a[17] - 12*a[15]*a[16]^2*a[18] - 12*a[15]*a[16]*a[17]^2*a[18] - a[16]^4 - 4*a[16]^3*a[17]*a[18],
4*a[1]^3*a[2]*a[19] + 8*a[1]^3*a[3]*a[19] + 4*a[1]^3*a[6]*a[19] + 12*a[1]^2*a[2]^2*a[3]*a[19] + 6*a[1]^2*a[2]^2*a[6]*a[19] + 12*a[1]^2*a[2]*a[3]^2*a[19] + 24*a[1]^2*a[2]*a[3]*a[6]*a[19] + 12*a[1]^2*a[2]*a[5]*a[19] + 6*a[1]^2*a[3]^2*a[6]*a[19] + 12*a[1]^2*a[3]*a[5]*a[19] + 6*a[1]^2*a[4]*a[19] + 4*a[1]*a[2]^3*a[3]^2*a[19] + 8*a[1]*a[2]^3*a[3]*a[6]*a[19] + 4*a[1]*a[2]^3*a[5]*a[19] + 12*a[1]*a[2]^2*a[3]^2*a[6]*a[19] + 24*a[1]*a[2]^2*a[3]*a[5]*a[19] + 12*a[1]*a[2]^2*a[4]*a[19] + 12*a[1]*a[2]*a[3]^2*a[5]*a[19] + 24*a[1]*a[2]*a[3]*a[4]*a[19] + 4*a[1]*a[3]^2*a[4]*a[19] + a[2]^4*a[3]^2*a[6]*a[19] + 2*a[2]^4*a[3]*a[5]*a[19] + a[2]^4*a[4]*a[19] + 4*a[2]^3*a[3]^2*a[5]*a[19] + 8*a[2]^3*a[3]*a[4]*a[19] + 6*a[2]^2*a[3]^2*a[4]*a[19] - 12*a[7]^2*a[9]*a[19] + 12*a[7]^2*a[9] - 12*a[7]^2*a[10]*a[19] + 12*a[7]^2*a[10] - 6*a[7]^2*a[13]*a[19] + 6*a[7]^2*a[13] - 12*a[7]*a[8]^2*a[19] + 12*a[7]*a[8]^2 - 12*a[7]*a[8]*a[9]^2*a[19] + 12*a[7]*a[8]*a[9]^2 - 48*a[7]*a[8]*a[9]*a[10]*a[19] + 48*a[7]*a[8]*a[9]*a[10] - 24*a[7]*a[8]*a[9]*a[13]*a[19] + 24*a[7]*a[8]*a[9]*a[13] - 12*a[7]*a[8]*a[10]^2*a[19] + 12*a[7]*a[8]*a[10]^2 - 24*a[7]*a[8]*a[10]*a[13]*a[19] + 24*a[7]*a[8]*a[10]*a[13] - 12*a[7]*a[8]*a[12]*a[19] + 12*a[7]*a[8]*a[12] - 8*a[7]*a[9]^3*a[10]*a[19] + 8*a[7]*a[9]^3*a[10] - 4*a[7]*a[9]^3*a[13]*a[19] + 4*a[7]*a[9]^3*a[13] - 12*a[7]*a[9]^2*a[10]^2*a[19] + 12*a[7]*a[9]^2*a[10]^2 - 24*a[7]*a[9]^2*a[10]*a[13]*a[19] + 24*a[7]*a[9]^2*a[10]*a[13] - 12*a[7]*a[9]^2*a[12]*a[19] + 12*a[7]*a[9]^2*a[12] - 12*a[7]*a[9]*a[10]^2*a[13]*a[19] + 12*a[7]*a[9]*a[10]^2*a[13] - 24*a[7]*a[9]*a[10]*a[12]*a[19] + 24*a[7]*a[9]*a[10]*a[12] - 12*a[7]*a[9]*a[11]*a[19] + 12*a[7]*a[9]*a[11] - 4*a[7]*a[10]^2*a[12]*a[19] + 4*a[7]*a[10]^2*a[12] - 8*a[7]*a[10]*a[11]*a[19] + 8*a[7]*a[10]*a[11] - 4*a[8]^3*a[9]*a[19] + 4*a[8]^3*a[9] - 8*a[8]^3*a[10]*a[19] + 8*a[8]^3*a[10] - 4*a[8]^3*a[13]*a[19] + 4*a[8]^3*a[13] - 12*a[8]^2*a[9]^2*a[10]*a[19] + 12*a[8]^2*a[9]^2*a[10] - 6*a[8]^2*a[9]^2*a[13]*a[19] + 6*a[8]^2*a[9]^2*a[13] - 12*a[8]^2*a[9]*a[10]^2*a[19] + 12*a[8]^2*a[9]*a[10]^2 - 24*a[8]^2*a[9]*a[10]*a[13]*a[19] + 24*a[8]^2*a[9]*a[10]*a[13] - 12*a[8]^2*a[9]*a[12]*a[19] + 12*a[8]^2*a[9]*a[12] - 6*a[8]^2*a[10]^2*a[13]*a[19] + 6*a[8]^2*a[10]^2*a[13] - 12*a[8]^2*a[10]*a[12]*a[19] + 12*a[8]^2*a[10]*a[12] - 6*a[8]^2*a[11]*a[19] + 6*a[8]^2*a[11] - 4*a[8]*a[9]^3*a[10]^2*a[19] + 4*a[8]*a[9]^3*a[10]^2 - 8*a[8]*a[9]^3*a[10]*a[13]*a[19] + 8*a[8]*a[9]^3*a[10]*a[13] - 4*a[8]*a[9]^3*a[12]*a[19] + 4*a[8]*a[9]^3*a[12] - 12*a[8]*a[9]^2*a[10]^2*a[13]*a[19] + 12*a[8]*a[9]^2*a[10]^2*a[13] - 24*a[8]*a[9]^2*a[10]*a[12]*a[19] + 24*a[8]*a[9]^2*a[10]*a[12] - 12*a[8]*a[9]^2*a[11]*a[19] + 12*a[8]*a[9]^2*a[11] - 12*a[8]*a[9]*a[10]^2*a[12]*a[19] + 12*a[8]*a[9]*a[10]^2*a[12] - 24*a[8]*a[9]*a[10]*a[11]*a[19] + 24*a[8]*a[9]*a[10]*a[11] - 4*a[8]*a[10]^2*a[11]*a[19] + 4*a[8]*a[10]^2*a[11] - a[9]^4*a[10]^2*a[13]*a[19] + a[9]^4*a[10]^2*a[13] - 2*a[9]^4*a[10]*a[12]*a[19] + 2*a[9]^4*a[10]*a[12] - a[9]^4*a[11]*a[19] + a[9]^4*a[11] - 4*a[9]^3*a[10]^2*a[12]*a[19] + 4*a[9]^3*a[10]^2*a[12] - 8*a[9]^3*a[10]*a[11]*a[19] + 8*a[9]^3*a[10]*a[11] - 6*a[9]^2*a[10]^2*a[11]*a[19] + 6*a[9]^2*a[10]^2*a[11] - 12*a[14]*a[15] - 24*a[14]*a[16]*a[17] - 12*a[14]*a[16]*a[18] - 4*a[14]*a[17]^3 - 12*a[14]*a[17]^2*a[18] - 12*a[15]^2*a[17] - 6*a[15]^2*a[18] - 12*a[15]*a[16]^2 - 12*a[15]*a[16]*a[17]^2 - 24*a[15]*a[16]*a[17]*a[18] - 4*a[15]*a[17]^3*a[18] - 4*a[16]^3*a[17] - 4*a[16]^3*a[18] - 6*a[16]^2*a[17]^2*a[18],
4*a[1]^3*a[19] + 6*a[1]^2*a[2]^2*a[19] + 24*a[1]^2*a[2]*a[3]*a[19] + 12*a[1]^2*a[2]*a[6]*a[19] + 6*a[1]^2*a[3]^2*a[19] + 12*a[1]^2*a[3]*a[6]*a[19] + 6*a[1]^2*a[5]*a[19] + 8*a[1]*a[2]^3*a[3]*a[19] + 4*a[1]*a[2]^3*a[6]*a[19] + 12*a[1]*a[2]^2*a[3]^2*a[19] + 24*a[1]*a[2]^2*a[3]*a[6]*a[19] + 12*a[1]*a[2]^2*a[5]*a[19] + 12*a[1]*a[2]*a[3]^2*a[6]*a[19] + 24*a[1]*a[2]*a[3]*a[5]*a[19] + 12*a[1]*a[2]*a[4]*a[19] + 4*a[1]*a[3]^2*a[5]*a[19] + 8*a[1]*a[3]*a[4]*a[19] + a[2]^4*a[3]^2*a[19] + 2*a[2]^4*a[3]*a[6]*a[19] + a[2]^4*a[5]*a[19] + 4*a[2]^3*a[3]^2*a[6]*a[19] + 8*a[2]^3*a[3]*a[5]*a[19] + 4*a[2]^3*a[4]*a[19] + 6*a[2]^2*a[3]^2*a[5]*a[19] + 12*a[2]^2*a[3]*a[4]*a[19] + 4*a[2]*a[3]^2*a[4]*a[19] - 6*a[7]^2*a[19] + 6*a[7]^2 - 24*a[7]*a[8]*a[9]*a[19] + 24*a[7]*a[8]*a[9] - 24*a[7]*a[8]*a[10]*a[19] + 24*a[7]*a[8]*a[10] - 12*a[7]*a[8]*a[13]*a[19] + 12*a[7]*a[8]*a[13] - 4*a[7]*a[9]^3*a[19] + 4*a[7]*a[9]^3 - 24*a[7]*a[9]^2*a[10]*a[19] + 24*a[7]*a[9]^2*a[10] - 12*a[7]*a[9]^2*a[13]*a[19] + 12*a[7]*a[9]^2*a[13] - 12*a[7]*a[9]*a[10]^2*a[19] + 12*a[7]*a[9]*a[10]^2 - 24*a[7]*a[9]*a[10]*a[13]*a[19] + 24*a[7]*a[9]*a[10]*a[13] - 12*a[7]*a[9]*a[12]*a[19] + 12*a[7]*a[9]*a[12] - 4*a[7]*a[10]^2*a[13]*a[19] + 4*a[7]*a[10]^2*a[13] - 8*a[7]*a[10]*a[12]*a[19] + 8*a[7]*a[10]*a[12] - 4*a[7]*a[11]*a[19] + 4*a[7]*a[11] - 4*a[8]^3*a[19] + 4*a[8]^3 - 6*a[8]^2*a[9]^2*a[19] + 6*a[8]^2*a[9]^2 - 24*a[8]^2*a[9]*a[10]*a[19] + 24*a[8]^2*a[9]*a[10] - 12*a[8]^2*a[9]*a[13]*a[19] + 12*a[8]^2*a[9]*a[13] - 6*a[8]^2*a[10]^2*a[19] + 6*a[8]^2*a[10]^2 - 12*a[8]^2*a[10]*a[13]*a[19] + 12*a[8]^2*a[10]*a[13] - 6*a[8]^2*a[12]*a[19] + 6*a[8]^2*a[12] - 8*a[8]*a[9]^3*a[10]*a[19] + 8*a[8]*a[9]^3*a[10] - 4*a[8]*a[9]^3*a[13]*a[19] + 4*a[8]*a[9]^3*a[13] - 12*a[8]*a[9]^2*a[10]^2*a[19] + 12*a[8]*a[9]^2*a[10]^2 - 24*a[8]*a[9]^2*a[10]*a[13]*a[19] + 24*a[8]*a[9]^2*a[10]*a[13] - 12*a[8]*a[9]^2*a[12]*a[19] + 12*a[8]*a[9]^2*a[12] - 12*a[8]*a[9]*a[10]^2*a[13]*a[19] + 12*a[8]*a[9]*a[10]^2*a[13] - 24*a[8]*a[9]*a[10]*a[12]*a[19] + 24*a[8]*a[9]*a[10]*a[12] - 12*a[8]*a[9]*a[11]*a[19] + 12*a[8]*a[9]*a[11] - 4*a[8]*a[10]^2*a[12]*a[19] + 4*a[8]*a[10]^2*a[12] - 8*a[8]*a[10]*a[11]*a[19] + 8*a[8]*a[10]*a[11] - a[9]^4*a[10]^2*a[19] + a[9]^4*a[10]^2 - 2*a[9]^4*a[10]*a[13]*a[19] + 2*a[9]^4*a[10]*a[13] - a[9]^4*a[12]*a[19] + a[9]^4*a[12] - 4*a[9]^3*a[10]^2*a[13]*a[19] + 4*a[9]^3*a[10]^2*a[13] - 8*a[9]^3*a[10]*a[12]*a[19] + 8*a[9]^3*a[10]*a[12] - 4*a[9]^3*a[11]*a[19] + 4*a[9]^3*a[11] - 6*a[9]^2*a[10]^2*a[12]*a[19] + 6*a[9]^2*a[10]^2*a[12] - 12*a[9]^2*a[10]*a[11]*a[19] + 12*a[9]^2*a[10]*a[11] - 4*a[9]*a[10]^2*a[11]*a[19] + 4*a[9]*a[10]^2*a[11] - 12*a[14]*a[16] - 12*a[14]*a[17]^2 - 12*a[14]*a[17]*a[18] - 6*a[15]^2 - 24*a[15]*a[16]*a[17] - 12*a[15]*a[16]*a[18] - 4*a[15]*a[17]^3 - 12*a[15]*a[17]^2*a[18] - 4*a[16]^3 - 6*a[16]^2*a[17]^2 - 12*a[16]^2*a[17]*a[18] - 4*a[16]*a[17]^3*a[18],
12*a[1]^2*a[2]*a[19] + 12*a[1]^2*a[3]*a[19] + 6*a[1]^2*a[6]*a[19] + 4*a[1]*a[2]^3*a[19] + 24*a[1]*a[2]^2*a[3]*a[19] + 12*a[1]*a[2]^2*a[6]*a[19] + 12*a[1]*a[2]*a[3]^2*a[19] + 24*a[1]*a[2]*a[3]*a[6]*a[19] + 12*a[1]*a[2]*a[5]*a[19] + 4*a[1]*a[3]^2*a[6]*a[19] + 8*a[1]*a[3]*a[5]*a[19] + 4*a[1]*a[4]*a[19] + 2*a[2]^4*a[3]*a[19] + a[2]^4*a[6]*a[19] + 4*a[2]^3*a[3]^2*a[19] + 8*a[2]^3*a[3]*a[6]*a[19] + 4*a[2]^3*a[5]*a[19] + 6*a[2]^2*a[3]^2*a[6]*a[19] + 12*a[2]^2*a[3]*a[5]*a[19] + 6*a[2]^2*a[4]*a[19] + 4*a[2]*a[3]^2*a[5]*a[19] + 8*a[2]*a[3]*a[4]*a[19] + a[3]^2*a[4]*a[19] - 12*a[7]*a[8]*a[19] + 12*a[7]*a[8] - 12*a[7]*a[9]^2*a[19] + 12*a[7]*a[9]^2 - 24*a[7]*a[9]*a[10]*a[19] + 24*a[7]*a[9]*a[10] - 12*a[7]*a[9]*a[13]*a[19] + 12*a[7]*a[9]*a[13] - 4*a[7]*a[10]^2*a[19] + 4*a[7]*a[10]^2 - 8*a[7]*a[10]*a[13]*a[19] + 8*a[7]*a[10]*a[13] - 4*a[7]*a[12]*a[19] + 4*a[7]*a[12] - 12*a[8]^2*a[9]*a[19] + 12*a[8]^2*a[9] - 12*a[8]^2*a[10]*a[19] + 12*a[8]^2*a[10] - 6*a[8]^2*a[13]*a[19] + 6*a[8]^2*a[13] - 4*a[8]*a[9]^3*a[19] + 4*a[8]*a[9]^3 - 24*a[8]*a[9]^2*a[10]*a[19] + 24*a[8]*a[9]^2*a[10] - 12*a[8]*a[9]^2*a[13]*a[19] + 12*a[8]*a[9]^2*a[13] - 12*a[8]*a[9]*a[10]^2*a[19] + 12*a[8]*a[9]*a[10]^2 - 24*a[8]*a[9]*a[10]*a[13]*a[19] + 24*a[8]*a[9]*a[10]*a[13] - 12*a[8]*a[9]*a[12]*a[19] + 12*a[8]*a[9]*a[12] - 4*a[8]*a[10]^2*a[13]*a[19] + 4*a[8]*a[10]^2*a[13] - 8*a[8]*a[10]*a[12]*a[19] + 8*a[8]*a[10]*a[12] - 4*a[8]*a[11]*a[19] + 4*a[8]*a[11] - 2*a[9]^4*a[10]*a[19] + 2*a[9]^4*a[10] - a[9]^4*a[13]*a[19] + a[9]^4*a[13] - 4*a[9]^3*a[10]^2*a[19] + 4*a[9]^3*a[10]^2 - 8*a[9]^3*a[10]*a[13]*a[19] + 8*a[9]^3*a[10]*a[13] - 4*a[9]^3*a[12]*a[19] + 4*a[9]^3*a[12] - 6*a[9]^2*a[10]^2*a[13]*a[19] + 6*a[9]^2*a[10]^2*a[13] - 12*a[9]^2*a[10]*a[12]*a[19] + 12*a[9]^2*a[10]*a[12] - 6*a[9]^2*a[11]*a[19] + 6*a[9]^2*a[11] - 4*a[9]*a[10]^2*a[12]*a[19] + 4*a[9]*a[10]^2*a[12] - 8*a[9]*a[10]*a[11]*a[19] + 8*a[9]*a[10]*a[11] - a[10]^2*a[11]*a[19] + a[10]^2*a[11] - 12*a[14]*a[17] - 4*a[14]*a[18] - 12*a[15]*a[16] - 12*a[15]*a[17]^2 - 12*a[15]*a[17]*a[18] - 12*a[16]^2*a[17] - 6*a[16]^2*a[18] - 4*a[16]*a[17]^3 - 12*a[16]*a[17]^2*a[18] - a[17]^4*a[18],
6*a[1]^2*a[19] + 12*a[1]*a[2]^2*a[19] + 24*a[1]*a[2]*a[3]*a[19] + 12*a[1]*a[2]*a[6]*a[19] + 4*a[1]*a[3]^2*a[19] + 8*a[1]*a[3]*a[6]*a[19] + 4*a[1]*a[5]*a[19] + a[2]^4*a[19] + 8*a[2]^3*a[3]*a[19] + 4*a[2]^3*a[6]*a[19] + 6*a[2]^2*a[3]^2*a[19] + 12*a[2]^2*a[3]*a[6]*a[19] + 6*a[2]^2*a[5]*a[19] + 4*a[2]*a[3]^2*a[6]*a[19] + 8*a[2]*a[3]*a[5]*a[19] + 4*a[2]*a[4]*a[19] + a[3]^2*a[5]*a[19] + 2*a[3]*a[4]*a[19] - 12*a[7]*a[9]*a[19] + 12*a[7]*a[9] - 8*a[7]*a[10]*a[19] + 8*a[7]*a[10] - 4*a[7]*a[13]*a[19] + 4*a[7]*a[13] - 6*a[8]^2*a[19] + 6*a[8]^2 - 12*a[8]*a[9]^2*a[19] + 12*a[8]*a[9]^2 - 24*a[8]*a[9]*a[10]*a[19] + 24*a[8]*a[9]*a[10] - 12*a[8]*a[9]*a[13]*a[19] + 12*a[8]*a[9]*a[13] - 4*a[8]*a[10]^2*a[19] + 4*a[8]*a[10]^2 - 8*a[8]*a[10]*a[13]*a[19] + 8*a[8]*a[10]*a[13] - 4*a[8]*a[12]*a[19] + 4*a[8]*a[12] - a[9]^4*a[19] + a[9]^4 - 8*a[9]^3*a[10]*a[19] + 8*a[9]^3*a[10] - 4*a[9]^3*a[13]*a[19] + 4*a[9]^3*a[13] - 6*a[9]^2*a[10]^2*a[19] + 6*a[9]^2*a[10]^2 - 12*a[9]^2*a[10]*a[13]*a[19] + 12*a[9]^2*a[10]*a[13] - 6*a[9]^2*a[12]*a[19] + 6*a[9]^2*a[12] - 4*a[9]*a[10]^2*a[13]*a[19] + 4*a[9]*a[10]^2*a[13] - 8*a[9]*a[10]*a[12]*a[19] + 8*a[9]*a[10]*a[12] - 4*a[9]*a[11]*a[19] + 4*a[9]*a[11] - a[10]^2*a[12]*a[19] + a[10]^2*a[12] - 2*a[10]*a[11]*a[19] + 2*a[10]*a[11] - 4*a[14] - 12*a[15]*a[17] - 4*a[15]*a[18] - 6*a[16]^2 - 12*a[16]*a[17]^2 - 12*a[16]*a[17]*a[18] - a[17]^4 - 4*a[17]^3*a[18],
12*a[1]*a[2]*a[19] + 8*a[1]*a[3]*a[19] + 4*a[1]*a[6]*a[19] + 4*a[2]^3*a[19] + 12*a[2]^2*a[3]*a[19] + 6*a[2]^2*a[6]*a[19] + 4*a[2]*a[3]^2*a[19] + 8*a[2]*a[3]*a[6]*a[19] + 4*a[2]*a[5]*a[19] + a[3]^2*a[6]*a[19] + 2*a[3]*a[5]*a[19] + a[4]*a[19] - 4*a[7]*a[19] + 4*a[7] - 12*a[8]*a[9]*a[19] + 12*a[8]*a[9] - 8*a[8]*a[10]*a[19] + 8*a[8]*a[10] - 4*a[8]*a[13]*a[19] + 4*a[8]*a[13] - 4*a[9]^3*a[19] + 4*a[9]^3 - 12*a[9]^2*a[10]*a[19] + 12*a[9]^2*a[10] - 6*a[9]^2*a[13]*a[19] + 6*a[9]^2*a[13] - 4*a[9]*a[10]^2*a[19] + 4*a[9]*a[10]^2 - 8*a[9]*a[10]*a[13]*a[19] + 8*a[9]*a[10]*a[13] - 4*a[9]*a[12]*a[19] + 4*a[9]*a[12] - a[10]^2*a[13]*a[19] + a[10]^2*a[13] - 2*a[10]*a[12]*a[19] + 2*a[10]*a[12] - a[11]*a[19] + a[11] - 4*a[15] - 12*a[16]*a[17] - 4*a[16]*a[18] - 4*a[17]^3 - 6*a[17]^2*a[18],
4*a[1]*a[19] + 6*a[2]^2*a[19] + 8*a[2]*a[3]*a[19] + 4*a[2]*a[6]*a[19] + a[3]^2*a[19] + 2*a[3]*a[6]*a[19] + a[5]*a[19] - 4*a[8]*a[19] + 4*a[8] - 6*a[9]^2*a[19] + 6*a[9]^2 - 8*a[9]*a[10]*a[19] + 8*a[9]*a[10] - 4*a[9]*a[13]*a[19] + 4*a[9]*a[13] - a[10]^2*a[19] + a[10]^2 - 2*a[10]*a[13]*a[19] + 2*a[10]*a[13] - a[12]*a[19] + a[12] - 4*a[16] - 6*a[17]^2 - 4*a[17]*a[18],
4*a[2]*a[19] + 2*a[3]*a[19] + a[6]*a[19] - 4*a[9]*a[19] + 4*a[9] - 2*a[10]*a[19] + 2*a[10] - a[13]*a[19] + a[13] - 4*a[17] - a[18]
]
1: Fold = 8.22992E-165, prec = 115... 
   Norm(w) = 2.13013E-171
   Fnew = 3.26873E-221 < Fold/2 = 4.11496E-165, using Newton step
2: Fold = 1.83494E-221, prec = 221... 
   Norm(w) = 1.72412E-171
   Fnew = 9.34657E-337 < Fold/2 = 9.17469E-222, using Newton step
3: Fold = 9.34657E-337, prec = 337... 
   Norm(w) = 1.11898E-335
   Fnew = 1.25706E-664 < Fold/2 = 4.67328E-337, using Newton step
4: Fold = 8.99687E-665, prec = 664... 
   Norm(w) = 1.41388E-615
   Fnew = 6.28523E-1225 < Fold/2 = 4.49844E-665, using Newton step
5: Fold = 6.28523E-1225, prec = 1225... 
   Norm(w) = 7.52264E-1224
   Fnew = 9.59901E-2441 < Fold/2 = 3.14262E-1225, using Newton step
6: Fold = 9.86828E-2441, prec = 2441... 
   Norm(w) = 2.44749E-2391
   Fnew = 1.88336E-4776 < Fold/2 = 4.93414E-2441, using Newton step
7: Fold = 1.88336E-4776, prec = 4776... 
   Norm(w) = 2.25643E-4775
   Fnew = 7.57306E-9543 < Fold/2 = 9.41678E-4777, using Newton step
8: Fold = 6.57208E-9543, prec = 4800... 
   Norm(w) = 1.67786E-9493
   Fnew = 1.30907E-9590 < Fold/2 = 3.28604E-9543, using Newton step

Looking for coefficient to recognize number field...
  ...dumped recognition inputs to /Users/musty/two/dembele/rigidity/out/dump_444_rep4.m
  ...MakeKBatch: only trivial degree-1 certifications (11 candidates NOPREC) -- insufficient precision
recognition failed as expected (numerics already dumped): MakeKBatch: no coefficient relation certifies at this precision; raise prec (or unset MAKEK_RELFINDER_BIN to use the legacy search)
