Nielsen representatives: 4, computing rep 3
Using unit disc with precision 115 and center root(-1)
Using working precision 115 with eps_thresh = 9.99999E-108
Radius of series to be used: 0.643594
Taking N = 601 and Q = 615
Ramification degrees e = [ 1, 1, 4, 1, 4, 4, 2 ] and offsets s = [ 0, 0, 2, 0, 2, 2, 0 ]
A: Taking j = 1, with distance 0.000000 and label Id($)
A: Rotating by delta_a^1, new coset 6
A: Rotating by delta_a^-1, new coset 4
A: Rotating by delta_a^2, new coset 12
A: Rotating by delta_a^-2, already identified 12 (label da^2)
A: Rotating by delta_a^3, already identified 4 (label da^-1)
B: Taking j = 1, with distance 0.000000 and label Id($)
B: Rotating by delta_b^1, new coset 5
A: Taking j = 5, with distance 2.44845 and label db
A: Rotating by delta_a^1, new coset 9
A: Rotating by delta_a^-1, new coset 7
A: Rotating by delta_a^2, new coset 17
A: Rotating by delta_a^-2, already identified 17 (label db * da^2)
A: Rotating by delta_a^3, already identified 7 (label db * da^-1)
B: Rotating by delta_b^-1, new coset 3
A: Taking j = 3, with distance 2.44845 and label db^-1
A: Rotating by delta_a^1, already identified 3 (label db^-1), sidepairing da^db
A: Rotating by delta_a^-1, already identified 3 (label db^-1), sidepairing db^-1 * da^-1 * db
B: Taking j = 6, with distance 0.000000 and label da
B: Rotating by delta_b^1, already identified 7 (label db * da^-1), sidepairing da * db * da * db^-1
B: Rotating by delta_b^-1, already identified 12 (label da^2), sidepairing da * db^-1 * da^-2
B: Taking j = 4, with distance 0.000000 and label da^-1
B: Rotating by delta_b^1, new coset 11
A: Taking j = 11, with distance 2.44845 and label da^-1 * db
A: Rotating by delta_a^1, new coset 13
A: Rotating by delta_a^-1, new coset 8
A: Rotating by delta_a^2, new coset 2
A: Rotating by delta_a^-2, already identified 2 (label da^-1 * db * da^2)
A: Rotating by delta_a^3, already identified 8 (label da^-1 * db * da^-1)
B: Rotating by delta_b^-1, already identified 17 (label db * da^2), sidepairing da^-1 * db^-1 * da^-2 * db^-1
B: Taking j = 12, with distance 0.000000 and label da^2
B: Rotating by delta_b^1, already identified 6 (label da), sidepairing da^2 * db * da^-1
B: Rotating by delta_b^-1, already identified 8 (label da^-1 * db * da^-1), sidepairing da^2 * db^-1 * da * db^-1 * da
B: Taking j = 7, with distance 2.44845 and label db * da^-1
B: Rotating by delta_b^1, already identified 8 (label da^-1 * db * da^-1), sidepairing db * da^-1 * db * da * db^-1 * da
B: Rotating by delta_b^-1, already identified 6 (label da), sidepairing db * da^-1 * db^-1 * da^-1
B: Taking j = 11, with distance 2.44845 and label da^-1 * db
B: Rotating by delta_b^1, new coset 16
A: Taking j = 16, with distance 3.05714 and label da^-1 * db^2
A: Rotating by delta_a^1, new coset 15
A: Rotating by delta_a^-1, already identified 15 (label (da^-1 * db * da)^2), sidepairing (da^-1 * db^2 * da^-1 * db^-2 * da)^2
A: Rotating by delta_a^2, already identified 16 (label da^-1 * db^2), sidepairing (da^-1 * db^2 * da * db^-2 * da)^2
B: Rotating by delta_b^-1, already identified 4 (label da^-1)
B: Taking j = 2, with distance 2.44845 and label da^-1 * db * da^2
B: Rotating by delta_b^1, already identified 2 (label da^-1 * db * da^2), sidepairing da^-1 * db * da^2 * db * da^-2 * db^-1 * da
B: Rotating by delta_b^-1, already identified 2 (label da^-1 * db * da^2), sidepairing da^-1 * db * da^2 * db^-1 * da^-2 * db^-1 * da
B: Taking j = 5, with distance 2.44845 and label db
B: Rotating by delta_b^1, new coset 10
A: Taking j = 10, with distance 3.05714 and label db^2
A: Rotating by delta_a^1, already identified 10 (label db^2), sidepairing db^2 * da * db^-2
A: Rotating by delta_a^-1, already identified 10 (label db^2), sidepairing db^2 * da^-1 * db^-2
B: Rotating by delta_b^-1, already identified 1 (label Id($))
B: Taking j = 9, with distance 2.44845 and label db * da
B: Rotating by delta_b^1, new coset 14
A: Taking j = 14, with distance 3.05714 and label db * da * db
A: Rotating by delta_a^1, already identified 14 (label db * da * db), sidepairing db * da * db * da * db^-1 * da^-1 * db^-1
A: Rotating by delta_a^-1, already identified 14 (label db * da * db), sidepairing db * da * db * da^-1 * db^-1 * da^-1 * db^-1
B: Rotating by delta_b^-1, already identified 14 (label db * da * db), sidepairing (db * da * db^-1 * da^-1 * db^-1)^2
B: Taking j = 17, with distance 2.44845 and label db * da^2
B: Rotating by delta_b^1, already identified 4 (label da^-1), sidepairing db * da^2 * db * da
B: Rotating by delta_b^-1, already identified 16 (label da^-1 * db^2), sidepairing db * da^2 * db^-3 * da
B: Taking j = 3, with distance 2.44845 and label db^-1
B: Rotating by delta_b^1, already identified 1 (label Id($))
B: Rotating by delta_b^-1, already identified 10 (label db^2)
B: Taking j = 13, with distance 2.44845 and label db^da
B: Rotating by delta_b^1, already identified 13 (label db^da), sidepairing da^-1 * db * da * db * da^-1 * db^-1 * da
B: Rotating by delta_b^-1, already identified 13 (label db^da), sidepairing da^-1 * db * da * db^-1 * da^-1 * db^-1 * da
B: Taking j = 8, with distance 2.44845 and label da^-1 * db * da^-1
B: Rotating by delta_b^1, already identified 12 (label da^2), sidepairing da^-1 * db * da^-1 * db * da^-2
B: Rotating by delta_b^-1, already identified 7 (label db * da^-1), sidepairing da^-1 * db * da^-1 * db^-1 * da * db^-1
B: Taking j = 16, with distance 3.05714 and label da^-1 * db^2
B: Rotating by delta_b^1, already identified 17 (label db * da^2), sidepairing da^-1 * db^3 * da^-2 * db^-1
B: Rotating by delta_b^-1, already identified 11 (label da^-1 * db)
B: Taking j = 15, with distance 3.05714 and label (da^-1 * db * da)^2
B: Rotating by delta_b^1, already identified 15 (label (da^-1 * db * da)^2), sidepairing da^-1 * db^2 * da * db * da^-1 * db^-2 * da
B: Rotating by delta_b^-1, already identified 15 (label (da^-1 * db * da)^2), sidepairing da^-1 * db^2 * da * db^-1 * da^-1 * db^-2 * da
B: Taking j = 10, with distance 3.05714 and label db^2
B: Rotating by delta_b^1, already identified 3 (label db^-1)
B: Rotating by delta_b^-1, already identified 5 (label db)
B: Taking j = 14, with distance 3.05714 and label db * da * db
B: Rotating by delta_b^1, already identified 9 (label db * da), sidepairing (db * da * db * da^-1 * db^-1)^2
B: Rotating by delta_b^-1, already identified 9 (label db * da)
Indices of vertices to be used: [ 1, 2, 3, 5, 10, 14, 15 ]
Coset identifiers: [ 1, 2, 3, 1, 4, 1, 4, 2, 4, 5, 2, 1, 2, 6, 7, 7, 4 ]
Reducing to fundamental domain... Time: 3.480
Largest point had radius 0.643594!
dim = 2, fulldim = 6, so skipping coeffs [ 0 .. 3 ]
Computing Js... Time: 2.760
Computing Wps... Time: 1.780
Arnoldi iteration 2... Time: 1.420
Arnoldi iteration 3... Time: 1.880
Arnoldi iteration 4... Time: 1.870
Arnoldi iteration 5... Time: 1.870
Arnoldi iteration 6... Time: 1.860
Arnoldi iteration 7... Time: 1.870
Arnoldi iteration 8... Time: 1.890
Arnoldi iteration 9... Time: 1.890
Arnoldi iteration 10... Time: 1.890
Numerical kernel 10... min 0.00883317 (of 0)... Time: 0.010
Arnoldi iteration 11... Time: 1.910
Numerical kernel 11... min 0.00251117 (of 0)... Time: 0.000
Arnoldi iteration 12... Time: 1.890
Numerical kernel 12... min 0.00427919 (of 0)... Time: 0.000
Arnoldi iteration 13... Time: 1.910
Numerical kernel 13... min 0.00263419 (of 0)... Time: 0.000
Arnoldi iteration 14... Time: 1.920
Numerical kernel 14... min 0.00158110 (of 0)... Time: 0.000
Arnoldi iteration 15... Time: 1.920
Numerical kernel 15... min 0.00624414 (of 0)... Time: 0.000
Arnoldi iteration 16... Time: 1.920
Numerical kernel 16... min 0.000599892 (of 0)... Time: 0.010
Arnoldi iteration 17... Time: 1.910
Numerical kernel 17... min 0.00192592 (of 0)... Time: 0.000
Arnoldi iteration 18... Time: 1.930
Numerical kernel 18... min 0.000315526 (of 0)... Time: 0.000
Arnoldi iteration 19... Time: 1.920
Numerical kernel 19... min 0.000355761 (of 0)... Time: 0.010
Arnoldi iteration 20... Time: 1.910
Numerical kernel 20... min 0.000213045 (of 0)... Time: 0.010
Arnoldi iteration 21... Time: 1.930
Numerical kernel 21... min 7.53159E-5 (of 0)... Time: 0.010
Arnoldi iteration 22... Time: 1.940
Numerical kernel 22... min 8.04511E-5 (of 0)... Time: 0.010
Arnoldi iteration 23... Time: 1.940
Numerical kernel 23... min 2.73877E-5 (of 0)... Time: 0.010
Arnoldi iteration 24... Time: 1.940
Numerical kernel 24... min 1.29669E-6 (of 0)... Time: 0.010
Arnoldi iteration 25... Time: 1.960
Numerical kernel 25... min 7.14564E-6 (of 0)... Time: 0.010
Arnoldi iteration 26... Time: 1.950
Numerical kernel 26... min 3.79506E-6 (of 0)... Time: 0.010
Arnoldi iteration 27... Time: 1.950
Numerical kernel 27... min 1.56264E-6 (of 0)... Time: 0.010
Arnoldi iteration 28... Time: 2.010
Numerical kernel 28... min 4.54284E-7 (of 0)... Time: 0.010
Arnoldi iteration 29... Time: 1.960
Numerical kernel 29... min 1.23937E-7 (of 0)... Time: 0.010
Arnoldi iteration 30... Time: 2.010
Numerical kernel 30... min 3.65705E-8 (of 0)... Time: 0.010
Arnoldi iteration 31... Time: 1.980
Numerical kernel 31... min 1.48787E-9 (of 0)... Time: 0.010
Arnoldi iteration 32... Time: 1.980
Numerical kernel 32... min 4.49119E-8 (of 0)... Time: 0.010
Arnoldi iteration 33... Time: 1.980
Numerical kernel 33... min 7.80268E-9 (of 0)... Time: 0.010
Arnoldi iteration 34... Time: 2.170
Numerical kernel 34... min 4.19263E-9 (of 0)... Time: 0.010
Arnoldi iteration 35... Time: 1.990
Numerical kernel 35... min 4.21174E-10 (of 0)... Time: 0.010
Arnoldi iteration 36... Time: 2.000
Numerical kernel 36... min 9.70060E-11 (of 0)... Time: 0.020
Arnoldi iteration 37... Time: 2.010
Numerical kernel 37... min 9.61454E-11 (of 0)... Time: 0.020
Arnoldi iteration 38... Time: 2.000
Numerical kernel 38... min 1.24467E-10 (of 0)... Time: 0.020
Arnoldi iteration 39... Time: 2.120
Numerical kernel 39... min 6.53888E-12 (of 0)... Time: 0.020
Arnoldi iteration 40... Time: 2.000
Numerical kernel 40... min 6.59557E-12 (of 0)... Time: 0.020
Arnoldi iteration 41... Time: 1.990
Numerical kernel 41... min 1.10357E-12 (of 0)... Time: 0.030
Arnoldi iteration 42... Time: 2.020
Numerical kernel 42... min 4.92014E-13 (of 0)... Time: 0.020
Arnoldi iteration 43... Time: 2.000
Numerical kernel 43... min 1.06240E-13 (of 0)... Time: 0.030
Arnoldi iteration 44... Time: 2.000
Numerical kernel 44... min 8.58174E-14 (of 0)... Time: 0.030
Arnoldi iteration 45... Time: 1.990
Numerical kernel 45... min 4.41098E-14 (of 0)... Time: 0.020
Arnoldi iteration 46... Time: 2.000
Numerical kernel 46... min 4.56538E-15 (of 0)... Time: 0.030
Arnoldi iteration 47... Time: 1.990
Numerical kernel 47... min 2.58360E-15 (of 0)... Time: 0.030
Arnoldi iteration 48... Time: 2.010
Numerical kernel 48... min 6.59892E-16 (of 0)... Time: 0.030
Arnoldi iteration 49... Time: 1.990
Numerical kernel 49... min 1.34489E-16 (of 0)... Time: 0.040
Arnoldi iteration 50... Time: 2.000
Numerical kernel 50... min 2.17279E-17 (of 0)... Time: 0.040
Arnoldi iteration 51... Time: 2.010
Numerical kernel 51... min 2.04688E-17 (of 0)... Time: 0.040
Arnoldi iteration 52... Time: 2.010
Numerical kernel 52... min 1.16764E-17 (of 0)... Time: 0.040
Arnoldi iteration 53... Time: 2.010
Numerical kernel 53... min 2.15956E-18 (of 0)... Time: 0.040
Arnoldi iteration 54... Time: 2.040
Numerical kernel 54... min 2.09700E-18 (of 0)... Time: 0.040
Arnoldi iteration 55... Time: 2.030
Numerical kernel 55... min 6.66315E-20 (of 0)... Time: 0.040
Arnoldi iteration 56... Time: 2.030
Numerical kernel 56... min 2.67599E-20 (of 0)... Time: 0.050
Arnoldi iteration 57... Time: 2.020
Numerical kernel 57... min 9.24648E-21 (of 0)... Time: 0.050
Arnoldi iteration 58... Time: 2.030
Numerical kernel 58... min 4.10260E-21 (of 0)... Time: 0.050
Arnoldi iteration 59... Time: 2.060
Numerical kernel 59... min 1.00157E-21 (of 0)... Time: 0.060
Arnoldi iteration 60... Time: 2.080
Numerical kernel 60... min 2.24117E-22 (of 0)... Time: 0.060
Arnoldi iteration 61... Time: 2.090
Numerical kernel 61... min 5.15023E-23 (of 0)... Time: 0.060
Arnoldi iteration 62... Time: 2.050
Numerical kernel 62... min 1.10827E-23 (of 0)... Time: 0.060
Arnoldi iteration 63... Time: 2.340
Numerical kernel 63... min 2.88550E-24 (of 0)... Time: 0.060
Arnoldi iteration 64... Time: 2.220
Numerical kernel 64... min 5.29346E-25 (of 0)... Time: 0.070
Arnoldi iteration 65... Time: 2.070
Numerical kernel 65... min 2.60963E-26 (of 0)... Time: 0.070
Arnoldi iteration 66... Time: 2.050
Numerical kernel 66... min 3.59918E-26 (of 0)... Time: 0.070
Arnoldi iteration 67... Time: 2.070
Numerical kernel 67... min 3.92352E-27 (of 0)... Time: 0.070
Arnoldi iteration 68... Time: 2.070
Numerical kernel 68... min 4.35741E-28 (of 0)... Time: 0.080
Arnoldi iteration 69... Time: 2.060
Numerical kernel 69... min 3.19385E-28 (of 0)... Time: 0.090
Arnoldi iteration 70... Time: 2.060
Numerical kernel 70... min 4.04371E-29 (of 0)... Time: 0.080
Arnoldi iteration 71... Time: 2.050
Numerical kernel 71... min 5.32931E-30 (of 0)... Time: 0.100
Arnoldi iteration 72... Time: 2.060
Numerical kernel 72... min 8.76936E-31 (of 0)... Time: 0.100
Arnoldi iteration 73... Time: 2.060
Numerical kernel 73... min 1.01515E-31 (of 0)... Time: 0.100
Arnoldi iteration 74... Time: 2.080
Numerical kernel 74... min 2.63674E-32 (of 0)... Time: 0.100
Arnoldi iteration 75... Time: 2.070
Numerical kernel 75... min 3.05132E-33 (of 0)... Time: 0.110
Arnoldi iteration 76... Time: 2.070
Numerical kernel 76... min 5.31765E-34 (of 0)... Time: 0.110
Arnoldi iteration 77... Time: 2.090
Numerical kernel 77... min 8.84595E-35 (of 0)... Time: 0.110
Arnoldi iteration 78... Time: 2.090
Numerical kernel 78... min 6.93894E-36 (of 0)... Time: 0.120
Arnoldi iteration 79... Time: 2.090
Numerical kernel 79... min 1.23870E-36 (of 0)... Time: 0.120
Arnoldi iteration 80... Time: 2.080
Numerical kernel 80... min 5.53102E-38 (of 0)... Time: 0.120
Arnoldi iteration 81... Time: 2.080
Numerical kernel 81... min 1.45463E-38 (of 0)... Time: 0.130
Arnoldi iteration 82... Time: 2.090
Numerical kernel 82... min 2.26126E-39 (of 0)... Time: 0.130
Arnoldi iteration 83... Time: 2.090
Numerical kernel 83... min 1.35412E-40 (of 0)... Time: 0.140
Arnoldi iteration 84... Time: 2.110
Numerical kernel 84... min 3.42098E-42 (of 0)... Time: 0.140
Arnoldi iteration 85... Time: 2.100
Numerical kernel 85... min 5.98467E-42 (of 0)... Time: 0.150
Arnoldi iteration 86... Time: 2.110
Numerical kernel 86... min 1.46984E-42 (of 0)... Time: 0.150
Arnoldi iteration 87... Time: 2.110
Numerical kernel 87... min 6.74998E-44 (of 0)... Time: 0.160
Arnoldi iteration 88... Time: 2.110
Numerical kernel 88... min 6.41145E-45 (of 0)... Time: 0.160
Arnoldi iteration 89... Time: 2.110
Numerical kernel 89... min 1.07058E-45 (of 0)... Time: 0.160
Arnoldi iteration 90... Time: 2.110
Numerical kernel 90... min 1.48732E-46 (of 0)... Time: 0.170
Arnoldi iteration 91... Time: 2.120
Numerical kernel 91... min 1.07045E-47 (of 0)... Time: 0.180
Arnoldi iteration 92... Time: 2.110
Numerical kernel 92... min 4.97830E-49 (of 0)... Time: 0.170
Arnoldi iteration 93... Time: 2.120
Numerical kernel 93... min 1.59280E-49 (of 0)... Time: 0.190
Arnoldi iteration 94... Time: 2.120
Numerical kernel 94... min 1.33649E-50 (of 0)... Time: 0.190
Arnoldi iteration 95... Time: 2.130
Numerical kernel 95... min 2.55513E-51 (of 0)... Time: 0.190
Arnoldi iteration 96... Time: 2.130
Numerical kernel 96... min 1.53806E-52 (of 0)... Time: 0.200
Arnoldi iteration 97... Time: 2.140
Numerical kernel 97... min 1.57844E-53 (of 0)... Time: 0.210
Arnoldi iteration 98... Time: 2.130
Numerical kernel 98... min 8.96143E-55 (of 0)... Time: 0.210
Arnoldi iteration 99... Time: 2.140
Numerical kernel 99... min 8.60184E-56 (of 0)... Time: 0.220
Arnoldi iteration 100... Time: 2.140
Numerical kernel 100... min 1.92546E-56 (of 0)... Time: 0.220
Arnoldi iteration 101... Time: 2.170
Numerical kernel 101... min 8.54270E-58 (of 0)... Time: 0.240
Arnoldi iteration 102... Time: 2.160
Numerical kernel 102... min 1.45227E-58 (of 0)... Time: 0.240
Arnoldi iteration 103... Time: 2.150
Numerical kernel 103... min 2.75016E-60 (of 0)... Time: 0.240
Arnoldi iteration 104... Time: 2.160
Numerical kernel 104... min 8.78763E-61 (of 0)... Time: 0.250
Arnoldi iteration 105... Time: 2.170
Numerical kernel 105... min 1.10920E-61 (of 0)... Time: 0.260
Arnoldi iteration 106... Time: 2.190
Numerical kernel 106... min 5.62041E-63 (of 0)... Time: 0.270
Arnoldi iteration 107... Time: 2.170
Numerical kernel 107... min 1.25262E-64 (of 0)... Time: 0.270
Arnoldi iteration 108... Time: 2.190
Numerical kernel 108... min 1.83006E-65 (of 0)... Time: 0.280
Arnoldi iteration 109... Time: 2.180
Numerical kernel 109... min 1.76892E-66 (of 0)... Time: 0.290
Arnoldi iteration 110... Time: 2.190
Numerical kernel 110... min 1.10879E-67 (of 0)... Time: 0.300
Arnoldi iteration 111... Time: 2.200
Numerical kernel 111... min 3.35820E-69 (of 0)... Time: 0.300
Arnoldi iteration 112... Time: 2.450
Numerical kernel 112... min 3.29960E-70 (of 0)... Time: 0.370
Arnoldi iteration 113... Time: 2.940
Numerical kernel 113... min 1.38200E-71 (of 0)... Time: 0.320
Arnoldi iteration 114... Time: 2.720
Numerical kernel 114... min 8.58262E-74 (of 0)... Time: 0.350
Arnoldi iteration 115... Time: 2.590
Numerical kernel 115... min 3.85663E-74 (of 0)... Time: 0.350
Arnoldi iteration 116... Time: 2.210
Numerical kernel 116... min 7.20318E-76 (of 0)... Time: 0.350
Arnoldi iteration 117... Time: 2.220
Numerical kernel 117... min 1.47275E-76 (of 0)... Time: 0.350
Arnoldi iteration 118... Time: 2.230
Numerical kernel 118... min 6.66962E-78 (of 0)... Time: 0.360
Arnoldi iteration 119... Time: 2.210
Numerical kernel 119... min 2.98231E-79 (of 0)... Time: 0.380
Arnoldi iteration 120... Time: 2.210
Numerical kernel 120... min 1.02292E-80 (of 0)... Time: 0.390
Arnoldi iteration 121... Time: 2.210
Numerical kernel 121... min 1.53495E-81 (of 0)... Time: 0.390
Arnoldi iteration 122... Time: 2.220
Numerical kernel 122... min 4.49643E-83 (of 0)... Time: 0.390
Arnoldi iteration 123... Time: 2.220
Numerical kernel 123... min 2.61683E-85 (of 0)... Time: 0.400
Arnoldi iteration 124... Time: 2.240
Numerical kernel 124... min 3.94964E-86 (of 0)... Time: 0.420
Arnoldi iteration 125... Time: 2.230
Numerical kernel 125... min 1.12220E-87 (of 0)... Time: 0.430
Arnoldi iteration 126... Time: 2.240
Numerical kernel 126... min 1.72469E-88 (of 0)... Time: 0.440
Arnoldi iteration 127... Time: 2.230
Numerical kernel 127... min 1.10824E-89 (of 0)... Time: 0.460
Arnoldi iteration 128... Time: 2.240
Numerical kernel 128... min 6.23478E-91 (of 0)... Time: 0.480
Arnoldi iteration 129... Time: 2.240
Numerical kernel 129... min 1.45433E-92 (of 0)... Time: 0.480
Arnoldi iteration 130... Time: 2.250
Numerical kernel 130... min 3.31494E-94 (of 0)... Time: 0.500
Arnoldi iteration 131... Time: 2.240
Numerical kernel 131... min 3.13595E-95 (of 0)... Time: 0.500
Arnoldi iteration 132... Time: 2.250
Numerical kernel 132... min 1.07644E-96 (of 0)... Time: 0.500
Arnoldi iteration 133... Time: 2.250
Numerical kernel 133... min 9.33699E-99 (of 0)... Time: 0.510
Arnoldi iteration 134... Time: 2.250
Numerical kernel 134... min 1.21519E-99 (of 0)... Time: 0.530
Arnoldi iteration 135... Time: 2.260
Numerical kernel 135... min 2.35666E-101 (of 0)... Time: 0.530
Arnoldi iteration 136... Time: 2.260
Numerical kernel 136... min 1.60946E-102 (of 0)... Time: 0.540
Arnoldi iteration 137... Time: 2.260
Numerical kernel 137... min 7.01478E-104 (of 0)... Time: 0.580
Arnoldi iteration 138... Time: 2.320
Numerical kernel 138... min 2.05398E-106 (of 0)... Time: 0.580
Arnoldi iteration 139... Time: 2.260
Numerical kernel 139... min 1.06006E-106 (of 0)... Time: 0.600
Arnoldi iteration 140... Time: 2.280
Numerical kernel 140... min 2.56607E-108 (of 1)... 
(-0.0538776 - 6.76998E-117*$.1 -0.109308 + 0.526619*$.1 -0.0680872 + 0.0714453*$.1 0.197729 + 0.0663826*$.1 -0.182041 + 0.00363455*$.1 0.127842 - 0.0535065*$.1 -0.0485627 + 0.0316391*$.1 0.192280 - 0.103321*$.1 0.172899 - 0.284818*$.1 0.265443 - 0.294303*$.1 0.277624 - 0.277347*$.1 0.199512 - 0.227943*$.1 0.109843 - 0.0822366*$.1 0.0680255 - 0.0895649*$.1 0.0480931 - 0.0460093*$.1 0.0245637 - 0.0222636*$.1 0.0128877 - 0.0104277*$.1 0.00615741 - 0.00468356*$.1 0.00371064 - 0.00223056*$.1 0.00139621 - 0.000797907*$.1 0.000976605 - 0.000455643*$.1 0.000379775 - 0.000261184*$.1 0.000218861 - 0.000113295*$.1 8.65482E-5 - 7.30769E-5*$.1 4.60716E-5 - 4.35691E-5*$.1 2.64583E-5 - 2.36055E-5*$.1 1.17409E-5 - 7.37658E-6*$.1 4.46905E-6 - 4.63091E-6*$.1 2.90911E-6 - 8.54308E-7*$.1 1.05960E-6 - 5.99826E-7*$.1 5.98489E-7 - 2.13106E-7*$.1 2.15322E-7 - 1.26716E-7*$.1 6.36810E-8 - 1.01786E-8*$.1 2.11373E-8 - 1.84478E-8*$.1 8.29046E-9 - 2.38057E-9*$.1 2.53554E-9 - 1.77416E-9*$.1 1.66679E-9 - 2.77011E-10*$.1 5.64945E-10 - 3.64183E-10*$.1 1.55541E-10 - 8.02705E-11*$.1 6.76971E-11 - 5.15591E-11*$.1 2.07004E-11 - 1.10168E-11*$.1 5.96872E-12 - 3.17542E-12*$.1 1.66728E-12 - 9.56093E-13*$.1 7.05056E-13 - 3.51688E-13*$.1 2.17465E-13 - 1.57771E-13*$.1 6.78716E-14 - 3.41716E-14*$.1 1.99474E-14 - 9.06168E-15*$.1 5.67171E-15 - 5.12204E-15*$.1 2.11348E-15 - 1.53334E-15*$.1 7.05555E-16 - 6.83639E-16*$.1 1.72904E-16 - 1.39059E-16*$.1 7.03734E-17 - 6.30477E-17*$.1 1.72333E-17 - 1.26994E-17*$.1 6.60897E-18 - 5.04929E-18*$.1 1.91927E-18 - 1.42322E-18*$.1 3.44870E-19 - 2.29547E-19*$.1 8.42889E-20 - 7.02852E-20*$.1 2.14764E-20 - 1.56158E-20*$.1 4.72710E-21 - 4.36989E-21*$.1 9.19182E-22 - 8.26897E-22*$.1 3.25678E-22 - 2.60015E-22*$.1 7.30560E-23 - 5.84470E-23*$.1 2.11815E-23 - 1.62287E-23*$.1 4.24499E-24 - 2.86077E-24*$.1 1.09634E-24 - 8.16721E-25*$.1 2.25605E-25 - 1.32039E-25*$.1 4.58280E-26 - 3.10554E-26*$.1 9.32292E-27 - 4.95916E-27*$.1 1.42104E-27 - 9.51568E-28*$.1 3.38414E-28 - 2.04671E-28*$.1 4.63141E-29 - 2.21557E-29*$.1 9.98146E-30 - 4.58939E-30*$.1 1.16569E-30 - 5.46602E-31*$.1 1.36702E-31 - 6.46194E-32*$.1 3.12042E-32 - 1.68045E-32*$.1 5.24441E-33 - 2.76110E-33*$.1 7.14391E-34 - 3.78193E-34*$.1 9.75719E-35 - 5.28255E-35*$.1 1.20186E-35 - 6.74159E-36*$.1 1.00721E-36 - 5.77764E-37*$.1 1.40483E-37 - 8.65303E-38*$.1 2.10958E-38 - 1.23644E-38*$.1 2.95363E-39 - 1.95924E-39*$.1 4.83205E-40 - 3.07406E-40*$.1 6.02776E-41 - 3.97664E-41*$.1 8.69750E-42 - 5.33074E-42*$.1 1.16700E-42 - 6.94466E-43*$.1 9.88081E-44 - 5.99028E-44*$.1 1.48125E-44 - 9.09742E-45*$.1 1.66890E-45 - 9.96356E-46*$.1 1.18446E-46 - 6.83283E-47*$.1 1.34247E-47 - 8.80222E-48*$.1 1.48753E-48 - 9.06996E-49*$.1 1.37327E-49 - 8.28838E-50*$.1 2.30617E-50 - 1.42154E-50*$.1 1.48966E-51 - 9.95113E-52*$.1 2.22207E-52 - 1.34434E-52*$.1 2.18911E-53 - 1.41641E-53*$.1 1.58492E-54 - 1.04803E-54*$.1 2.05355E-55 - 1.25439E-55*$.1 1.19515E-56 - 7.69889E-57*$.1 1.44777E-57 - 8.69263E-58*$.1 8.17714E-59 - 5.74642E-59*$.1 8.98953E-60 - 5.80225E-60*$.1 7.20001E-61 - 4.53869E-61*$.1 5.25223E-62 - 3.30494E-62*$.1 2.80489E-63 - 1.77483E-63*$.1 2.48076E-64 - 1.61612E-64*$.1 1.56499E-65 - 1.00160E-65*$.1 1.08164E-66 - 7.42342E-67*$.1 5.99704E-68 - 3.94041E-68*$.1 2.84761E-69 - 1.84942E-69*$.1 2.17922E-70 - 1.42299E-70*$.1 1.34774E-71 - 8.33400E-72*$.1 6.62908E-73 - 4.15824E-73*$.1 2.95902E-74 - 1.78208E-74*$.1 1.21706E-75 - 7.55405E-76*$.1 7.24373E-77 - 4.36336E-77*$.1 4.31831E-78 - 2.63153E-78*$.1 2.37168E-79 - 1.40828E-79*$.1 1.49034E-80 - 9.07437E-81*$.1 6.03726E-82 - 3.37744E-82*$.1 2.47157E-83 - 1.38892E-83*$.1 1.06351E-84 - 5.77782E-85*$.1 7.43118E-86 - 4.16173E-86*$.1 2.50240E-87 - 1.34941E-87*$.1 1.38051E-88 - 7.62997E-89*$.1 5.63191E-90 - 3.15414E-90*$.1 1.60107E-91 - 9.12040E-92*$.1 9.12585E-93 - 5.23564E-93*$.1 3.40797E-94 - 1.91276E-94*$.1 1.45485E-95 - 8.21932E-96*$.1 5.71183E-97 - 3.06692E-97*$.1 2.08515E-98 - 1.12831E-98*$.1 5.90627E-100 - 3.15738E-100*$.1 1.84731E-101 - 1.01541E-101*$.1 6.07914E-103 - 3.23707E-103*$.1 1.72063E-104 - 8.95848E-105*$.1 6.59059E-106 - 3.54355E-106*$.1)
Time: 0.800
escaped with cutoff 7.48282E-106...
Arnoldi iteration 2... Time: 1.410
Arnoldi iteration 3... Time: 1.890
Arnoldi iteration 4... Time: 1.900
Arnoldi iteration 5... Time: 1.890
Arnoldi iteration 6... Time: 1.900
Arnoldi iteration 7... Time: 1.890
Arnoldi iteration 8... Time: 1.900
Arnoldi iteration 9... Time: 1.890
Arnoldi iteration 10... Time: 1.910
Numerical kernel 10... min 0.00896175 (of 0)... Time: 0.000
Arnoldi iteration 11... Time: 1.910
Numerical kernel 11... min 0.00245684 (of 0)... Time: 0.010
Arnoldi iteration 12... Time: 1.920
Numerical kernel 12... min 0.00437663 (of 0)... Time: 0.010
Arnoldi iteration 13... Time: 1.920
Numerical kernel 13... min 0.00285039 (of 0)... Time: 0.000
Arnoldi iteration 14... Time: 1.910
Numerical kernel 14... min 0.00149986 (of 0)... Time: 0.000
Arnoldi iteration 15... Time: 1.930
Numerical kernel 15... min 0.00604063 (of 0)... Time: 0.000
Arnoldi iteration 16... Time: 1.930
Numerical kernel 16... min 0.000611574 (of 0)... Time: 0.000
Arnoldi iteration 17... Time: 1.930
Numerical kernel 17... min 0.00190581 (of 0)... Time: 0.000
Arnoldi iteration 18... Time: 1.930
Numerical kernel 18... min 0.000291683 (of 0)... Time: 0.000
Arnoldi iteration 19... Time: 1.930
Numerical kernel 19... min 0.000350940 (of 0)... Time: 0.000
Arnoldi iteration 20... Time: 1.940
Numerical kernel 20... min 0.000215918 (of 0)... Time: 0.010
Arnoldi iteration 21... Time: 1.940
Numerical kernel 21... min 7.47298E-5 (of 0)... Time: 0.010
Arnoldi iteration 22... Time: 1.930
Numerical kernel 22... min 8.10905E-5 (of 0)... Time: 0.010
Arnoldi iteration 23... Time: 1.950
Numerical kernel 23... min 2.78101E-5 (of 0)... Time: 0.000
Arnoldi iteration 24... Time: 1.950
Numerical kernel 24... min 1.21912E-6 (of 0)... Time: 0.010
Arnoldi iteration 25... Time: 1.930
Numerical kernel 25... min 7.21686E-6 (of 0)... Time: 0.000
Arnoldi iteration 26... Time: 1.950
Numerical kernel 26... min 3.82310E-6 (of 0)... Time: 0.010
Arnoldi iteration 27... Time: 1.930
Numerical kernel 27... min 1.53931E-6 (of 0)... Time: 0.010
Arnoldi iteration 28... Time: 1.940
Numerical kernel 28... min 4.67380E-7 (of 0)... Time: 0.010
Arnoldi iteration 29... Time: 1.950
Numerical kernel 29... min 1.18743E-7 (of 0)... Time: 0.010
Arnoldi iteration 30... Time: 1.930
Numerical kernel 30... min 3.97059E-8 (of 0)... Time: 0.010
Arnoldi iteration 31... Time: 1.950
Numerical kernel 31... min 9.50893E-10 (of 0)... Time: 0.020
Arnoldi iteration 32... Time: 1.950
Numerical kernel 32... min 4.55431E-8 (of 0)... Time: 0.010
Arnoldi iteration 33... Time: 1.960
Numerical kernel 33... min 7.35409E-9 (of 0)... Time: 0.020
Arnoldi iteration 34... Time: 1.960
Numerical kernel 34... min 4.30028E-9 (of 0)... Time: 0.020
Arnoldi iteration 35... Time: 1.970
Numerical kernel 35... min 4.49906E-10 (of 0)... Time: 0.010
Arnoldi iteration 36... Time: 1.980
Numerical kernel 36... min 8.91843E-11 (of 0)... Time: 0.020
Arnoldi iteration 37... Time: 1.970
Numerical kernel 37... min 9.09852E-11 (of 0)... Time: 0.020
Arnoldi iteration 38... Time: 1.980
Numerical kernel 38... min 1.22924E-10 (of 0)... Time: 0.020
Arnoldi iteration 39... Time: 1.980
Numerical kernel 39... min 5.69907E-12 (of 0)... Time: 0.020
Arnoldi iteration 40... Time: 1.990
Numerical kernel 40... min 6.96247E-12 (of 0)... Time: 0.020
Arnoldi iteration 41... Time: 1.990
Numerical kernel 41... min 1.03560E-12 (of 0)... Time: 0.020
Arnoldi iteration 42... Time: 2.000
Numerical kernel 42... min 5.48847E-13 (of 0)... Time: 0.020
Arnoldi iteration 43... Time: 1.990
Numerical kernel 43... min 1.14200E-13 (of 0)... Time: 0.020
Arnoldi iteration 44... Time: 2.010
Numerical kernel 44... min 8.66883E-14 (of 0)... Time: 0.030
Arnoldi iteration 45... Time: 2.010
Numerical kernel 45... min 4.78606E-14 (of 0)... Time: 0.030
Arnoldi iteration 46... Time: 2.000
Numerical kernel 46... min 4.67456E-15 (of 0)... Time: 0.030
Arnoldi iteration 47... Time: 2.010
Numerical kernel 47... min 2.42060E-15 (of 0)... Time: 0.030
Arnoldi iteration 48... Time: 2.010
Numerical kernel 48... min 6.53701E-16 (of 0)... Time: 0.030
Arnoldi iteration 49... Time: 2.010
Numerical kernel 49... min 1.35191E-16 (of 0)... Time: 0.030
Arnoldi iteration 50... Time: 2.010
Numerical kernel 50... min 1.20499E-17 (of 0)... Time: 0.030
Arnoldi iteration 51... Time: 2.020
Numerical kernel 51... min 2.13628E-17 (of 0)... Time: 0.040
Arnoldi iteration 52... Time: 2.020
Numerical kernel 52... min 1.15683E-17 (of 0)... Time: 0.040
Arnoldi iteration 53... Time: 2.020
Numerical kernel 53... min 2.17013E-18 (of 0)... Time: 0.040
Arnoldi iteration 54... Time: 2.020
Numerical kernel 54... min 2.08404E-18 (of 0)... Time: 0.060
Arnoldi iteration 55... Time: 2.010
Numerical kernel 55... min 6.02133E-20 (of 0)... Time: 0.050
Arnoldi iteration 56... Time: 2.030
Numerical kernel 56... min 2.32453E-20 (of 0)... Time: 0.050
Arnoldi iteration 57... Time: 2.030
Numerical kernel 57... min 8.07065E-21 (of 0)... Time: 0.050
Arnoldi iteration 58... Time: 2.050
Numerical kernel 58... min 4.07485E-21 (of 0)... Time: 0.050
Arnoldi iteration 59... Time: 2.040
Numerical kernel 59... min 1.01471E-21 (of 0)... Time: 0.050
Arnoldi iteration 60... Time: 2.040
Numerical kernel 60... min 2.27804E-22 (of 0)... Time: 0.120
Arnoldi iteration 61... Time: 2.050
Numerical kernel 61... min 5.25470E-23 (of 0)... Time: 0.060
Arnoldi iteration 62... Time: 2.050
Numerical kernel 62... min 1.14395E-23 (of 0)... Time: 0.060
Arnoldi iteration 63... Time: 2.070
Numerical kernel 63... min 2.53436E-24 (of 0)... Time: 0.070
Arnoldi iteration 64... Time: 2.060
Numerical kernel 64... min 5.31121E-25 (of 0)... Time: 0.070
Arnoldi iteration 65... Time: 2.070
Numerical kernel 65... min 2.83441E-26 (of 0)... Time: 0.070
Arnoldi iteration 66... Time: 2.070
Numerical kernel 66... min 3.45591E-26 (of 0)... Time: 0.070
Arnoldi iteration 67... Time: 2.080
Numerical kernel 67... min 3.46479E-27 (of 0)... Time: 0.070
Arnoldi iteration 68... Time: 2.080
Numerical kernel 68... min 4.93593E-28 (of 0)... Time: 0.080
Arnoldi iteration 69... Time: 2.090
Numerical kernel 69... min 2.92421E-28 (of 0)... Time: 0.080
Arnoldi iteration 70... Time: 2.090
Numerical kernel 70... min 3.03371E-29 (of 0)... Time: 0.090
Arnoldi iteration 71... Time: 2.090
Numerical kernel 71... min 5.31719E-30 (of 0)... Time: 0.080
Arnoldi iteration 72... Time: 2.100
Numerical kernel 72... min 8.80950E-31 (of 0)... Time: 0.090
Arnoldi iteration 73... Time: 2.100
Numerical kernel 73... min 1.01721E-31 (of 0)... Time: 0.100
Arnoldi iteration 74... Time: 2.100
Numerical kernel 74... min 2.85308E-32 (of 0)... Time: 0.100
Arnoldi iteration 75... Time: 2.110
Numerical kernel 75... min 3.39379E-33 (of 0)... Time: 0.100
Arnoldi iteration 76... Time: 2.110
Numerical kernel 76... min 4.87618E-34 (of 0)... Time: 0.110
Arnoldi iteration 77... Time: 2.120
Numerical kernel 77... min 8.04502E-35 (of 0)... Time: 0.110
Arnoldi iteration 78... Time: 2.120
Numerical kernel 78... min 6.68223E-36 (of 0)... Time: 0.110
Arnoldi iteration 79... Time: 2.130
Numerical kernel 79... min 1.54811E-36 (of 0)... Time: 0.110
Arnoldi iteration 80... Time: 2.130
Numerical kernel 80... min 9.68583E-38 (of 0)... Time: 0.130
Arnoldi iteration 81... Time: 2.130
Numerical kernel 81... min 1.10312E-38 (of 0)... Time: 0.130
Arnoldi iteration 82... Time: 2.140
Numerical kernel 82... min 2.36295E-39 (of 0)... Time: 0.130
Arnoldi iteration 83... Time: 2.160
Numerical kernel 83... min 2.28674E-40 (of 0)... Time: 0.130
Arnoldi iteration 84... Time: 2.140
Numerical kernel 84... min 5.75991E-42 (of 0)... Time: 0.140
Arnoldi iteration 85... Time: 2.140
Numerical kernel 85... min 6.12237E-42 (of 0)... Time: 0.140
Arnoldi iteration 86... Time: 2.150
Numerical kernel 86... min 1.58766E-42 (of 0)... Time: 0.150
Arnoldi iteration 87... Time: 2.150
Numerical kernel 87... min 7.45323E-44 (of 0)... Time: 0.160
Arnoldi iteration 88... Time: 2.150
Numerical kernel 88... min 4.46768E-45 (of 0)... Time: 0.170
Arnoldi iteration 89... Time: 2.150
Numerical kernel 89... min 9.50446E-46 (of 0)... Time: 0.170
Arnoldi iteration 90... Time: 2.150
Numerical kernel 90... min 1.45062E-46 (of 0)... Time: 0.180
Arnoldi iteration 91... Time: 2.140
Numerical kernel 91... min 8.38349E-48 (of 0)... Time: 0.180
Arnoldi iteration 92... Time: 2.150
Numerical kernel 92... min 6.51833E-49 (of 0)... Time: 0.190
Arnoldi iteration 93... Time: 2.180
Numerical kernel 93... min 1.49464E-49 (of 0)... Time: 0.190
Arnoldi iteration 94... Time: 2.160
Numerical kernel 94... min 1.32883E-50 (of 0)... Time: 0.190
Arnoldi iteration 95... Time: 2.170
Numerical kernel 95... min 2.25167E-51 (of 0)... Time: 0.190
Arnoldi iteration 96... Time: 2.160
Numerical kernel 96... min 1.67039E-52 (of 0)... Time: 0.210
Arnoldi iteration 97... Time: 2.170
Numerical kernel 97... min 1.40574E-53 (of 0)... Time: 0.210
Arnoldi iteration 98... Time: 2.170
Numerical kernel 98... min 7.63833E-55 (of 0)... Time: 0.210
Arnoldi iteration 99... Time: 2.170
Numerical kernel 99... min 9.45260E-56 (of 0)... Time: 0.230
Arnoldi iteration 100... Time: 2.180
Numerical kernel 100... min 2.14018E-56 (of 0)... Time: 0.230
Arnoldi iteration 101... Time: 2.200
Numerical kernel 101... min 8.80944E-58 (of 0)... Time: 0.230
Arnoldi iteration 102... Time: 2.180
Numerical kernel 102... min 1.39758E-58 (of 0)... Time: 0.240
Arnoldi iteration 103... Time: 2.170
Numerical kernel 103... min 2.52183E-60 (of 0)... Time: 0.250
Arnoldi iteration 104... Time: 2.180
Numerical kernel 104... min 1.00093E-60 (of 0)... Time: 0.260
Arnoldi iteration 105... Time: 2.180
Numerical kernel 105... min 1.05348E-61 (of 0)... Time: 0.260
Arnoldi iteration 106... Time: 2.180
Numerical kernel 106... min 5.52890E-63 (of 0)... Time: 0.270
Arnoldi iteration 107... Time: 2.190
Numerical kernel 107... min 1.27525E-64 (of 0)... Time: 0.270
Arnoldi iteration 108... Time: 2.190
Numerical kernel 108... min 1.63731E-65 (of 0)... Time: 0.290
Arnoldi iteration 109... Time: 2.180
Numerical kernel 109... min 1.86672E-66 (of 0)... Time: 0.290
Arnoldi iteration 110... Time: 2.190
Numerical kernel 110... min 1.33863E-67 (of 0)... Time: 0.300
Arnoldi iteration 111... Time: 2.190
Numerical kernel 111... min 3.58304E-69 (of 0)... Time: 0.310
Arnoldi iteration 112... Time: 2.210
Numerical kernel 112... min 3.57061E-70 (of 0)... Time: 0.310
Arnoldi iteration 113... Time: 2.220
Numerical kernel 113... min 1.83233E-71 (of 0)... Time: 0.320
Arnoldi iteration 114... Time: 2.240
Numerical kernel 114... min 8.76866E-75 (of 0)... Time: 0.350
Arnoldi iteration 115... Time: 2.220
Numerical kernel 115... min 2.48748E-74 (of 0)... Time: 0.340
Arnoldi iteration 116... Time: 2.220
Numerical kernel 116... min 1.36369E-75 (of 0)... Time: 0.350
Arnoldi iteration 117... Time: 2.230
Numerical kernel 117... min 1.48580E-76 (of 0)... Time: 0.350
Arnoldi iteration 118... Time: 2.240
Numerical kernel 118... min 7.97890E-78 (of 0)... Time: 0.360
Arnoldi iteration 119... Time: 2.250
Numerical kernel 119... min 2.80707E-79 (of 0)... Time: 0.380
Arnoldi iteration 120... Time: 2.240
Numerical kernel 120... min 1.07148E-80 (of 0)... Time: 0.380
Arnoldi iteration 121... Time: 2.250
Numerical kernel 121... min 1.51964E-81 (of 0)... Time: 0.390
Arnoldi iteration 122... Time: 2.240
Numerical kernel 122... min 4.42801E-83 (of 0)... Time: 0.400
Arnoldi iteration 123... Time: 2.260
Numerical kernel 123... min 7.55665E-85 (of 0)... Time: 0.410
Arnoldi iteration 124... Time: 2.230
Numerical kernel 124... min 4.71015E-86 (of 0)... Time: 0.420
Arnoldi iteration 125... Time: 2.230
Numerical kernel 125... min 2.35545E-87 (of 0)... Time: 0.430
Arnoldi iteration 126... Time: 2.250
Numerical kernel 126... min 1.37125E-88 (of 0)... Time: 0.430
Arnoldi iteration 127... Time: 2.250
Numerical kernel 127... min 1.19867E-89 (of 0)... Time: 0.440
Arnoldi iteration 128... Time: 2.240
Numerical kernel 128... min 7.69123E-91 (of 0)... Time: 0.450
Arnoldi iteration 129... Time: 2.270
Numerical kernel 129... min 1.50307E-92 (of 0)... Time: 0.460
Arnoldi iteration 130... Time: 2.250
Numerical kernel 130... min 4.63328E-94 (of 0)... Time: 0.480
Arnoldi iteration 131... Time: 2.270
Numerical kernel 131... min 4.06463E-95 (of 0)... Time: 0.480
Arnoldi iteration 132... Time: 2.250
Numerical kernel 132... min 8.74315E-97 (of 0)... Time: 0.500
Arnoldi iteration 133... Time: 2.260
Numerical kernel 133... min 1.32112E-98 (of 0)... Time: 0.510
Arnoldi iteration 134... Time: 2.250
Numerical kernel 134... min 1.34395E-99 (of 0)... Time: 0.530
Arnoldi iteration 135... Time: 2.250
Numerical kernel 135... min 2.58488E-101 (of 0)... Time: 0.530
Arnoldi iteration 136... Time: 2.270
Numerical kernel 136... min 1.94354E-102 (of 0)... Time: 0.540
Arnoldi iteration 137... Time: 2.410
Numerical kernel 137... min 6.77215E-104 (of 0)... Time: 0.570
Arnoldi iteration 138... Time: 2.390
Numerical kernel 138... min 3.31582E-106 (of 0)... Time: 0.570
Arnoldi iteration 139... Time: 2.280
Numerical kernel 139... min 1.09157E-106 (of 0)... Time: 0.580
Arnoldi iteration 140... Time: 2.290
Numerical kernel 140... min 2.44963E-108 (of 1)... 
(-0.0536054 + 2.52403E-117*$.1 -0.107698 + 0.524909*$.1 -0.0553242 + 0.0691012*$.1 0.193073 + 0.0752311*$.1 -0.182096 + 0.00792460*$.1 0.126744 - 0.0505769*$.1 -0.0493567 + 0.0306008*$.1 0.194933 - 0.105129*$.1 0.175706 - 0.285108*$.1 0.264003 - 0.296158*$.1 0.277830 - 0.279902*$.1 0.199419 - 0.229445*$.1 0.110000 - 0.0825926*$.1 0.0677783 - 0.0896505*$.1 0.0479558 - 0.0460835*$.1 0.0246573 - 0.0224120*$.1 0.0128318 - 0.0104803*$.1 0.00618219 - 0.00471510*$.1 0.00369795 - 0.00222729*$.1 0.00140868 - 0.000812375*$.1 0.000979902 - 0.000461897*$.1 0.000382192 - 0.000264929*$.1 0.000219262 - 0.000114762*$.1 8.70954E-5 - 7.42738E-5*$.1 4.61708E-5 - 4.40084E-5*$.1 2.65334E-5 - 2.37064E-5*$.1 1.16909E-5 - 7.40686E-6*$.1 4.44616E-6 - 4.63120E-6*$.1 2.90896E-6 - 8.55846E-7*$.1 1.06448E-6 - 6.03093E-7*$.1 5.98591E-7 - 2.14664E-7*$.1 2.16254E-7 - 1.27304E-7*$.1 6.37635E-8 - 1.05773E-8*$.1 2.11622E-8 - 1.85655E-8*$.1 8.30100E-9 - 2.41791E-9*$.1 2.54255E-9 - 1.77903E-9*$.1 1.66535E-9 - 2.82653E-10*$.1 5.64188E-10 - 3.67736E-10*$.1 1.54581E-10 - 8.01157E-11*$.1 6.80684E-11 - 5.19897E-11*$.1 2.06484E-11 - 1.10404E-11*$.1 5.99899E-12 - 3.21270E-12*$.1 1.66072E-12 - 9.60418E-13*$.1 7.04934E-13 - 3.55689E-13*$.1 2.16568E-13 - 1.58117E-13*$.1 6.84009E-14 - 3.44700E-14*$.1 1.98181E-14 - 9.01095E-15*$.1 5.67742E-15 - 5.12855E-15*$.1 2.09933E-15 - 1.53280E-15*$.1 7.06563E-16 - 6.83772E-16*$.1 1.72207E-16 - 1.37956E-16*$.1 7.02627E-17 - 6.28601E-17*$.1 1.72577E-17 - 1.26447E-17*$.1 6.61958E-18 - 5.07419E-18*$.1 1.91715E-18 - 1.42275E-18*$.1 3.46273E-19 - 2.30589E-19*$.1 8.46871E-20 - 7.05317E-20*$.1 2.16549E-20 - 1.58051E-20*$.1 4.76269E-21 - 4.41435E-21*$.1 9.21053E-22 - 8.31260E-22*$.1 3.25068E-22 - 2.61227E-22*$.1 7.26851E-23 - 5.82857E-23*$.1 2.11014E-23 - 1.62873E-23*$.1 4.20886E-24 - 2.85335E-24*$.1 1.09571E-24 - 8.20964E-25*$.1 2.22610E-25 - 1.31768E-25*$.1 4.57735E-26 - 3.11160E-26*$.1 9.28064E-27 - 4.95305E-27*$.1 1.42486E-27 - 9.59495E-28*$.1 3.38480E-28 - 2.05338E-28*$.1 4.64085E-29 - 2.22445E-29*$.1 1.00193E-29 - 4.63563E-30*$.1 1.17134E-30 - 5.52462E-31*$.1 1.37382E-31 - 6.55600E-32*$.1 3.13068E-32 - 1.69421E-32*$.1 5.30886E-33 - 2.80469E-33*$.1 7.19397E-34 - 3.82940E-34*$.1 9.76612E-35 - 5.31614E-35*$.1 1.20101E-35 - 6.78131E-36*$.1 1.00695E-36 - 5.80069E-37*$.1 1.41816E-37 - 8.79803E-38*$.1 2.12441E-38 - 1.25360E-38*$.1 2.99312E-39 - 2.00112E-39*$.1 4.85406E-40 - 3.10988E-40*$.1 6.05968E-41 - 4.01009E-41*$.1 8.74481E-42 - 5.38683E-42*$.1 1.17204E-42 - 6.99319E-43*$.1 9.92909E-44 - 6.04908E-44*$.1 1.48525E-44 - 9.15487E-45*$.1 1.66951E-45 - 1.00217E-45*$.1 1.18039E-46 - 6.83729E-47*$.1 1.35051E-47 - 8.88890E-48*$.1 1.49292E-48 - 9.14350E-49*$.1 1.38218E-49 - 8.39930E-50*$.1 2.31036E-50 - 1.43228E-50*$.1 1.48527E-51 - 9.97692E-52*$.1 2.22283E-52 - 1.35290E-52*$.1 2.18874E-53 - 1.42198E-53*$.1 1.58875E-54 - 1.05484E-54*$.1 2.05206E-55 - 1.25719E-55*$.1 1.20333E-56 - 7.77014E-57*$.1 1.45464E-57 - 8.76994E-58*$.1 8.28369E-59 - 5.84839E-59*$.1 9.01317E-60 - 5.84268E-60*$.1 7.26480E-61 - 4.59584E-61*$.1 5.25040E-62 - 3.31747E-62*$.1 2.80199E-63 - 1.78018E-63*$.1 2.47953E-64 - 1.62089E-64*$.1 1.56537E-65 - 1.00667E-65*$.1 1.08541E-66 - 7.48119E-67*$.1 6.02361E-68 - 3.97413E-68*$.1 2.87019E-69 - 1.87109E-69*$.1 2.19103E-70 - 1.43628E-70*$.1 1.34669E-71 - 8.36345E-72*$.1 6.68216E-73 - 4.21300E-73*$.1 2.96639E-74 - 1.79433E-74*$.1 1.22525E-75 - 7.63698E-76*$.1 7.29546E-77 - 4.41169E-77*$.1 4.36127E-78 - 2.66907E-78*$.1 2.38011E-79 - 1.41982E-79*$.1 1.49752E-80 - 9.16854E-81*$.1 6.00960E-82 - 3.37518E-82*$.1 2.48654E-83 - 1.40405E-83*$.1 1.06929E-84 - 5.86540E-85*$.1 7.44919E-86 - 4.19546E-86*$.1 2.52973E-87 - 1.37875E-87*$.1 1.40248E-88 - 7.79512E-89*$.1 5.70317E-90 - 3.21284E-90*$.1 1.61681E-91 - 9.27076E-92*$.1 9.17209E-93 - 5.28926E-93*$.1 3.39194E-94 - 1.91401E-94*$.1 1.44401E-95 - 8.20173E-96*$.1 5.71818E-97 - 3.08389E-97*$.1 2.09206E-98 - 1.13714E-98*$.1 5.89996E-100 - 3.16834E-100*$.1 1.84855E-101 - 1.02030E-101*$.1 6.01885E-103 - 3.22082E-103*$.1 1.72495E-104 - 9.02099E-105*$.1 6.47975E-106 - 3.50110E-106*$.1)
Time: 0.830
escaped with cutoff 7.36511E-106...
Echelonize: 
[414926.1272570886248388858861887385665964144492315592484207276567546530343596616226853470552854113340703740200911621 + 1008610.321266177673481898876430486726381232207197097184344425234540133996780319694506406165697584979880680488951001*I -413041.9968316412862680139123157141074497542814684011151402071154202872158341194698970243290481246155477386638552344 - 1009365.368444489676825562508241522393553034337460592618836911484624922091925416426711060991086402255305988484328653*I]
[-313052.2946993262220285283016374750697236600772643478393466318364185147862769872625854319016813026922843564143731501 - 108022.2060517053130312046105690864003972259029578469037633675640322373211413469107708503843164702689037426611143484*I 312838.4907971842471570075365861905735785243426829661059859963461518174930955942723060467377956930994068924734910017 + 108624.4983978436388398199173368787926961590737245688786599491758354657912408163508910930564820261439418717307585241*I]
cgh = 1.00000 - 8.31633E-112*$.1, chg = 2.24750 + 3.51152*$.1
1 1 4 0.000000
1 2 0 1.27306E-115 + 2.03690E-115*$.1
1 3 2 -2.65728E-116 + 5.31456E-115*$.1
1 4 4 0.000000
1 5 0 2.65728E-116
1 6 4 0.000000
1 7 0 1.06291E-115
1 8 0 -2.54613E-116
1 9 0 2.65728E-116
1 10 2 -3.81885E-116 - 4.11571E-115*$.1
1 11 0 1.27306E-115 + 2.03690E-115*$.1
1 12 4 0.000000
1 13 0 1.52768E-115 + 2.03690E-115*$.1
1 14 2 -2.08159E-114 - 6.40490E-115*$.1
1 15 0 -3.38081E-116 + 2.70465E-115*$.1
1 16 0 1.01424E-115
1 17 0 -5.31456E-116
2 1 0 -0.643594 - 4.47791E-115*$.1
2 2 0 -0.619002 + 0.176208*$.1
2 2 1 -0.619002 + 0.176208*$.1
2 2 2 -0.619002 + 0.176208*$.1
2 3 0 0.585787 + 0.266585*$.1
2 4 0 -0.585787 - 0.266585*$.1
2 5 0 0.585787 - 0.266585*$.1
2 6 0 0.266585 - 0.585787*$.1
2 7 0 0.266585 - 0.585787*$.1
2 8 0 -0.643594 - 9.80342E-115*$.1
2 9 0 0.545520 - 0.341500*$.1
2 10 0 0.643594 - 4.97458E-231*$.1
2 11 0 -0.585787 - 0.266585*$.1
2 12 0 -0.176208 - 0.619002*$.1
2 13 0 0.176208 + 0.619002*$.1
2 13 1 0.176208 + 0.619002*$.1
2 13 2 0.176208 + 0.619002*$.1
2 14 0 -0.266585 + 0.585787*$.1
2 15 0 -0.0603925 + 0.640755*$.1
2 15 1 -0.0603925 + 0.640755*$.1
2 15 2 -0.0603925 + 0.640755*$.1
2 16 0 -0.585787 - 0.266585*$.1
2 17 0 -0.585787 - 0.266585*$.1
3 1 0 0.144264 - 0.627217*$.1
3 2 0 -0.455090 - 0.455090*$.1
3 3 0 0.602718 - 0.225709*$.1
3 4 0 -0.562299 - 0.313103*$.1
3 5 0 0.225709 - 0.602718*$.1
3 6 0 -0.455090 + 0.455090*$.1
3 7 0 0.410378 + 0.495786*$.1
3 8 0 -0.313103 + 0.562299*$.1
3 9 0 -0.602718 + 0.225709*$.1
3 10 0 0.455090 + 0.455090*$.1
3 11 0 -0.495786 + 0.410378*$.1
3 12 0 -0.455090 + 0.455090*$.1
3 12 1 -0.455090 + 0.455090*$.1
3 12 2 -0.455090 + 0.455090*$.1
3 13 0 -0.313103 + 0.562299*$.1
3 14 0 0.627217 + 0.144264*$.1
3 15 0 0.313103 - 0.562299*$.1
3 16 0 0.313103 - 0.562299*$.1
3 17 0 -0.602718 + 0.225709*$.1
1 1 [ 0.0000000000000000000000000000000000000000000000000000000000000000000000000000000000000000000000000000000000000000000, -0.4731480620488469792787803335066226792820171387538392750680811924250673059485786031525139476992380554165992361476800 - 0.6546745770194243957772817089390610746725405563873321545277897322040750124215780099405388433894331662476069781441640*I, 0.7945362800098038578186022086442953418307591692543702488810774027135816420016647155423101682660399718998903347448008 - 0.4919450479642277219332304830179352645719490269933787409886140573340072783798728697756529734707005511628204981499789*I ]
1 2 [ -0.01147958513560353605502840370010301650561285960205680518534073257143921857045762836794790146250514745437708927154610 - 1.005023129175043048236874284153644921489064162384546927502758008043030092930362813705198052737903381361413984862596*I ]
1 3 [ 0.5100832946293364457309043061828027458701168996738400702723630608730053732587113392858128524455890213621274411727406 + 0.1002144520147893098005497233342935167174027859949929369006628236781972629304457064044937201656097806963938880339758*I, 0.5846597387968476334412512786233613002494083373708726362631801933539604134572948614092592910261882989392340189284172 + 0.08051763052398137289993935786955884623123439417342728001802358194279514539519716889083139122039621805364420321800634*I, 0.5039981752774379002503433389916766952057253360819973218500638698714862060562952984750208760245484571949291887486054 - 0.3865718526250869093225621634191763612649390748936873277878636377072342891355112050835414602998576043813052875781814*I ]
2 1 [ 0.5249913091096561210689479993992814830809802814704189938568472709339617194416537917772627562597796082329259770373459 + 0.01426254508558294260964163868244248011167458557831567860703191940794910313577900960873937880923274441563425735481606*I, 0.02636011441445114990877442151293897336610317151155807722193874642321337832655221227432142141567291590367792786682761 - 0.7194866759378939570361665962191670931883273244159022167522485454214308581372946951626347995311338342893977437476739*I, -1.003948414184180139594001027188462627329688082708182923287120507259154486582960789914347821323699249265497766514218 + 0.5756611369400367738575092007220592298659373974291857508549328852134396746968946152252867869596075449531698460756467*I ]
2 2 [ 0.5193445988042478848725545606440943524664431159073188602367215580796535576934202676638211294694951158573321121243080 - 0.3937684038648100141264844625376441298992223870671227184047648919321897230684590365312557713746992344958776580891963*I ]
2 3 [ -0.4869061719946955947965864494787833878962159714451621553904019242145451729728049911255638151236515304644126955581215 - 0.5523265286606217656398783570946897631339223789154594109192640471687557441190623064720224307302012808793630849488379*I, -0.4127688927563826218331148731439337492061096532332343064313784073307255846895410644717246515800540314123288147342471 - 0.5785496034785576119444259432156697943613488687483688443072502568804298711880744487295151465025001707449183819025384*I, -0.01840346543835414196906723464947646494348043307756702070251515405201058073966783028357995470258585922210307985388782 - 1.032167087797436774443912821212244113875474913813225248335962640491341217311003679421574808245405377552691698241830*I ]
3 1 [ 0.4457784845646366621065053978396304229545137707161358472967095656356896572027020194634420882792224345973642537591020 - 0.3572035584617330830060317523140861634082177850635163139919259774974136521347392228517333405896460968627673329154239*I, -0.4148428331869475192145591522172022224610754366743826049498232105534209769662303681454237164880718942673174178302058 - 0.4859426917871630642578678038702452433826663026714206717723422697610564913453175749386983927194009429659844562943739*I, 0.5687093291956567593945900297166591338386095664123878631798651262411798956294423439613733264093386836636456329354576 + 0.1862176708277211888766202624595672641964185260526664585872866533655441794507160164923516690367262618669615283252486*I, -0.05835598413496597348399343407378575480532669067618848852758026089781762532521744809982550841494242670460082287139323 - 1.155842906090410699721235403076567393170253700148127277017116122347702502011014021898332067659305903637470482717052*I ]
3 2 [ -0.2625308832127939564870615365629131993187305578531015954739196200096883245092851472353039914795410620991179859306059 + 0.2436314801206747055235712488098156385497988334776335432380490585098075510240481150874576603848002799001034344997950*I ]
deg(phi_0) = deg(phi_1) = deg(phi_oo)

1.456887043727618342624741867784969787966322903918293401289062378286888237998974607833698353523833054437078735483298E-94 10
Calling TrianglePhiGenusZeroEquations with RamInfinity := []
Defining ideal: Ideal of Polynomial ring of rank 19 over Rational Field
Order: Lexicographical
Variables: a[1], a[2], a[3], a[4], a[5], a[6], a[7], a[8], a[9], a[10], a[11], a[12], a[13], a[14], a[15], a[16], a[17], a[18], a[19]
Basis:
[
-a[1]*a[3]*a[4]*a[14] - 4*a[1]*a[3]*a[4]*a[15]*a[18] + a[1]*a[3]*a[5]*a[14]*a[18] + 2*a[1]*a[4]*a[14]*a[18] + 4*a[2]*a[3]*a[4]*a[14]*a[18],
a[4] - a[5],
-a[7]^4*a[10]^2*a[11]*a[19] + a[7]^4*a[10]^2*a[11] - a[14]^4*a[18],
-a[7]^4*a[10]^2*a[12]*a[19] + a[7]^4*a[10]^2*a[12] - 2*a[7]^4*a[10]*a[11]*a[19] + 2*a[7]^4*a[10]*a[11] - 4*a[7]^3*a[8]*a[10]^2*a[11]*a[19] + 4*a[7]^3*a[8]*a[10]^2*a[11] - a[14]^4 - 4*a[14]^3*a[15]*a[18],
-a[7]^4*a[10]^2*a[13]*a[19] + a[7]^4*a[10]^2*a[13] - 2*a[7]^4*a[10]*a[12]*a[19] + 2*a[7]^4*a[10]*a[12] - a[7]^4*a[11]*a[19] + a[7]^4*a[11] - 4*a[7]^3*a[8]*a[10]^2*a[12]*a[19] + 4*a[7]^3*a[8]*a[10]^2*a[12] - 8*a[7]^3*a[8]*a[10]*a[11]*a[19] + 8*a[7]^3*a[8]*a[10]*a[11] - 4*a[7]^3*a[9]*a[10]^2*a[11]*a[19] + 4*a[7]^3*a[9]*a[10]^2*a[11] - 6*a[7]^2*a[8]^2*a[10]^2*a[11]*a[19] + 6*a[7]^2*a[8]^2*a[10]^2*a[11] - 4*a[14]^3*a[15] - 4*a[14]^3*a[16]*a[18] - 6*a[14]^2*a[15]^2*a[18],
-a[7]^4*a[10]^2*a[19] + a[7]^4*a[10]^2 - 2*a[7]^4*a[10]*a[13]*a[19] + 2*a[7]^4*a[10]*a[13] - a[7]^4*a[12]*a[19] + a[7]^4*a[12] - 4*a[7]^3*a[8]*a[10]^2*a[13]*a[19] + 4*a[7]^3*a[8]*a[10]^2*a[13] - 8*a[7]^3*a[8]*a[10]*a[12]*a[19] + 8*a[7]^3*a[8]*a[10]*a[12] - 4*a[7]^3*a[8]*a[11]*a[19] + 4*a[7]^3*a[8]*a[11] - 4*a[7]^3*a[9]*a[10]^2*a[12]*a[19] + 4*a[7]^3*a[9]*a[10]^2*a[12] - 8*a[7]^3*a[9]*a[10]*a[11]*a[19] + 8*a[7]^3*a[9]*a[10]*a[11] - 4*a[7]^3*a[10]^2*a[11]*a[19] + 4*a[7]^3*a[10]^2*a[11] - 6*a[7]^2*a[8]^2*a[10]^2*a[12]*a[19] + 6*a[7]^2*a[8]^2*a[10]^2*a[12] - 12*a[7]^2*a[8]^2*a[10]*a[11]*a[19] + 12*a[7]^2*a[8]^2*a[10]*a[11] - 12*a[7]^2*a[8]*a[9]*a[10]^2*a[11]*a[19] + 12*a[7]^2*a[8]*a[9]*a[10]^2*a[11] - 4*a[7]*a[8]^3*a[10]^2*a[11]*a[19] + 4*a[7]*a[8]^3*a[10]^2*a[11] - 4*a[14]^3*a[16] - 4*a[14]^3*a[17]*a[18] - 6*a[14]^2*a[15]^2 - 12*a[14]^2*a[15]*a[16]*a[18] - 4*a[14]*a[15]^3*a[18],
a[1]^4*a[3]^2*a[4]*a[19] - 2*a[7]^4*a[10]*a[19] + 2*a[7]^4*a[10] - a[7]^4*a[13]*a[19] + a[7]^4*a[13] - 4*a[7]^3*a[8]*a[10]^2*a[19] + 4*a[7]^3*a[8]*a[10]^2 - 8*a[7]^3*a[8]*a[10]*a[13]*a[19] + 8*a[7]^3*a[8]*a[10]*a[13] - 4*a[7]^3*a[8]*a[12]*a[19] + 4*a[7]^3*a[8]*a[12] - 4*a[7]^3*a[9]*a[10]^2*a[13]*a[19] + 4*a[7]^3*a[9]*a[10]^2*a[13] - 8*a[7]^3*a[9]*a[10]*a[12]*a[19] + 8*a[7]^3*a[9]*a[10]*a[12] - 4*a[7]^3*a[9]*a[11]*a[19] + 4*a[7]^3*a[9]*a[11] - 4*a[7]^3*a[10]^2*a[12]*a[19] + 4*a[7]^3*a[10]^2*a[12] - 8*a[7]^3*a[10]*a[11]*a[19] + 8*a[7]^3*a[10]*a[11] - 6*a[7]^2*a[8]^2*a[10]^2*a[13]*a[19] + 6*a[7]^2*a[8]^2*a[10]^2*a[13] - 12*a[7]^2*a[8]^2*a[10]*a[12]*a[19] + 12*a[7]^2*a[8]^2*a[10]*a[12] - 6*a[7]^2*a[8]^2*a[11]*a[19] + 6*a[7]^2*a[8]^2*a[11] - 12*a[7]^2*a[8]*a[9]*a[10]^2*a[12]*a[19] + 12*a[7]^2*a[8]*a[9]*a[10]^2*a[12] - 24*a[7]^2*a[8]*a[9]*a[10]*a[11]*a[19] + 24*a[7]^2*a[8]*a[9]*a[10]*a[11] - 12*a[7]^2*a[8]*a[10]^2*a[11]*a[19] + 12*a[7]^2*a[8]*a[10]^2*a[11] - 6*a[7]^2*a[9]^2*a[10]^2*a[11]*a[19] + 6*a[7]^2*a[9]^2*a[10]^2*a[11] - 4*a[7]*a[8]^3*a[10]^2*a[12]*a[19] + 4*a[7]*a[8]^3*a[10]^2*a[12] - 8*a[7]*a[8]^3*a[10]*a[11]*a[19] + 8*a[7]*a[8]^3*a[10]*a[11] - 12*a[7]*a[8]^2*a[9]*a[10]^2*a[11]*a[19] + 12*a[7]*a[8]^2*a[9]*a[10]^2*a[11] - a[8]^4*a[10]^2*a[11]*a[19] + a[8]^4*a[10]^2*a[11] - 4*a[14]^3*a[17] - 4*a[14]^3*a[18] - 12*a[14]^2*a[15]*a[16] - 12*a[14]^2*a[15]*a[17]*a[18] - 6*a[14]^2*a[16]^2*a[18] - 4*a[14]*a[15]^3 - 12*a[14]*a[15]^2*a[16]*a[18] - a[15]^4*a[18],
a[1]^4*a[3]^2*a[5]*a[19] + 2*a[1]^4*a[3]*a[4]*a[19] + 4*a[1]^3*a[2]*a[3]^2*a[4]*a[19] - a[7]^4*a[19] + a[7]^4 - 8*a[7]^3*a[8]*a[10]*a[19] + 8*a[7]^3*a[8]*a[10] - 4*a[7]^3*a[8]*a[13]*a[19] + 4*a[7]^3*a[8]*a[13] - 4*a[7]^3*a[9]*a[10]^2*a[19] + 4*a[7]^3*a[9]*a[10]^2 - 8*a[7]^3*a[9]*a[10]*a[13]*a[19] + 8*a[7]^3*a[9]*a[10]*a[13] - 4*a[7]^3*a[9]*a[12]*a[19] + 4*a[7]^3*a[9]*a[12] - 4*a[7]^3*a[10]^2*a[13]*a[19] + 4*a[7]^3*a[10]^2*a[13] - 8*a[7]^3*a[10]*a[12]*a[19] + 8*a[7]^3*a[10]*a[12] - 4*a[7]^3*a[11]*a[19] + 4*a[7]^3*a[11] - 6*a[7]^2*a[8]^2*a[10]^2*a[19] + 6*a[7]^2*a[8]^2*a[10]^2 - 12*a[7]^2*a[8]^2*a[10]*a[13]*a[19] + 12*a[7]^2*a[8]^2*a[10]*a[13] - 6*a[7]^2*a[8]^2*a[12]*a[19] + 6*a[7]^2*a[8]^2*a[12] - 12*a[7]^2*a[8]*a[9]*a[10]^2*a[13]*a[19] + 12*a[7]^2*a[8]*a[9]*a[10]^2*a[13] - 24*a[7]^2*a[8]*a[9]*a[10]*a[12]*a[19] + 24*a[7]^2*a[8]*a[9]*a[10]*a[12] - 12*a[7]^2*a[8]*a[9]*a[11]*a[19] + 12*a[7]^2*a[8]*a[9]*a[11] - 12*a[7]^2*a[8]*a[10]^2*a[12]*a[19] + 12*a[7]^2*a[8]*a[10]^2*a[12] - 24*a[7]^2*a[8]*a[10]*a[11]*a[19] + 24*a[7]^2*a[8]*a[10]*a[11] - 6*a[7]^2*a[9]^2*a[10]^2*a[12]*a[19] + 6*a[7]^2*a[9]^2*a[10]^2*a[12] - 12*a[7]^2*a[9]^2*a[10]*a[11]*a[19] + 12*a[7]^2*a[9]^2*a[10]*a[11] - 12*a[7]^2*a[9]*a[10]^2*a[11]*a[19] + 12*a[7]^2*a[9]*a[10]^2*a[11] - 4*a[7]*a[8]^3*a[10]^2*a[13]*a[19] + 4*a[7]*a[8]^3*a[10]^2*a[13] - 8*a[7]*a[8]^3*a[10]*a[12]*a[19] + 8*a[7]*a[8]^3*a[10]*a[12] - 4*a[7]*a[8]^3*a[11]*a[19] + 4*a[7]*a[8]^3*a[11] - 12*a[7]*a[8]^2*a[9]*a[10]^2*a[12]*a[19] + 12*a[7]*a[8]^2*a[9]*a[10]^2*a[12] - 24*a[7]*a[8]^2*a[9]*a[10]*a[11]*a[19] + 24*a[7]*a[8]^2*a[9]*a[10]*a[11] - 12*a[7]*a[8]^2*a[10]^2*a[11]*a[19] + 12*a[7]*a[8]^2*a[10]^2*a[11] - 12*a[7]*a[8]*a[9]^2*a[10]^2*a[11]*a[19] + 12*a[7]*a[8]*a[9]^2*a[10]^2*a[11] - a[8]^4*a[10]^2*a[12]*a[19] + a[8]^4*a[10]^2*a[12] - 2*a[8]^4*a[10]*a[11]*a[19] + 2*a[8]^4*a[10]*a[11] - 4*a[8]^3*a[9]*a[10]^2*a[11]*a[19] + 4*a[8]^3*a[9]*a[10]^2*a[11] - 4*a[14]^3 - 12*a[14]^2*a[15]*a[17] - 12*a[14]^2*a[15]*a[18] - 6*a[14]^2*a[16]^2 - 12*a[14]^2*a[16]*a[17]*a[18] - 12*a[14]*a[15]^2*a[16] - 12*a[14]*a[15]^2*a[17]*a[18] - 12*a[14]*a[15]*a[16]^2*a[18] - a[15]^4 - 4*a[15]^3*a[16]*a[18],
a[1]^4*a[3]^2*a[6]*a[19] + 2*a[1]^4*a[3]*a[5]*a[19] + a[1]^4*a[4]*a[19] + 4*a[1]^3*a[2]*a[3]^2*a[5]*a[19] + 8*a[1]^3*a[2]*a[3]*a[4]*a[19] + 4*a[1]^3*a[3]^2*a[4]*a[19] + 6*a[1]^2*a[2]^2*a[3]^2*a[4]*a[19] - 4*a[7]^3*a[8]*a[19] + 4*a[7]^3*a[8] - 8*a[7]^3*a[9]*a[10]*a[19] + 8*a[7]^3*a[9]*a[10] - 4*a[7]^3*a[9]*a[13]*a[19] + 4*a[7]^3*a[9]*a[13] - 4*a[7]^3*a[10]^2*a[19] + 4*a[7]^3*a[10]^2 - 8*a[7]^3*a[10]*a[13]*a[19] + 8*a[7]^3*a[10]*a[13] - 4*a[7]^3*a[12]*a[19] + 4*a[7]^3*a[12] - 12*a[7]^2*a[8]^2*a[10]*a[19] + 12*a[7]^2*a[8]^2*a[10] - 6*a[7]^2*a[8]^2*a[13]*a[19] + 6*a[7]^2*a[8]^2*a[13] - 12*a[7]^2*a[8]*a[9]*a[10]^2*a[19] + 12*a[7]^2*a[8]*a[9]*a[10]^2 - 24*a[7]^2*a[8]*a[9]*a[10]*a[13]*a[19] + 24*a[7]^2*a[8]*a[9]*a[10]*a[13] - 12*a[7]^2*a[8]*a[9]*a[12]*a[19] + 12*a[7]^2*a[8]*a[9]*a[12] - 12*a[7]^2*a[8]*a[10]^2*a[13]*a[19] + 12*a[7]^2*a[8]*a[10]^2*a[13] - 24*a[7]^2*a[8]*a[10]*a[12]*a[19] + 24*a[7]^2*a[8]*a[10]*a[12] - 12*a[7]^2*a[8]*a[11]*a[19] + 12*a[7]^2*a[8]*a[11] - 6*a[7]^2*a[9]^2*a[10]^2*a[13]*a[19] + 6*a[7]^2*a[9]^2*a[10]^2*a[13] - 12*a[7]^2*a[9]^2*a[10]*a[12]*a[19] + 12*a[7]^2*a[9]^2*a[10]*a[12] - 6*a[7]^2*a[9]^2*a[11]*a[19] + 6*a[7]^2*a[9]^2*a[11] - 12*a[7]^2*a[9]*a[10]^2*a[12]*a[19] + 12*a[7]^2*a[9]*a[10]^2*a[12] - 24*a[7]^2*a[9]*a[10]*a[11]*a[19] + 24*a[7]^2*a[9]*a[10]*a[11] - 6*a[7]^2*a[10]^2*a[11]*a[19] + 6*a[7]^2*a[10]^2*a[11] - 4*a[7]*a[8]^3*a[10]^2*a[19] + 4*a[7]*a[8]^3*a[10]^2 - 8*a[7]*a[8]^3*a[10]*a[13]*a[19] + 8*a[7]*a[8]^3*a[10]*a[13] - 4*a[7]*a[8]^3*a[12]*a[19] + 4*a[7]*a[8]^3*a[12] - 12*a[7]*a[8]^2*a[9]*a[10]^2*a[13]*a[19] + 12*a[7]*a[8]^2*a[9]*a[10]^2*a[13] - 24*a[7]*a[8]^2*a[9]*a[10]*a[12]*a[19] + 24*a[7]*a[8]^2*a[9]*a[10]*a[12] - 12*a[7]*a[8]^2*a[9]*a[11]*a[19] + 12*a[7]*a[8]^2*a[9]*a[11] - 12*a[7]*a[8]^2*a[10]^2*a[12]*a[19] + 12*a[7]*a[8]^2*a[10]^2*a[12] - 24*a[7]*a[8]^2*a[10]*a[11]*a[19] + 24*a[7]*a[8]^2*a[10]*a[11] - 12*a[7]*a[8]*a[9]^2*a[10]^2*a[12]*a[19] + 12*a[7]*a[8]*a[9]^2*a[10]^2*a[12] - 24*a[7]*a[8]*a[9]^2*a[10]*a[11]*a[19] + 24*a[7]*a[8]*a[9]^2*a[10]*a[11] - 24*a[7]*a[8]*a[9]*a[10]^2*a[11]*a[19] + 24*a[7]*a[8]*a[9]*a[10]^2*a[11] - 4*a[7]*a[9]^3*a[10]^2*a[11]*a[19] + 4*a[7]*a[9]^3*a[10]^2*a[11] - a[8]^4*a[10]^2*a[13]*a[19] + a[8]^4*a[10]^2*a[13] - 2*a[8]^4*a[10]*a[12]*a[19] + 2*a[8]^4*a[10]*a[12] - a[8]^4*a[11]*a[19] + a[8]^4*a[11] - 4*a[8]^3*a[9]*a[10]^2*a[12]*a[19] + 4*a[8]^3*a[9]*a[10]^2*a[12] - 8*a[8]^3*a[9]*a[10]*a[11]*a[19] + 8*a[8]^3*a[9]*a[10]*a[11] - 4*a[8]^3*a[10]^2*a[11]*a[19] + 4*a[8]^3*a[10]^2*a[11] - 6*a[8]^2*a[9]^2*a[10]^2*a[11]*a[19] + 6*a[8]^2*a[9]^2*a[10]^2*a[11] - 12*a[14]^2*a[15] - 12*a[14]^2*a[16]*a[17] - 12*a[14]^2*a[16]*a[18] - 6*a[14]^2*a[17]^2*a[18] - 12*a[14]*a[15]^2*a[17] - 12*a[14]*a[15]^2*a[18] - 12*a[14]*a[15]*a[16]^2 - 24*a[14]*a[15]*a[16]*a[17]*a[18] - 4*a[14]*a[16]^3*a[18] - 4*a[15]^3*a[16] - 4*a[15]^3*a[17]*a[18] - 6*a[15]^2*a[16]^2*a[18],
a[1]^4*a[3]^2*a[19] + 2*a[1]^4*a[3]*a[6]*a[19] + a[1]^4*a[5]*a[19] + 4*a[1]^3*a[2]*a[3]^2*a[6]*a[19] + 8*a[1]^3*a[2]*a[3]*a[5]*a[19] + 4*a[1]^3*a[2]*a[4]*a[19] + 4*a[1]^3*a[3]^2*a[5]*a[19] + 8*a[1]^3*a[3]*a[4]*a[19] + 6*a[1]^2*a[2]^2*a[3]^2*a[5]*a[19] + 12*a[1]^2*a[2]^2*a[3]*a[4]*a[19] + 12*a[1]^2*a[2]*a[3]^2*a[4]*a[19] + 4*a[1]*a[2]^3*a[3]^2*a[4]*a[19] - 4*a[7]^3*a[9]*a[19] + 4*a[7]^3*a[9] - 8*a[7]^3*a[10]*a[19] + 8*a[7]^3*a[10] - 4*a[7]^3*a[13]*a[19] + 4*a[7]^3*a[13] - 6*a[7]^2*a[8]^2*a[19] + 6*a[7]^2*a[8]^2 - 24*a[7]^2*a[8]*a[9]*a[10]*a[19] + 24*a[7]^2*a[8]*a[9]*a[10] - 12*a[7]^2*a[8]*a[9]*a[13]*a[19] + 12*a[7]^2*a[8]*a[9]*a[13] - 12*a[7]^2*a[8]*a[10]^2*a[19] + 12*a[7]^2*a[8]*a[10]^2 - 24*a[7]^2*a[8]*a[10]*a[13]*a[19] + 24*a[7]^2*a[8]*a[10]*a[13] - 12*a[7]^2*a[8]*a[12]*a[19] + 12*a[7]^2*a[8]*a[12] - 6*a[7]^2*a[9]^2*a[10]^2*a[19] + 6*a[7]^2*a[9]^2*a[10]^2 - 12*a[7]^2*a[9]^2*a[10]*a[13]*a[19] + 12*a[7]^2*a[9]^2*a[10]*a[13] - 6*a[7]^2*a[9]^2*a[12]*a[19] + 6*a[7]^2*a[9]^2*a[12] - 12*a[7]^2*a[9]*a[10]^2*a[13]*a[19] + 12*a[7]^2*a[9]*a[10]^2*a[13] - 24*a[7]^2*a[9]*a[10]*a[12]*a[19] + 24*a[7]^2*a[9]*a[10]*a[12] - 12*a[7]^2*a[9]*a[11]*a[19] + 12*a[7]^2*a[9]*a[11] - 6*a[7]^2*a[10]^2*a[12]*a[19] + 6*a[7]^2*a[10]^2*a[12] - 12*a[7]^2*a[10]*a[11]*a[19] + 12*a[7]^2*a[10]*a[11] - 8*a[7]*a[8]^3*a[10]*a[19] + 8*a[7]*a[8]^3*a[10] - 4*a[7]*a[8]^3*a[13]*a[19] + 4*a[7]*a[8]^3*a[13] - 12*a[7]*a[8]^2*a[9]*a[10]^2*a[19] + 12*a[7]*a[8]^2*a[9]*a[10]^2 - 24*a[7]*a[8]^2*a[9]*a[10]*a[13]*a[19] + 24*a[7]*a[8]^2*a[9]*a[10]*a[13] - 12*a[7]*a[8]^2*a[9]*a[12]*a[19] + 12*a[7]*a[8]^2*a[9]*a[12] - 12*a[7]*a[8]^2*a[10]^2*a[13]*a[19] + 12*a[7]*a[8]^2*a[10]^2*a[13] - 24*a[7]*a[8]^2*a[10]*a[12]*a[19] + 24*a[7]*a[8]^2*a[10]*a[12] - 12*a[7]*a[8]^2*a[11]*a[19] + 12*a[7]*a[8]^2*a[11] - 12*a[7]*a[8]*a[9]^2*a[10]^2*a[13]*a[19] + 12*a[7]*a[8]*a[9]^2*a[10]^2*a[13] - 24*a[7]*a[8]*a[9]^2*a[10]*a[12]*a[19] + 24*a[7]*a[8]*a[9]^2*a[10]*a[12] - 12*a[7]*a[8]*a[9]^2*a[11]*a[19] + 12*a[7]*a[8]*a[9]^2*a[11] - 24*a[7]*a[8]*a[9]*a[10]^2*a[12]*a[19] + 24*a[7]*a[8]*a[9]*a[10]^2*a[12] - 48*a[7]*a[8]*a[9]*a[10]*a[11]*a[19] + 48*a[7]*a[8]*a[9]*a[10]*a[11] - 12*a[7]*a[8]*a[10]^2*a[11]*a[19] + 12*a[7]*a[8]*a[10]^2*a[11] - 4*a[7]*a[9]^3*a[10]^2*a[12]*a[19] + 4*a[7]*a[9]^3*a[10]^2*a[12] - 8*a[7]*a[9]^3*a[10]*a[11]*a[19] + 8*a[7]*a[9]^3*a[10]*a[11] - 12*a[7]*a[9]^2*a[10]^2*a[11]*a[19] + 12*a[7]*a[9]^2*a[10]^2*a[11] - a[8]^4*a[10]^2*a[19] + a[8]^4*a[10]^2 - 2*a[8]^4*a[10]*a[13]*a[19] + 2*a[8]^4*a[10]*a[13] - a[8]^4*a[12]*a[19] + a[8]^4*a[12] - 4*a[8]^3*a[9]*a[10]^2*a[13]*a[19] + 4*a[8]^3*a[9]*a[10]^2*a[13] - 8*a[8]^3*a[9]*a[10]*a[12]*a[19] + 8*a[8]^3*a[9]*a[10]*a[12] - 4*a[8]^3*a[9]*a[11]*a[19] + 4*a[8]^3*a[9]*a[11] - 4*a[8]^3*a[10]^2*a[12]*a[19] + 4*a[8]^3*a[10]^2*a[12] - 8*a[8]^3*a[10]*a[11]*a[19] + 8*a[8]^3*a[10]*a[11] - 6*a[8]^2*a[9]^2*a[10]^2*a[12]*a[19] + 6*a[8]^2*a[9]^2*a[10]^2*a[12] - 12*a[8]^2*a[9]^2*a[10]*a[11]*a[19] + 12*a[8]^2*a[9]^2*a[10]*a[11] - 12*a[8]^2*a[9]*a[10]^2*a[11]*a[19] + 12*a[8]^2*a[9]*a[10]^2*a[11] - 4*a[8]*a[9]^3*a[10]^2*a[11]*a[19] + 4*a[8]*a[9]^3*a[10]^2*a[11] - 12*a[14]^2*a[16] - 6*a[14]^2*a[17]^2 - 12*a[14]^2*a[17]*a[18] - 12*a[14]*a[15]^2 - 24*a[14]*a[15]*a[16]*a[17] - 24*a[14]*a[15]*a[16]*a[18] - 12*a[14]*a[15]*a[17]^2*a[18] - 4*a[14]*a[16]^3 - 12*a[14]*a[16]^2*a[17]*a[18] - 4*a[15]^3*a[17] - 4*a[15]^3*a[18] - 6*a[15]^2*a[16]^2 - 12*a[15]^2*a[16]*a[17]*a[18] - 4*a[15]*a[16]^3*a[18],
2*a[1]^4*a[3]*a[19] + a[1]^4*a[6]*a[19] + 4*a[1]^3*a[2]*a[3]^2*a[19] + 8*a[1]^3*a[2]*a[3]*a[6]*a[19] + 4*a[1]^3*a[2]*a[5]*a[19] + 4*a[1]^3*a[3]^2*a[6]*a[19] + 8*a[1]^3*a[3]*a[5]*a[19] + 4*a[1]^3*a[4]*a[19] + 6*a[1]^2*a[2]^2*a[3]^2*a[6]*a[19] + 12*a[1]^2*a[2]^2*a[3]*a[5]*a[19] + 6*a[1]^2*a[2]^2*a[4]*a[19] + 12*a[1]^2*a[2]*a[3]^2*a[5]*a[19] + 24*a[1]^2*a[2]*a[3]*a[4]*a[19] + 6*a[1]^2*a[3]^2*a[4]*a[19] + 4*a[1]*a[2]^3*a[3]^2*a[5]*a[19] + 8*a[1]*a[2]^3*a[3]*a[4]*a[19] + 12*a[1]*a[2]^2*a[3]^2*a[4]*a[19] + a[2]^4*a[3]^2*a[4]*a[19] - 4*a[7]^3*a[19] + 4*a[7]^3 - 12*a[7]^2*a[8]*a[9]*a[19] + 12*a[7]^2*a[8]*a[9] - 24*a[7]^2*a[8]*a[10]*a[19] + 24*a[7]^2*a[8]*a[10] - 12*a[7]^2*a[8]*a[13]*a[19] + 12*a[7]^2*a[8]*a[13] - 12*a[7]^2*a[9]^2*a[10]*a[19] + 12*a[7]^2*a[9]^2*a[10] - 6*a[7]^2*a[9]^2*a[13]*a[19] + 6*a[7]^2*a[9]^2*a[13] - 12*a[7]^2*a[9]*a[10]^2*a[19] + 12*a[7]^2*a[9]*a[10]^2 - 24*a[7]^2*a[9]*a[10]*a[13]*a[19] + 24*a[7]^2*a[9]*a[10]*a[13] - 12*a[7]^2*a[9]*a[12]*a[19] + 12*a[7]^2*a[9]*a[12] - 6*a[7]^2*a[10]^2*a[13]*a[19] + 6*a[7]^2*a[10]^2*a[13] - 12*a[7]^2*a[10]*a[12]*a[19] + 12*a[7]^2*a[10]*a[12] - 6*a[7]^2*a[11]*a[19] + 6*a[7]^2*a[11] - 4*a[7]*a[8]^3*a[19] + 4*a[7]*a[8]^3 - 24*a[7]*a[8]^2*a[9]*a[10]*a[19] + 24*a[7]*a[8]^2*a[9]*a[10] - 12*a[7]*a[8]^2*a[9]*a[13]*a[19] + 12*a[7]*a[8]^2*a[9]*a[13] - 12*a[7]*a[8]^2*a[10]^2*a[19] + 12*a[7]*a[8]^2*a[10]^2 - 24*a[7]*a[8]^2*a[10]*a[13]*a[19] + 24*a[7]*a[8]^2*a[10]*a[13] - 12*a[7]*a[8]^2*a[12]*a[19] + 12*a[7]*a[8]^2*a[12] - 12*a[7]*a[8]*a[9]^2*a[10]^2*a[19] + 12*a[7]*a[8]*a[9]^2*a[10]^2 - 24*a[7]*a[8]*a[9]^2*a[10]*a[13]*a[19] + 24*a[7]*a[8]*a[9]^2*a[10]*a[13] - 12*a[7]*a[8]*a[9]^2*a[12]*a[19] + 12*a[7]*a[8]*a[9]^2*a[12] - 24*a[7]*a[8]*a[9]*a[10]^2*a[13]*a[19] + 24*a[7]*a[8]*a[9]*a[10]^2*a[13] - 48*a[7]*a[8]*a[9]*a[10]*a[12]*a[19] + 48*a[7]*a[8]*a[9]*a[10]*a[12] - 24*a[7]*a[8]*a[9]*a[11]*a[19] + 24*a[7]*a[8]*a[9]*a[11] - 12*a[7]*a[8]*a[10]^2*a[12]*a[19] + 12*a[7]*a[8]*a[10]^2*a[12] - 24*a[7]*a[8]*a[10]*a[11]*a[19] + 24*a[7]*a[8]*a[10]*a[11] - 4*a[7]*a[9]^3*a[10]^2*a[13]*a[19] + 4*a[7]*a[9]^3*a[10]^2*a[13] - 8*a[7]*a[9]^3*a[10]*a[12]*a[19] + 8*a[7]*a[9]^3*a[10]*a[12] - 4*a[7]*a[9]^3*a[11]*a[19] + 4*a[7]*a[9]^3*a[11] - 12*a[7]*a[9]^2*a[10]^2*a[12]*a[19] + 12*a[7]*a[9]^2*a[10]^2*a[12] - 24*a[7]*a[9]^2*a[10]*a[11]*a[19] + 24*a[7]*a[9]^2*a[10]*a[11] - 12*a[7]*a[9]*a[10]^2*a[11]*a[19] + 12*a[7]*a[9]*a[10]^2*a[11] - 2*a[8]^4*a[10]*a[19] + 2*a[8]^4*a[10] - a[8]^4*a[13]*a[19] + a[8]^4*a[13] - 4*a[8]^3*a[9]*a[10]^2*a[19] + 4*a[8]^3*a[9]*a[10]^2 - 8*a[8]^3*a[9]*a[10]*a[13]*a[19] + 8*a[8]^3*a[9]*a[10]*a[13] - 4*a[8]^3*a[9]*a[12]*a[19] + 4*a[8]^3*a[9]*a[12] - 4*a[8]^3*a[10]^2*a[13]*a[19] + 4*a[8]^3*a[10]^2*a[13] - 8*a[8]^3*a[10]*a[12]*a[19] + 8*a[8]^3*a[10]*a[12] - 4*a[8]^3*a[11]*a[19] + 4*a[8]^3*a[11] - 6*a[8]^2*a[9]^2*a[10]^2*a[13]*a[19] + 6*a[8]^2*a[9]^2*a[10]^2*a[13] - 12*a[8]^2*a[9]^2*a[10]*a[12]*a[19] + 12*a[8]^2*a[9]^2*a[10]*a[12] - 6*a[8]^2*a[9]^2*a[11]*a[19] + 6*a[8]^2*a[9]^2*a[11] - 12*a[8]^2*a[9]*a[10]^2*a[12]*a[19] + 12*a[8]^2*a[9]*a[10]^2*a[12] - 24*a[8]^2*a[9]*a[10]*a[11]*a[19] + 24*a[8]^2*a[9]*a[10]*a[11] - 6*a[8]^2*a[10]^2*a[11]*a[19] + 6*a[8]^2*a[10]^2*a[11] - 4*a[8]*a[9]^3*a[10]^2*a[12]*a[19] + 4*a[8]*a[9]^3*a[10]^2*a[12] - 8*a[8]*a[9]^3*a[10]*a[11]*a[19] + 8*a[8]*a[9]^3*a[10]*a[11] - 12*a[8]*a[9]^2*a[10]^2*a[11]*a[19] + 12*a[8]*a[9]^2*a[10]^2*a[11] - a[9]^4*a[10]^2*a[11]*a[19] + a[9]^4*a[10]^2*a[11] - 12*a[14]^2*a[17] - 6*a[14]^2*a[18] - 24*a[14]*a[15]*a[16] - 12*a[14]*a[15]*a[17]^2 - 24*a[14]*a[15]*a[17]*a[18] - 12*a[14]*a[16]^2*a[17] - 12*a[14]*a[16]^2*a[18] - 12*a[14]*a[16]*a[17]^2*a[18] - 4*a[15]^3 - 12*a[15]^2*a[16]*a[17] - 12*a[15]^2*a[16]*a[18] - 6*a[15]^2*a[17]^2*a[18] - 4*a[15]*a[16]^3 - 12*a[15]*a[16]^2*a[17]*a[18] - a[16]^4*a[18],
a[1]^4*a[19] + 8*a[1]^3*a[2]*a[3]*a[19] + 4*a[1]^3*a[2]*a[6]*a[19] + 4*a[1]^3*a[3]^2*a[19] + 8*a[1]^3*a[3]*a[6]*a[19] + 4*a[1]^3*a[5]*a[19] + 6*a[1]^2*a[2]^2*a[3]^2*a[19] + 12*a[1]^2*a[2]^2*a[3]*a[6]*a[19] + 6*a[1]^2*a[2]^2*a[5]*a[19] + 12*a[1]^2*a[2]*a[3]^2*a[6]*a[19] + 24*a[1]^2*a[2]*a[3]*a[5]*a[19] + 12*a[1]^2*a[2]*a[4]*a[19] + 6*a[1]^2*a[3]^2*a[5]*a[19] + 12*a[1]^2*a[3]*a[4]*a[19] + 4*a[1]*a[2]^3*a[3]^2*a[6]*a[19] + 8*a[1]*a[2]^3*a[3]*a[5]*a[19] + 4*a[1]*a[2]^3*a[4]*a[19] + 12*a[1]*a[2]^2*a[3]^2*a[5]*a[19] + 24*a[1]*a[2]^2*a[3]*a[4]*a[19] + 12*a[1]*a[2]*a[3]^2*a[4]*a[19] + a[2]^4*a[3]^2*a[5]*a[19] + 2*a[2]^4*a[3]*a[4]*a[19] + 4*a[2]^3*a[3]^2*a[4]*a[19] - 12*a[7]^2*a[8]*a[19] + 12*a[7]^2*a[8] - 6*a[7]^2*a[9]^2*a[19] + 6*a[7]^2*a[9]^2 - 24*a[7]^2*a[9]*a[10]*a[19] + 24*a[7]^2*a[9]*a[10] - 12*a[7]^2*a[9]*a[13]*a[19] + 12*a[7]^2*a[9]*a[13] - 6*a[7]^2*a[10]^2*a[19] + 6*a[7]^2*a[10]^2 - 12*a[7]^2*a[10]*a[13]*a[19] + 12*a[7]^2*a[10]*a[13] - 6*a[7]^2*a[12]*a[19] + 6*a[7]^2*a[12] - 12*a[7]*a[8]^2*a[9]*a[19] + 12*a[7]*a[8]^2*a[9] - 24*a[7]*a[8]^2*a[10]*a[19] + 24*a[7]*a[8]^2*a[10] - 12*a[7]*a[8]^2*a[13]*a[19] + 12*a[7]*a[8]^2*a[13] - 24*a[7]*a[8]*a[9]^2*a[10]*a[19] + 24*a[7]*a[8]*a[9]^2*a[10] - 12*a[7]*a[8]*a[9]^2*a[13]*a[19] + 12*a[7]*a[8]*a[9]^2*a[13] - 24*a[7]*a[8]*a[9]*a[10]^2*a[19] + 24*a[7]*a[8]*a[9]*a[10]^2 - 48*a[7]*a[8]*a[9]*a[10]*a[13]*a[19] + 48*a[7]*a[8]*a[9]*a[10]*a[13] - 24*a[7]*a[8]*a[9]*a[12]*a[19] + 24*a[7]*a[8]*a[9]*a[12] - 12*a[7]*a[8]*a[10]^2*a[13]*a[19] + 12*a[7]*a[8]*a[10]^2*a[13] - 24*a[7]*a[8]*a[10]*a[12]*a[19] + 24*a[7]*a[8]*a[10]*a[12] - 12*a[7]*a[8]*a[11]*a[19] + 12*a[7]*a[8]*a[11] - 4*a[7]*a[9]^3*a[10]^2*a[19] + 4*a[7]*a[9]^3*a[10]^2 - 8*a[7]*a[9]^3*a[10]*a[13]*a[19] + 8*a[7]*a[9]^3*a[10]*a[13] - 4*a[7]*a[9]^3*a[12]*a[19] + 4*a[7]*a[9]^3*a[12] - 12*a[7]*a[9]^2*a[10]^2*a[13]*a[19] + 12*a[7]*a[9]^2*a[10]^2*a[13] - 24*a[7]*a[9]^2*a[10]*a[12]*a[19] + 24*a[7]*a[9]^2*a[10]*a[12] - 12*a[7]*a[9]^2*a[11]*a[19] + 12*a[7]*a[9]^2*a[11] - 12*a[7]*a[9]*a[10]^2*a[12]*a[19] + 12*a[7]*a[9]*a[10]^2*a[12] - 24*a[7]*a[9]*a[10]*a[11]*a[19] + 24*a[7]*a[9]*a[10]*a[11] - 4*a[7]*a[10]^2*a[11]*a[19] + 4*a[7]*a[10]^2*a[11] - a[8]^4*a[19] + a[8]^4 - 8*a[8]^3*a[9]*a[10]*a[19] + 8*a[8]^3*a[9]*a[10] - 4*a[8]^3*a[9]*a[13]*a[19] + 4*a[8]^3*a[9]*a[13] - 4*a[8]^3*a[10]^2*a[19] + 4*a[8]^3*a[10]^2 - 8*a[8]^3*a[10]*a[13]*a[19] + 8*a[8]^3*a[10]*a[13] - 4*a[8]^3*a[12]*a[19] + 4*a[8]^3*a[12] - 6*a[8]^2*a[9]^2*a[10]^2*a[19] + 6*a[8]^2*a[9]^2*a[10]^2 - 12*a[8]^2*a[9]^2*a[10]*a[13]*a[19] + 12*a[8]^2*a[9]^2*a[10]*a[13] - 6*a[8]^2*a[9]^2*a[12]*a[19] + 6*a[8]^2*a[9]^2*a[12] - 12*a[8]^2*a[9]*a[10]^2*a[13]*a[19] + 12*a[8]^2*a[9]*a[10]^2*a[13] - 24*a[8]^2*a[9]*a[10]*a[12]*a[19] + 24*a[8]^2*a[9]*a[10]*a[12] - 12*a[8]^2*a[9]*a[11]*a[19] + 12*a[8]^2*a[9]*a[11] - 6*a[8]^2*a[10]^2*a[12]*a[19] + 6*a[8]^2*a[10]^2*a[12] - 12*a[8]^2*a[10]*a[11]*a[19] + 12*a[8]^2*a[10]*a[11] - 4*a[8]*a[9]^3*a[10]^2*a[13]*a[19] + 4*a[8]*a[9]^3*a[10]^2*a[13] - 8*a[8]*a[9]^3*a[10]*a[12]*a[19] + 8*a[8]*a[9]^3*a[10]*a[12] - 4*a[8]*a[9]^3*a[11]*a[19] + 4*a[8]*a[9]^3*a[11] - 12*a[8]*a[9]^2*a[10]^2*a[12]*a[19] + 12*a[8]*a[9]^2*a[10]^2*a[12] - 24*a[8]*a[9]^2*a[10]*a[11]*a[19] + 24*a[8]*a[9]^2*a[10]*a[11] - 12*a[8]*a[9]*a[10]^2*a[11]*a[19] + 12*a[8]*a[9]*a[10]^2*a[11] - a[9]^4*a[10]^2*a[12]*a[19] + a[9]^4*a[10]^2*a[12] - 2*a[9]^4*a[10]*a[11]*a[19] + 2*a[9]^4*a[10]*a[11] - 4*a[9]^3*a[10]^2*a[11]*a[19] + 4*a[9]^3*a[10]^2*a[11] - 6*a[14]^2 - 24*a[14]*a[15]*a[17] - 12*a[14]*a[15]*a[18] - 12*a[14]*a[16]^2 - 12*a[14]*a[16]*a[17]^2 - 24*a[14]*a[16]*a[17]*a[18] - 4*a[14]*a[17]^3*a[18] - 12*a[15]^2*a[16] - 6*a[15]^2*a[17]^2 - 12*a[15]^2*a[17]*a[18] - 12*a[15]*a[16]^2*a[17] - 12*a[15]*a[16]^2*a[18] - 12*a[15]*a[16]*a[17]^2*a[18] - a[16]^4 - 4*a[16]^3*a[17]*a[18],
4*a[1]^3*a[2]*a[19] + 8*a[1]^3*a[3]*a[19] + 4*a[1]^3*a[6]*a[19] + 12*a[1]^2*a[2]^2*a[3]*a[19] + 6*a[1]^2*a[2]^2*a[6]*a[19] + 12*a[1]^2*a[2]*a[3]^2*a[19] + 24*a[1]^2*a[2]*a[3]*a[6]*a[19] + 12*a[1]^2*a[2]*a[5]*a[19] + 6*a[1]^2*a[3]^2*a[6]*a[19] + 12*a[1]^2*a[3]*a[5]*a[19] + 6*a[1]^2*a[4]*a[19] + 4*a[1]*a[2]^3*a[3]^2*a[19] + 8*a[1]*a[2]^3*a[3]*a[6]*a[19] + 4*a[1]*a[2]^3*a[5]*a[19] + 12*a[1]*a[2]^2*a[3]^2*a[6]*a[19] + 24*a[1]*a[2]^2*a[3]*a[5]*a[19] + 12*a[1]*a[2]^2*a[4]*a[19] + 12*a[1]*a[2]*a[3]^2*a[5]*a[19] + 24*a[1]*a[2]*a[3]*a[4]*a[19] + 4*a[1]*a[3]^2*a[4]*a[19] + a[2]^4*a[3]^2*a[6]*a[19] + 2*a[2]^4*a[3]*a[5]*a[19] + a[2]^4*a[4]*a[19] + 4*a[2]^3*a[3]^2*a[5]*a[19] + 8*a[2]^3*a[3]*a[4]*a[19] + 6*a[2]^2*a[3]^2*a[4]*a[19] - 12*a[7]^2*a[9]*a[19] + 12*a[7]^2*a[9] - 12*a[7]^2*a[10]*a[19] + 12*a[7]^2*a[10] - 6*a[7]^2*a[13]*a[19] + 6*a[7]^2*a[13] - 12*a[7]*a[8]^2*a[19] + 12*a[7]*a[8]^2 - 12*a[7]*a[8]*a[9]^2*a[19] + 12*a[7]*a[8]*a[9]^2 - 48*a[7]*a[8]*a[9]*a[10]*a[19] + 48*a[7]*a[8]*a[9]*a[10] - 24*a[7]*a[8]*a[9]*a[13]*a[19] + 24*a[7]*a[8]*a[9]*a[13] - 12*a[7]*a[8]*a[10]^2*a[19] + 12*a[7]*a[8]*a[10]^2 - 24*a[7]*a[8]*a[10]*a[13]*a[19] + 24*a[7]*a[8]*a[10]*a[13] - 12*a[7]*a[8]*a[12]*a[19] + 12*a[7]*a[8]*a[12] - 8*a[7]*a[9]^3*a[10]*a[19] + 8*a[7]*a[9]^3*a[10] - 4*a[7]*a[9]^3*a[13]*a[19] + 4*a[7]*a[9]^3*a[13] - 12*a[7]*a[9]^2*a[10]^2*a[19] + 12*a[7]*a[9]^2*a[10]^2 - 24*a[7]*a[9]^2*a[10]*a[13]*a[19] + 24*a[7]*a[9]^2*a[10]*a[13] - 12*a[7]*a[9]^2*a[12]*a[19] + 12*a[7]*a[9]^2*a[12] - 12*a[7]*a[9]*a[10]^2*a[13]*a[19] + 12*a[7]*a[9]*a[10]^2*a[13] - 24*a[7]*a[9]*a[10]*a[12]*a[19] + 24*a[7]*a[9]*a[10]*a[12] - 12*a[7]*a[9]*a[11]*a[19] + 12*a[7]*a[9]*a[11] - 4*a[7]*a[10]^2*a[12]*a[19] + 4*a[7]*a[10]^2*a[12] - 8*a[7]*a[10]*a[11]*a[19] + 8*a[7]*a[10]*a[11] - 4*a[8]^3*a[9]*a[19] + 4*a[8]^3*a[9] - 8*a[8]^3*a[10]*a[19] + 8*a[8]^3*a[10] - 4*a[8]^3*a[13]*a[19] + 4*a[8]^3*a[13] - 12*a[8]^2*a[9]^2*a[10]*a[19] + 12*a[8]^2*a[9]^2*a[10] - 6*a[8]^2*a[9]^2*a[13]*a[19] + 6*a[8]^2*a[9]^2*a[13] - 12*a[8]^2*a[9]*a[10]^2*a[19] + 12*a[8]^2*a[9]*a[10]^2 - 24*a[8]^2*a[9]*a[10]*a[13]*a[19] + 24*a[8]^2*a[9]*a[10]*a[13] - 12*a[8]^2*a[9]*a[12]*a[19] + 12*a[8]^2*a[9]*a[12] - 6*a[8]^2*a[10]^2*a[13]*a[19] + 6*a[8]^2*a[10]^2*a[13] - 12*a[8]^2*a[10]*a[12]*a[19] + 12*a[8]^2*a[10]*a[12] - 6*a[8]^2*a[11]*a[19] + 6*a[8]^2*a[11] - 4*a[8]*a[9]^3*a[10]^2*a[19] + 4*a[8]*a[9]^3*a[10]^2 - 8*a[8]*a[9]^3*a[10]*a[13]*a[19] + 8*a[8]*a[9]^3*a[10]*a[13] - 4*a[8]*a[9]^3*a[12]*a[19] + 4*a[8]*a[9]^3*a[12] - 12*a[8]*a[9]^2*a[10]^2*a[13]*a[19] + 12*a[8]*a[9]^2*a[10]^2*a[13] - 24*a[8]*a[9]^2*a[10]*a[12]*a[19] + 24*a[8]*a[9]^2*a[10]*a[12] - 12*a[8]*a[9]^2*a[11]*a[19] + 12*a[8]*a[9]^2*a[11] - 12*a[8]*a[9]*a[10]^2*a[12]*a[19] + 12*a[8]*a[9]*a[10]^2*a[12] - 24*a[8]*a[9]*a[10]*a[11]*a[19] + 24*a[8]*a[9]*a[10]*a[11] - 4*a[8]*a[10]^2*a[11]*a[19] + 4*a[8]*a[10]^2*a[11] - a[9]^4*a[10]^2*a[13]*a[19] + a[9]^4*a[10]^2*a[13] - 2*a[9]^4*a[10]*a[12]*a[19] + 2*a[9]^4*a[10]*a[12] - a[9]^4*a[11]*a[19] + a[9]^4*a[11] - 4*a[9]^3*a[10]^2*a[12]*a[19] + 4*a[9]^3*a[10]^2*a[12] - 8*a[9]^3*a[10]*a[11]*a[19] + 8*a[9]^3*a[10]*a[11] - 6*a[9]^2*a[10]^2*a[11]*a[19] + 6*a[9]^2*a[10]^2*a[11] - 12*a[14]*a[15] - 24*a[14]*a[16]*a[17] - 12*a[14]*a[16]*a[18] - 4*a[14]*a[17]^3 - 12*a[14]*a[17]^2*a[18] - 12*a[15]^2*a[17] - 6*a[15]^2*a[18] - 12*a[15]*a[16]^2 - 12*a[15]*a[16]*a[17]^2 - 24*a[15]*a[16]*a[17]*a[18] - 4*a[15]*a[17]^3*a[18] - 4*a[16]^3*a[17] - 4*a[16]^3*a[18] - 6*a[16]^2*a[17]^2*a[18],
4*a[1]^3*a[19] + 6*a[1]^2*a[2]^2*a[19] + 24*a[1]^2*a[2]*a[3]*a[19] + 12*a[1]^2*a[2]*a[6]*a[19] + 6*a[1]^2*a[3]^2*a[19] + 12*a[1]^2*a[3]*a[6]*a[19] + 6*a[1]^2*a[5]*a[19] + 8*a[1]*a[2]^3*a[3]*a[19] + 4*a[1]*a[2]^3*a[6]*a[19] + 12*a[1]*a[2]^2*a[3]^2*a[19] + 24*a[1]*a[2]^2*a[3]*a[6]*a[19] + 12*a[1]*a[2]^2*a[5]*a[19] + 12*a[1]*a[2]*a[3]^2*a[6]*a[19] + 24*a[1]*a[2]*a[3]*a[5]*a[19] + 12*a[1]*a[2]*a[4]*a[19] + 4*a[1]*a[3]^2*a[5]*a[19] + 8*a[1]*a[3]*a[4]*a[19] + a[2]^4*a[3]^2*a[19] + 2*a[2]^4*a[3]*a[6]*a[19] + a[2]^4*a[5]*a[19] + 4*a[2]^3*a[3]^2*a[6]*a[19] + 8*a[2]^3*a[3]*a[5]*a[19] + 4*a[2]^3*a[4]*a[19] + 6*a[2]^2*a[3]^2*a[5]*a[19] + 12*a[2]^2*a[3]*a[4]*a[19] + 4*a[2]*a[3]^2*a[4]*a[19] - 6*a[7]^2*a[19] + 6*a[7]^2 - 24*a[7]*a[8]*a[9]*a[19] + 24*a[7]*a[8]*a[9] - 24*a[7]*a[8]*a[10]*a[19] + 24*a[7]*a[8]*a[10] - 12*a[7]*a[8]*a[13]*a[19] + 12*a[7]*a[8]*a[13] - 4*a[7]*a[9]^3*a[19] + 4*a[7]*a[9]^3 - 24*a[7]*a[9]^2*a[10]*a[19] + 24*a[7]*a[9]^2*a[10] - 12*a[7]*a[9]^2*a[13]*a[19] + 12*a[7]*a[9]^2*a[13] - 12*a[7]*a[9]*a[10]^2*a[19] + 12*a[7]*a[9]*a[10]^2 - 24*a[7]*a[9]*a[10]*a[13]*a[19] + 24*a[7]*a[9]*a[10]*a[13] - 12*a[7]*a[9]*a[12]*a[19] + 12*a[7]*a[9]*a[12] - 4*a[7]*a[10]^2*a[13]*a[19] + 4*a[7]*a[10]^2*a[13] - 8*a[7]*a[10]*a[12]*a[19] + 8*a[7]*a[10]*a[12] - 4*a[7]*a[11]*a[19] + 4*a[7]*a[11] - 4*a[8]^3*a[19] + 4*a[8]^3 - 6*a[8]^2*a[9]^2*a[19] + 6*a[8]^2*a[9]^2 - 24*a[8]^2*a[9]*a[10]*a[19] + 24*a[8]^2*a[9]*a[10] - 12*a[8]^2*a[9]*a[13]*a[19] + 12*a[8]^2*a[9]*a[13] - 6*a[8]^2*a[10]^2*a[19] + 6*a[8]^2*a[10]^2 - 12*a[8]^2*a[10]*a[13]*a[19] + 12*a[8]^2*a[10]*a[13] - 6*a[8]^2*a[12]*a[19] + 6*a[8]^2*a[12] - 8*a[8]*a[9]^3*a[10]*a[19] + 8*a[8]*a[9]^3*a[10] - 4*a[8]*a[9]^3*a[13]*a[19] + 4*a[8]*a[9]^3*a[13] - 12*a[8]*a[9]^2*a[10]^2*a[19] + 12*a[8]*a[9]^2*a[10]^2 - 24*a[8]*a[9]^2*a[10]*a[13]*a[19] + 24*a[8]*a[9]^2*a[10]*a[13] - 12*a[8]*a[9]^2*a[12]*a[19] + 12*a[8]*a[9]^2*a[12] - 12*a[8]*a[9]*a[10]^2*a[13]*a[19] + 12*a[8]*a[9]*a[10]^2*a[13] - 24*a[8]*a[9]*a[10]*a[12]*a[19] + 24*a[8]*a[9]*a[10]*a[12] - 12*a[8]*a[9]*a[11]*a[19] + 12*a[8]*a[9]*a[11] - 4*a[8]*a[10]^2*a[12]*a[19] + 4*a[8]*a[10]^2*a[12] - 8*a[8]*a[10]*a[11]*a[19] + 8*a[8]*a[10]*a[11] - a[9]^4*a[10]^2*a[19] + a[9]^4*a[10]^2 - 2*a[9]^4*a[10]*a[13]*a[19] + 2*a[9]^4*a[10]*a[13] - a[9]^4*a[12]*a[19] + a[9]^4*a[12] - 4*a[9]^3*a[10]^2*a[13]*a[19] + 4*a[9]^3*a[10]^2*a[13] - 8*a[9]^3*a[10]*a[12]*a[19] + 8*a[9]^3*a[10]*a[12] - 4*a[9]^3*a[11]*a[19] + 4*a[9]^3*a[11] - 6*a[9]^2*a[10]^2*a[12]*a[19] + 6*a[9]^2*a[10]^2*a[12] - 12*a[9]^2*a[10]*a[11]*a[19] + 12*a[9]^2*a[10]*a[11] - 4*a[9]*a[10]^2*a[11]*a[19] + 4*a[9]*a[10]^2*a[11] - 12*a[14]*a[16] - 12*a[14]*a[17]^2 - 12*a[14]*a[17]*a[18] - 6*a[15]^2 - 24*a[15]*a[16]*a[17] - 12*a[15]*a[16]*a[18] - 4*a[15]*a[17]^3 - 12*a[15]*a[17]^2*a[18] - 4*a[16]^3 - 6*a[16]^2*a[17]^2 - 12*a[16]^2*a[17]*a[18] - 4*a[16]*a[17]^3*a[18],
12*a[1]^2*a[2]*a[19] + 12*a[1]^2*a[3]*a[19] + 6*a[1]^2*a[6]*a[19] + 4*a[1]*a[2]^3*a[19] + 24*a[1]*a[2]^2*a[3]*a[19] + 12*a[1]*a[2]^2*a[6]*a[19] + 12*a[1]*a[2]*a[3]^2*a[19] + 24*a[1]*a[2]*a[3]*a[6]*a[19] + 12*a[1]*a[2]*a[5]*a[19] + 4*a[1]*a[3]^2*a[6]*a[19] + 8*a[1]*a[3]*a[5]*a[19] + 4*a[1]*a[4]*a[19] + 2*a[2]^4*a[3]*a[19] + a[2]^4*a[6]*a[19] + 4*a[2]^3*a[3]^2*a[19] + 8*a[2]^3*a[3]*a[6]*a[19] + 4*a[2]^3*a[5]*a[19] + 6*a[2]^2*a[3]^2*a[6]*a[19] + 12*a[2]^2*a[3]*a[5]*a[19] + 6*a[2]^2*a[4]*a[19] + 4*a[2]*a[3]^2*a[5]*a[19] + 8*a[2]*a[3]*a[4]*a[19] + a[3]^2*a[4]*a[19] - 12*a[7]*a[8]*a[19] + 12*a[7]*a[8] - 12*a[7]*a[9]^2*a[19] + 12*a[7]*a[9]^2 - 24*a[7]*a[9]*a[10]*a[19] + 24*a[7]*a[9]*a[10] - 12*a[7]*a[9]*a[13]*a[19] + 12*a[7]*a[9]*a[13] - 4*a[7]*a[10]^2*a[19] + 4*a[7]*a[10]^2 - 8*a[7]*a[10]*a[13]*a[19] + 8*a[7]*a[10]*a[13] - 4*a[7]*a[12]*a[19] + 4*a[7]*a[12] - 12*a[8]^2*a[9]*a[19] + 12*a[8]^2*a[9] - 12*a[8]^2*a[10]*a[19] + 12*a[8]^2*a[10] - 6*a[8]^2*a[13]*a[19] + 6*a[8]^2*a[13] - 4*a[8]*a[9]^3*a[19] + 4*a[8]*a[9]^3 - 24*a[8]*a[9]^2*a[10]*a[19] + 24*a[8]*a[9]^2*a[10] - 12*a[8]*a[9]^2*a[13]*a[19] + 12*a[8]*a[9]^2*a[13] - 12*a[8]*a[9]*a[10]^2*a[19] + 12*a[8]*a[9]*a[10]^2 - 24*a[8]*a[9]*a[10]*a[13]*a[19] + 24*a[8]*a[9]*a[10]*a[13] - 12*a[8]*a[9]*a[12]*a[19] + 12*a[8]*a[9]*a[12] - 4*a[8]*a[10]^2*a[13]*a[19] + 4*a[8]*a[10]^2*a[13] - 8*a[8]*a[10]*a[12]*a[19] + 8*a[8]*a[10]*a[12] - 4*a[8]*a[11]*a[19] + 4*a[8]*a[11] - 2*a[9]^4*a[10]*a[19] + 2*a[9]^4*a[10] - a[9]^4*a[13]*a[19] + a[9]^4*a[13] - 4*a[9]^3*a[10]^2*a[19] + 4*a[9]^3*a[10]^2 - 8*a[9]^3*a[10]*a[13]*a[19] + 8*a[9]^3*a[10]*a[13] - 4*a[9]^3*a[12]*a[19] + 4*a[9]^3*a[12] - 6*a[9]^2*a[10]^2*a[13]*a[19] + 6*a[9]^2*a[10]^2*a[13] - 12*a[9]^2*a[10]*a[12]*a[19] + 12*a[9]^2*a[10]*a[12] - 6*a[9]^2*a[11]*a[19] + 6*a[9]^2*a[11] - 4*a[9]*a[10]^2*a[12]*a[19] + 4*a[9]*a[10]^2*a[12] - 8*a[9]*a[10]*a[11]*a[19] + 8*a[9]*a[10]*a[11] - a[10]^2*a[11]*a[19] + a[10]^2*a[11] - 12*a[14]*a[17] - 4*a[14]*a[18] - 12*a[15]*a[16] - 12*a[15]*a[17]^2 - 12*a[15]*a[17]*a[18] - 12*a[16]^2*a[17] - 6*a[16]^2*a[18] - 4*a[16]*a[17]^3 - 12*a[16]*a[17]^2*a[18] - a[17]^4*a[18],
6*a[1]^2*a[19] + 12*a[1]*a[2]^2*a[19] + 24*a[1]*a[2]*a[3]*a[19] + 12*a[1]*a[2]*a[6]*a[19] + 4*a[1]*a[3]^2*a[19] + 8*a[1]*a[3]*a[6]*a[19] + 4*a[1]*a[5]*a[19] + a[2]^4*a[19] + 8*a[2]^3*a[3]*a[19] + 4*a[2]^3*a[6]*a[19] + 6*a[2]^2*a[3]^2*a[19] + 12*a[2]^2*a[3]*a[6]*a[19] + 6*a[2]^2*a[5]*a[19] + 4*a[2]*a[3]^2*a[6]*a[19] + 8*a[2]*a[3]*a[5]*a[19] + 4*a[2]*a[4]*a[19] + a[3]^2*a[5]*a[19] + 2*a[3]*a[4]*a[19] - 12*a[7]*a[9]*a[19] + 12*a[7]*a[9] - 8*a[7]*a[10]*a[19] + 8*a[7]*a[10] - 4*a[7]*a[13]*a[19] + 4*a[7]*a[13] - 6*a[8]^2*a[19] + 6*a[8]^2 - 12*a[8]*a[9]^2*a[19] + 12*a[8]*a[9]^2 - 24*a[8]*a[9]*a[10]*a[19] + 24*a[8]*a[9]*a[10] - 12*a[8]*a[9]*a[13]*a[19] + 12*a[8]*a[9]*a[13] - 4*a[8]*a[10]^2*a[19] + 4*a[8]*a[10]^2 - 8*a[8]*a[10]*a[13]*a[19] + 8*a[8]*a[10]*a[13] - 4*a[8]*a[12]*a[19] + 4*a[8]*a[12] - a[9]^4*a[19] + a[9]^4 - 8*a[9]^3*a[10]*a[19] + 8*a[9]^3*a[10] - 4*a[9]^3*a[13]*a[19] + 4*a[9]^3*a[13] - 6*a[9]^2*a[10]^2*a[19] + 6*a[9]^2*a[10]^2 - 12*a[9]^2*a[10]*a[13]*a[19] + 12*a[9]^2*a[10]*a[13] - 6*a[9]^2*a[12]*a[19] + 6*a[9]^2*a[12] - 4*a[9]*a[10]^2*a[13]*a[19] + 4*a[9]*a[10]^2*a[13] - 8*a[9]*a[10]*a[12]*a[19] + 8*a[9]*a[10]*a[12] - 4*a[9]*a[11]*a[19] + 4*a[9]*a[11] - a[10]^2*a[12]*a[19] + a[10]^2*a[12] - 2*a[10]*a[11]*a[19] + 2*a[10]*a[11] - 4*a[14] - 12*a[15]*a[17] - 4*a[15]*a[18] - 6*a[16]^2 - 12*a[16]*a[17]^2 - 12*a[16]*a[17]*a[18] - a[17]^4 - 4*a[17]^3*a[18],
12*a[1]*a[2]*a[19] + 8*a[1]*a[3]*a[19] + 4*a[1]*a[6]*a[19] + 4*a[2]^3*a[19] + 12*a[2]^2*a[3]*a[19] + 6*a[2]^2*a[6]*a[19] + 4*a[2]*a[3]^2*a[19] + 8*a[2]*a[3]*a[6]*a[19] + 4*a[2]*a[5]*a[19] + a[3]^2*a[6]*a[19] + 2*a[3]*a[5]*a[19] + a[4]*a[19] - 4*a[7]*a[19] + 4*a[7] - 12*a[8]*a[9]*a[19] + 12*a[8]*a[9] - 8*a[8]*a[10]*a[19] + 8*a[8]*a[10] - 4*a[8]*a[13]*a[19] + 4*a[8]*a[13] - 4*a[9]^3*a[19] + 4*a[9]^3 - 12*a[9]^2*a[10]*a[19] + 12*a[9]^2*a[10] - 6*a[9]^2*a[13]*a[19] + 6*a[9]^2*a[13] - 4*a[9]*a[10]^2*a[19] + 4*a[9]*a[10]^2 - 8*a[9]*a[10]*a[13]*a[19] + 8*a[9]*a[10]*a[13] - 4*a[9]*a[12]*a[19] + 4*a[9]*a[12] - a[10]^2*a[13]*a[19] + a[10]^2*a[13] - 2*a[10]*a[12]*a[19] + 2*a[10]*a[12] - a[11]*a[19] + a[11] - 4*a[15] - 12*a[16]*a[17] - 4*a[16]*a[18] - 4*a[17]^3 - 6*a[17]^2*a[18],
4*a[1]*a[19] + 6*a[2]^2*a[19] + 8*a[2]*a[3]*a[19] + 4*a[2]*a[6]*a[19] + a[3]^2*a[19] + 2*a[3]*a[6]*a[19] + a[5]*a[19] - 4*a[8]*a[19] + 4*a[8] - 6*a[9]^2*a[19] + 6*a[9]^2 - 8*a[9]*a[10]*a[19] + 8*a[9]*a[10] - 4*a[9]*a[13]*a[19] + 4*a[9]*a[13] - a[10]^2*a[19] + a[10]^2 - 2*a[10]*a[13]*a[19] + 2*a[10]*a[13] - a[12]*a[19] + a[12] - 4*a[16] - 6*a[17]^2 - 4*a[17]*a[18],
4*a[2]*a[19] + 2*a[3]*a[19] + a[6]*a[19] - 4*a[9]*a[19] + 4*a[9] - 2*a[10]*a[19] + 2*a[10] - a[13]*a[19] + a[13] - 4*a[17] - a[18]
]
lambdas: [ 0.633897, 1.00509, 0.207102, 0.583729, 0.663306, 1.40132, 0.651746, 0.279335, 0.823009, 0.308677, 0.529745, 0.817090, 0.358160 ]... 
Taking lambda = 0.262531 - 0.243631*$.1 = 0.262531 - 0.243631*$.1/1.00000... 
Taking normalizing equation a[18] - 1
*New* defining ideal: [
-a[1]*a[3]*a[4]*a[14] - 4*a[1]*a[3]*a[4]*a[15]*a[18] + a[1]*a[3]*a[5]*a[14]*a[18] + 2*a[1]*a[4]*a[14]*a[18] + 4*a[2]*a[3]*a[4]*a[14]*a[18],
a[18] - 1,
-a[7]^4*a[10]^2*a[11]*a[19] + a[7]^4*a[10]^2*a[11] - a[14]^4*a[18],
-a[7]^4*a[10]^2*a[12]*a[19] + a[7]^4*a[10]^2*a[12] - 2*a[7]^4*a[10]*a[11]*a[19] + 2*a[7]^4*a[10]*a[11] - 4*a[7]^3*a[8]*a[10]^2*a[11]*a[19] + 4*a[7]^3*a[8]*a[10]^2*a[11] - a[14]^4 - 4*a[14]^3*a[15]*a[18],
-a[7]^4*a[10]^2*a[13]*a[19] + a[7]^4*a[10]^2*a[13] - 2*a[7]^4*a[10]*a[12]*a[19] + 2*a[7]^4*a[10]*a[12] - a[7]^4*a[11]*a[19] + a[7]^4*a[11] - 4*a[7]^3*a[8]*a[10]^2*a[12]*a[19] + 4*a[7]^3*a[8]*a[10]^2*a[12] - 8*a[7]^3*a[8]*a[10]*a[11]*a[19] + 8*a[7]^3*a[8]*a[10]*a[11] - 4*a[7]^3*a[9]*a[10]^2*a[11]*a[19] + 4*a[7]^3*a[9]*a[10]^2*a[11] - 6*a[7]^2*a[8]^2*a[10]^2*a[11]*a[19] + 6*a[7]^2*a[8]^2*a[10]^2*a[11] - 4*a[14]^3*a[15] - 4*a[14]^3*a[16]*a[18] - 6*a[14]^2*a[15]^2*a[18],
-a[7]^4*a[10]^2*a[19] + a[7]^4*a[10]^2 - 2*a[7]^4*a[10]*a[13]*a[19] + 2*a[7]^4*a[10]*a[13] - a[7]^4*a[12]*a[19] + a[7]^4*a[12] - 4*a[7]^3*a[8]*a[10]^2*a[13]*a[19] + 4*a[7]^3*a[8]*a[10]^2*a[13] - 8*a[7]^3*a[8]*a[10]*a[12]*a[19] + 8*a[7]^3*a[8]*a[10]*a[12] - 4*a[7]^3*a[8]*a[11]*a[19] + 4*a[7]^3*a[8]*a[11] - 4*a[7]^3*a[9]*a[10]^2*a[12]*a[19] + 4*a[7]^3*a[9]*a[10]^2*a[12] - 8*a[7]^3*a[9]*a[10]*a[11]*a[19] + 8*a[7]^3*a[9]*a[10]*a[11] - 4*a[7]^3*a[10]^2*a[11]*a[19] + 4*a[7]^3*a[10]^2*a[11] - 6*a[7]^2*a[8]^2*a[10]^2*a[12]*a[19] + 6*a[7]^2*a[8]^2*a[10]^2*a[12] - 12*a[7]^2*a[8]^2*a[10]*a[11]*a[19] + 12*a[7]^2*a[8]^2*a[10]*a[11] - 12*a[7]^2*a[8]*a[9]*a[10]^2*a[11]*a[19] + 12*a[7]^2*a[8]*a[9]*a[10]^2*a[11] - 4*a[7]*a[8]^3*a[10]^2*a[11]*a[19] + 4*a[7]*a[8]^3*a[10]^2*a[11] - 4*a[14]^3*a[16] - 4*a[14]^3*a[17]*a[18] - 6*a[14]^2*a[15]^2 - 12*a[14]^2*a[15]*a[16]*a[18] - 4*a[14]*a[15]^3*a[18],
a[1]^4*a[3]^2*a[4]*a[19] - 2*a[7]^4*a[10]*a[19] + 2*a[7]^4*a[10] - a[7]^4*a[13]*a[19] + a[7]^4*a[13] - 4*a[7]^3*a[8]*a[10]^2*a[19] + 4*a[7]^3*a[8]*a[10]^2 - 8*a[7]^3*a[8]*a[10]*a[13]*a[19] + 8*a[7]^3*a[8]*a[10]*a[13] - 4*a[7]^3*a[8]*a[12]*a[19] + 4*a[7]^3*a[8]*a[12] - 4*a[7]^3*a[9]*a[10]^2*a[13]*a[19] + 4*a[7]^3*a[9]*a[10]^2*a[13] - 8*a[7]^3*a[9]*a[10]*a[12]*a[19] + 8*a[7]^3*a[9]*a[10]*a[12] - 4*a[7]^3*a[9]*a[11]*a[19] + 4*a[7]^3*a[9]*a[11] - 4*a[7]^3*a[10]^2*a[12]*a[19] + 4*a[7]^3*a[10]^2*a[12] - 8*a[7]^3*a[10]*a[11]*a[19] + 8*a[7]^3*a[10]*a[11] - 6*a[7]^2*a[8]^2*a[10]^2*a[13]*a[19] + 6*a[7]^2*a[8]^2*a[10]^2*a[13] - 12*a[7]^2*a[8]^2*a[10]*a[12]*a[19] + 12*a[7]^2*a[8]^2*a[10]*a[12] - 6*a[7]^2*a[8]^2*a[11]*a[19] + 6*a[7]^2*a[8]^2*a[11] - 12*a[7]^2*a[8]*a[9]*a[10]^2*a[12]*a[19] + 12*a[7]^2*a[8]*a[9]*a[10]^2*a[12] - 24*a[7]^2*a[8]*a[9]*a[10]*a[11]*a[19] + 24*a[7]^2*a[8]*a[9]*a[10]*a[11] - 12*a[7]^2*a[8]*a[10]^2*a[11]*a[19] + 12*a[7]^2*a[8]*a[10]^2*a[11] - 6*a[7]^2*a[9]^2*a[10]^2*a[11]*a[19] + 6*a[7]^2*a[9]^2*a[10]^2*a[11] - 4*a[7]*a[8]^3*a[10]^2*a[12]*a[19] + 4*a[7]*a[8]^3*a[10]^2*a[12] - 8*a[7]*a[8]^3*a[10]*a[11]*a[19] + 8*a[7]*a[8]^3*a[10]*a[11] - 12*a[7]*a[8]^2*a[9]*a[10]^2*a[11]*a[19] + 12*a[7]*a[8]^2*a[9]*a[10]^2*a[11] - a[8]^4*a[10]^2*a[11]*a[19] + a[8]^4*a[10]^2*a[11] - 4*a[14]^3*a[17] - 4*a[14]^3*a[18] - 12*a[14]^2*a[15]*a[16] - 12*a[14]^2*a[15]*a[17]*a[18] - 6*a[14]^2*a[16]^2*a[18] - 4*a[14]*a[15]^3 - 12*a[14]*a[15]^2*a[16]*a[18] - a[15]^4*a[18],
a[1]^4*a[3]^2*a[5]*a[19] + 2*a[1]^4*a[3]*a[4]*a[19] + 4*a[1]^3*a[2]*a[3]^2*a[4]*a[19] - a[7]^4*a[19] + a[7]^4 - 8*a[7]^3*a[8]*a[10]*a[19] + 8*a[7]^3*a[8]*a[10] - 4*a[7]^3*a[8]*a[13]*a[19] + 4*a[7]^3*a[8]*a[13] - 4*a[7]^3*a[9]*a[10]^2*a[19] + 4*a[7]^3*a[9]*a[10]^2 - 8*a[7]^3*a[9]*a[10]*a[13]*a[19] + 8*a[7]^3*a[9]*a[10]*a[13] - 4*a[7]^3*a[9]*a[12]*a[19] + 4*a[7]^3*a[9]*a[12] - 4*a[7]^3*a[10]^2*a[13]*a[19] + 4*a[7]^3*a[10]^2*a[13] - 8*a[7]^3*a[10]*a[12]*a[19] + 8*a[7]^3*a[10]*a[12] - 4*a[7]^3*a[11]*a[19] + 4*a[7]^3*a[11] - 6*a[7]^2*a[8]^2*a[10]^2*a[19] + 6*a[7]^2*a[8]^2*a[10]^2 - 12*a[7]^2*a[8]^2*a[10]*a[13]*a[19] + 12*a[7]^2*a[8]^2*a[10]*a[13] - 6*a[7]^2*a[8]^2*a[12]*a[19] + 6*a[7]^2*a[8]^2*a[12] - 12*a[7]^2*a[8]*a[9]*a[10]^2*a[13]*a[19] + 12*a[7]^2*a[8]*a[9]*a[10]^2*a[13] - 24*a[7]^2*a[8]*a[9]*a[10]*a[12]*a[19] + 24*a[7]^2*a[8]*a[9]*a[10]*a[12] - 12*a[7]^2*a[8]*a[9]*a[11]*a[19] + 12*a[7]^2*a[8]*a[9]*a[11] - 12*a[7]^2*a[8]*a[10]^2*a[12]*a[19] + 12*a[7]^2*a[8]*a[10]^2*a[12] - 24*a[7]^2*a[8]*a[10]*a[11]*a[19] + 24*a[7]^2*a[8]*a[10]*a[11] - 6*a[7]^2*a[9]^2*a[10]^2*a[12]*a[19] + 6*a[7]^2*a[9]^2*a[10]^2*a[12] - 12*a[7]^2*a[9]^2*a[10]*a[11]*a[19] + 12*a[7]^2*a[9]^2*a[10]*a[11] - 12*a[7]^2*a[9]*a[10]^2*a[11]*a[19] + 12*a[7]^2*a[9]*a[10]^2*a[11] - 4*a[7]*a[8]^3*a[10]^2*a[13]*a[19] + 4*a[7]*a[8]^3*a[10]^2*a[13] - 8*a[7]*a[8]^3*a[10]*a[12]*a[19] + 8*a[7]*a[8]^3*a[10]*a[12] - 4*a[7]*a[8]^3*a[11]*a[19] + 4*a[7]*a[8]^3*a[11] - 12*a[7]*a[8]^2*a[9]*a[10]^2*a[12]*a[19] + 12*a[7]*a[8]^2*a[9]*a[10]^2*a[12] - 24*a[7]*a[8]^2*a[9]*a[10]*a[11]*a[19] + 24*a[7]*a[8]^2*a[9]*a[10]*a[11] - 12*a[7]*a[8]^2*a[10]^2*a[11]*a[19] + 12*a[7]*a[8]^2*a[10]^2*a[11] - 12*a[7]*a[8]*a[9]^2*a[10]^2*a[11]*a[19] + 12*a[7]*a[8]*a[9]^2*a[10]^2*a[11] - a[8]^4*a[10]^2*a[12]*a[19] + a[8]^4*a[10]^2*a[12] - 2*a[8]^4*a[10]*a[11]*a[19] + 2*a[8]^4*a[10]*a[11] - 4*a[8]^3*a[9]*a[10]^2*a[11]*a[19] + 4*a[8]^3*a[9]*a[10]^2*a[11] - 4*a[14]^3 - 12*a[14]^2*a[15]*a[17] - 12*a[14]^2*a[15]*a[18] - 6*a[14]^2*a[16]^2 - 12*a[14]^2*a[16]*a[17]*a[18] - 12*a[14]*a[15]^2*a[16] - 12*a[14]*a[15]^2*a[17]*a[18] - 12*a[14]*a[15]*a[16]^2*a[18] - a[15]^4 - 4*a[15]^3*a[16]*a[18],
a[1]^4*a[3]^2*a[6]*a[19] + 2*a[1]^4*a[3]*a[5]*a[19] + a[1]^4*a[4]*a[19] + 4*a[1]^3*a[2]*a[3]^2*a[5]*a[19] + 8*a[1]^3*a[2]*a[3]*a[4]*a[19] + 4*a[1]^3*a[3]^2*a[4]*a[19] + 6*a[1]^2*a[2]^2*a[3]^2*a[4]*a[19] - 4*a[7]^3*a[8]*a[19] + 4*a[7]^3*a[8] - 8*a[7]^3*a[9]*a[10]*a[19] + 8*a[7]^3*a[9]*a[10] - 4*a[7]^3*a[9]*a[13]*a[19] + 4*a[7]^3*a[9]*a[13] - 4*a[7]^3*a[10]^2*a[19] + 4*a[7]^3*a[10]^2 - 8*a[7]^3*a[10]*a[13]*a[19] + 8*a[7]^3*a[10]*a[13] - 4*a[7]^3*a[12]*a[19] + 4*a[7]^3*a[12] - 12*a[7]^2*a[8]^2*a[10]*a[19] + 12*a[7]^2*a[8]^2*a[10] - 6*a[7]^2*a[8]^2*a[13]*a[19] + 6*a[7]^2*a[8]^2*a[13] - 12*a[7]^2*a[8]*a[9]*a[10]^2*a[19] + 12*a[7]^2*a[8]*a[9]*a[10]^2 - 24*a[7]^2*a[8]*a[9]*a[10]*a[13]*a[19] + 24*a[7]^2*a[8]*a[9]*a[10]*a[13] - 12*a[7]^2*a[8]*a[9]*a[12]*a[19] + 12*a[7]^2*a[8]*a[9]*a[12] - 12*a[7]^2*a[8]*a[10]^2*a[13]*a[19] + 12*a[7]^2*a[8]*a[10]^2*a[13] - 24*a[7]^2*a[8]*a[10]*a[12]*a[19] + 24*a[7]^2*a[8]*a[10]*a[12] - 12*a[7]^2*a[8]*a[11]*a[19] + 12*a[7]^2*a[8]*a[11] - 6*a[7]^2*a[9]^2*a[10]^2*a[13]*a[19] + 6*a[7]^2*a[9]^2*a[10]^2*a[13] - 12*a[7]^2*a[9]^2*a[10]*a[12]*a[19] + 12*a[7]^2*a[9]^2*a[10]*a[12] - 6*a[7]^2*a[9]^2*a[11]*a[19] + 6*a[7]^2*a[9]^2*a[11] - 12*a[7]^2*a[9]*a[10]^2*a[12]*a[19] + 12*a[7]^2*a[9]*a[10]^2*a[12] - 24*a[7]^2*a[9]*a[10]*a[11]*a[19] + 24*a[7]^2*a[9]*a[10]*a[11] - 6*a[7]^2*a[10]^2*a[11]*a[19] + 6*a[7]^2*a[10]^2*a[11] - 4*a[7]*a[8]^3*a[10]^2*a[19] + 4*a[7]*a[8]^3*a[10]^2 - 8*a[7]*a[8]^3*a[10]*a[13]*a[19] + 8*a[7]*a[8]^3*a[10]*a[13] - 4*a[7]*a[8]^3*a[12]*a[19] + 4*a[7]*a[8]^3*a[12] - 12*a[7]*a[8]^2*a[9]*a[10]^2*a[13]*a[19] + 12*a[7]*a[8]^2*a[9]*a[10]^2*a[13] - 24*a[7]*a[8]^2*a[9]*a[10]*a[12]*a[19] + 24*a[7]*a[8]^2*a[9]*a[10]*a[12] - 12*a[7]*a[8]^2*a[9]*a[11]*a[19] + 12*a[7]*a[8]^2*a[9]*a[11] - 12*a[7]*a[8]^2*a[10]^2*a[12]*a[19] + 12*a[7]*a[8]^2*a[10]^2*a[12] - 24*a[7]*a[8]^2*a[10]*a[11]*a[19] + 24*a[7]*a[8]^2*a[10]*a[11] - 12*a[7]*a[8]*a[9]^2*a[10]^2*a[12]*a[19] + 12*a[7]*a[8]*a[9]^2*a[10]^2*a[12] - 24*a[7]*a[8]*a[9]^2*a[10]*a[11]*a[19] + 24*a[7]*a[8]*a[9]^2*a[10]*a[11] - 24*a[7]*a[8]*a[9]*a[10]^2*a[11]*a[19] + 24*a[7]*a[8]*a[9]*a[10]^2*a[11] - 4*a[7]*a[9]^3*a[10]^2*a[11]*a[19] + 4*a[7]*a[9]^3*a[10]^2*a[11] - a[8]^4*a[10]^2*a[13]*a[19] + a[8]^4*a[10]^2*a[13] - 2*a[8]^4*a[10]*a[12]*a[19] + 2*a[8]^4*a[10]*a[12] - a[8]^4*a[11]*a[19] + a[8]^4*a[11] - 4*a[8]^3*a[9]*a[10]^2*a[12]*a[19] + 4*a[8]^3*a[9]*a[10]^2*a[12] - 8*a[8]^3*a[9]*a[10]*a[11]*a[19] + 8*a[8]^3*a[9]*a[10]*a[11] - 4*a[8]^3*a[10]^2*a[11]*a[19] + 4*a[8]^3*a[10]^2*a[11] - 6*a[8]^2*a[9]^2*a[10]^2*a[11]*a[19] + 6*a[8]^2*a[9]^2*a[10]^2*a[11] - 12*a[14]^2*a[15] - 12*a[14]^2*a[16]*a[17] - 12*a[14]^2*a[16]*a[18] - 6*a[14]^2*a[17]^2*a[18] - 12*a[14]*a[15]^2*a[17] - 12*a[14]*a[15]^2*a[18] - 12*a[14]*a[15]*a[16]^2 - 24*a[14]*a[15]*a[16]*a[17]*a[18] - 4*a[14]*a[16]^3*a[18] - 4*a[15]^3*a[16] - 4*a[15]^3*a[17]*a[18] - 6*a[15]^2*a[16]^2*a[18],
a[1]^4*a[3]^2*a[19] + 2*a[1]^4*a[3]*a[6]*a[19] + a[1]^4*a[5]*a[19] + 4*a[1]^3*a[2]*a[3]^2*a[6]*a[19] + 8*a[1]^3*a[2]*a[3]*a[5]*a[19] + 4*a[1]^3*a[2]*a[4]*a[19] + 4*a[1]^3*a[3]^2*a[5]*a[19] + 8*a[1]^3*a[3]*a[4]*a[19] + 6*a[1]^2*a[2]^2*a[3]^2*a[5]*a[19] + 12*a[1]^2*a[2]^2*a[3]*a[4]*a[19] + 12*a[1]^2*a[2]*a[3]^2*a[4]*a[19] + 4*a[1]*a[2]^3*a[3]^2*a[4]*a[19] - 4*a[7]^3*a[9]*a[19] + 4*a[7]^3*a[9] - 8*a[7]^3*a[10]*a[19] + 8*a[7]^3*a[10] - 4*a[7]^3*a[13]*a[19] + 4*a[7]^3*a[13] - 6*a[7]^2*a[8]^2*a[19] + 6*a[7]^2*a[8]^2 - 24*a[7]^2*a[8]*a[9]*a[10]*a[19] + 24*a[7]^2*a[8]*a[9]*a[10] - 12*a[7]^2*a[8]*a[9]*a[13]*a[19] + 12*a[7]^2*a[8]*a[9]*a[13] - 12*a[7]^2*a[8]*a[10]^2*a[19] + 12*a[7]^2*a[8]*a[10]^2 - 24*a[7]^2*a[8]*a[10]*a[13]*a[19] + 24*a[7]^2*a[8]*a[10]*a[13] - 12*a[7]^2*a[8]*a[12]*a[19] + 12*a[7]^2*a[8]*a[12] - 6*a[7]^2*a[9]^2*a[10]^2*a[19] + 6*a[7]^2*a[9]^2*a[10]^2 - 12*a[7]^2*a[9]^2*a[10]*a[13]*a[19] + 12*a[7]^2*a[9]^2*a[10]*a[13] - 6*a[7]^2*a[9]^2*a[12]*a[19] + 6*a[7]^2*a[9]^2*a[12] - 12*a[7]^2*a[9]*a[10]^2*a[13]*a[19] + 12*a[7]^2*a[9]*a[10]^2*a[13] - 24*a[7]^2*a[9]*a[10]*a[12]*a[19] + 24*a[7]^2*a[9]*a[10]*a[12] - 12*a[7]^2*a[9]*a[11]*a[19] + 12*a[7]^2*a[9]*a[11] - 6*a[7]^2*a[10]^2*a[12]*a[19] + 6*a[7]^2*a[10]^2*a[12] - 12*a[7]^2*a[10]*a[11]*a[19] + 12*a[7]^2*a[10]*a[11] - 8*a[7]*a[8]^3*a[10]*a[19] + 8*a[7]*a[8]^3*a[10] - 4*a[7]*a[8]^3*a[13]*a[19] + 4*a[7]*a[8]^3*a[13] - 12*a[7]*a[8]^2*a[9]*a[10]^2*a[19] + 12*a[7]*a[8]^2*a[9]*a[10]^2 - 24*a[7]*a[8]^2*a[9]*a[10]*a[13]*a[19] + 24*a[7]*a[8]^2*a[9]*a[10]*a[13] - 12*a[7]*a[8]^2*a[9]*a[12]*a[19] + 12*a[7]*a[8]^2*a[9]*a[12] - 12*a[7]*a[8]^2*a[10]^2*a[13]*a[19] + 12*a[7]*a[8]^2*a[10]^2*a[13] - 24*a[7]*a[8]^2*a[10]*a[12]*a[19] + 24*a[7]*a[8]^2*a[10]*a[12] - 12*a[7]*a[8]^2*a[11]*a[19] + 12*a[7]*a[8]^2*a[11] - 12*a[7]*a[8]*a[9]^2*a[10]^2*a[13]*a[19] + 12*a[7]*a[8]*a[9]^2*a[10]^2*a[13] - 24*a[7]*a[8]*a[9]^2*a[10]*a[12]*a[19] + 24*a[7]*a[8]*a[9]^2*a[10]*a[12] - 12*a[7]*a[8]*a[9]^2*a[11]*a[19] + 12*a[7]*a[8]*a[9]^2*a[11] - 24*a[7]*a[8]*a[9]*a[10]^2*a[12]*a[19] + 24*a[7]*a[8]*a[9]*a[10]^2*a[12] - 48*a[7]*a[8]*a[9]*a[10]*a[11]*a[19] + 48*a[7]*a[8]*a[9]*a[10]*a[11] - 12*a[7]*a[8]*a[10]^2*a[11]*a[19] + 12*a[7]*a[8]*a[10]^2*a[11] - 4*a[7]*a[9]^3*a[10]^2*a[12]*a[19] + 4*a[7]*a[9]^3*a[10]^2*a[12] - 8*a[7]*a[9]^3*a[10]*a[11]*a[19] + 8*a[7]*a[9]^3*a[10]*a[11] - 12*a[7]*a[9]^2*a[10]^2*a[11]*a[19] + 12*a[7]*a[9]^2*a[10]^2*a[11] - a[8]^4*a[10]^2*a[19] + a[8]^4*a[10]^2 - 2*a[8]^4*a[10]*a[13]*a[19] + 2*a[8]^4*a[10]*a[13] - a[8]^4*a[12]*a[19] + a[8]^4*a[12] - 4*a[8]^3*a[9]*a[10]^2*a[13]*a[19] + 4*a[8]^3*a[9]*a[10]^2*a[13] - 8*a[8]^3*a[9]*a[10]*a[12]*a[19] + 8*a[8]^3*a[9]*a[10]*a[12] - 4*a[8]^3*a[9]*a[11]*a[19] + 4*a[8]^3*a[9]*a[11] - 4*a[8]^3*a[10]^2*a[12]*a[19] + 4*a[8]^3*a[10]^2*a[12] - 8*a[8]^3*a[10]*a[11]*a[19] + 8*a[8]^3*a[10]*a[11] - 6*a[8]^2*a[9]^2*a[10]^2*a[12]*a[19] + 6*a[8]^2*a[9]^2*a[10]^2*a[12] - 12*a[8]^2*a[9]^2*a[10]*a[11]*a[19] + 12*a[8]^2*a[9]^2*a[10]*a[11] - 12*a[8]^2*a[9]*a[10]^2*a[11]*a[19] + 12*a[8]^2*a[9]*a[10]^2*a[11] - 4*a[8]*a[9]^3*a[10]^2*a[11]*a[19] + 4*a[8]*a[9]^3*a[10]^2*a[11] - 12*a[14]^2*a[16] - 6*a[14]^2*a[17]^2 - 12*a[14]^2*a[17]*a[18] - 12*a[14]*a[15]^2 - 24*a[14]*a[15]*a[16]*a[17] - 24*a[14]*a[15]*a[16]*a[18] - 12*a[14]*a[15]*a[17]^2*a[18] - 4*a[14]*a[16]^3 - 12*a[14]*a[16]^2*a[17]*a[18] - 4*a[15]^3*a[17] - 4*a[15]^3*a[18] - 6*a[15]^2*a[16]^2 - 12*a[15]^2*a[16]*a[17]*a[18] - 4*a[15]*a[16]^3*a[18],
2*a[1]^4*a[3]*a[19] + a[1]^4*a[6]*a[19] + 4*a[1]^3*a[2]*a[3]^2*a[19] + 8*a[1]^3*a[2]*a[3]*a[6]*a[19] + 4*a[1]^3*a[2]*a[5]*a[19] + 4*a[1]^3*a[3]^2*a[6]*a[19] + 8*a[1]^3*a[3]*a[5]*a[19] + 4*a[1]^3*a[4]*a[19] + 6*a[1]^2*a[2]^2*a[3]^2*a[6]*a[19] + 12*a[1]^2*a[2]^2*a[3]*a[5]*a[19] + 6*a[1]^2*a[2]^2*a[4]*a[19] + 12*a[1]^2*a[2]*a[3]^2*a[5]*a[19] + 24*a[1]^2*a[2]*a[3]*a[4]*a[19] + 6*a[1]^2*a[3]^2*a[4]*a[19] + 4*a[1]*a[2]^3*a[3]^2*a[5]*a[19] + 8*a[1]*a[2]^3*a[3]*a[4]*a[19] + 12*a[1]*a[2]^2*a[3]^2*a[4]*a[19] + a[2]^4*a[3]^2*a[4]*a[19] - 4*a[7]^3*a[19] + 4*a[7]^3 - 12*a[7]^2*a[8]*a[9]*a[19] + 12*a[7]^2*a[8]*a[9] - 24*a[7]^2*a[8]*a[10]*a[19] + 24*a[7]^2*a[8]*a[10] - 12*a[7]^2*a[8]*a[13]*a[19] + 12*a[7]^2*a[8]*a[13] - 12*a[7]^2*a[9]^2*a[10]*a[19] + 12*a[7]^2*a[9]^2*a[10] - 6*a[7]^2*a[9]^2*a[13]*a[19] + 6*a[7]^2*a[9]^2*a[13] - 12*a[7]^2*a[9]*a[10]^2*a[19] + 12*a[7]^2*a[9]*a[10]^2 - 24*a[7]^2*a[9]*a[10]*a[13]*a[19] + 24*a[7]^2*a[9]*a[10]*a[13] - 12*a[7]^2*a[9]*a[12]*a[19] + 12*a[7]^2*a[9]*a[12] - 6*a[7]^2*a[10]^2*a[13]*a[19] + 6*a[7]^2*a[10]^2*a[13] - 12*a[7]^2*a[10]*a[12]*a[19] + 12*a[7]^2*a[10]*a[12] - 6*a[7]^2*a[11]*a[19] + 6*a[7]^2*a[11] - 4*a[7]*a[8]^3*a[19] + 4*a[7]*a[8]^3 - 24*a[7]*a[8]^2*a[9]*a[10]*a[19] + 24*a[7]*a[8]^2*a[9]*a[10] - 12*a[7]*a[8]^2*a[9]*a[13]*a[19] + 12*a[7]*a[8]^2*a[9]*a[13] - 12*a[7]*a[8]^2*a[10]^2*a[19] + 12*a[7]*a[8]^2*a[10]^2 - 24*a[7]*a[8]^2*a[10]*a[13]*a[19] + 24*a[7]*a[8]^2*a[10]*a[13] - 12*a[7]*a[8]^2*a[12]*a[19] + 12*a[7]*a[8]^2*a[12] - 12*a[7]*a[8]*a[9]^2*a[10]^2*a[19] + 12*a[7]*a[8]*a[9]^2*a[10]^2 - 24*a[7]*a[8]*a[9]^2*a[10]*a[13]*a[19] + 24*a[7]*a[8]*a[9]^2*a[10]*a[13] - 12*a[7]*a[8]*a[9]^2*a[12]*a[19] + 12*a[7]*a[8]*a[9]^2*a[12] - 24*a[7]*a[8]*a[9]*a[10]^2*a[13]*a[19] + 24*a[7]*a[8]*a[9]*a[10]^2*a[13] - 48*a[7]*a[8]*a[9]*a[10]*a[12]*a[19] + 48*a[7]*a[8]*a[9]*a[10]*a[12] - 24*a[7]*a[8]*a[9]*a[11]*a[19] + 24*a[7]*a[8]*a[9]*a[11] - 12*a[7]*a[8]*a[10]^2*a[12]*a[19] + 12*a[7]*a[8]*a[10]^2*a[12] - 24*a[7]*a[8]*a[10]*a[11]*a[19] + 24*a[7]*a[8]*a[10]*a[11] - 4*a[7]*a[9]^3*a[10]^2*a[13]*a[19] + 4*a[7]*a[9]^3*a[10]^2*a[13] - 8*a[7]*a[9]^3*a[10]*a[12]*a[19] + 8*a[7]*a[9]^3*a[10]*a[12] - 4*a[7]*a[9]^3*a[11]*a[19] + 4*a[7]*a[9]^3*a[11] - 12*a[7]*a[9]^2*a[10]^2*a[12]*a[19] + 12*a[7]*a[9]^2*a[10]^2*a[12] - 24*a[7]*a[9]^2*a[10]*a[11]*a[19] + 24*a[7]*a[9]^2*a[10]*a[11] - 12*a[7]*a[9]*a[10]^2*a[11]*a[19] + 12*a[7]*a[9]*a[10]^2*a[11] - 2*a[8]^4*a[10]*a[19] + 2*a[8]^4*a[10] - a[8]^4*a[13]*a[19] + a[8]^4*a[13] - 4*a[8]^3*a[9]*a[10]^2*a[19] + 4*a[8]^3*a[9]*a[10]^2 - 8*a[8]^3*a[9]*a[10]*a[13]*a[19] + 8*a[8]^3*a[9]*a[10]*a[13] - 4*a[8]^3*a[9]*a[12]*a[19] + 4*a[8]^3*a[9]*a[12] - 4*a[8]^3*a[10]^2*a[13]*a[19] + 4*a[8]^3*a[10]^2*a[13] - 8*a[8]^3*a[10]*a[12]*a[19] + 8*a[8]^3*a[10]*a[12] - 4*a[8]^3*a[11]*a[19] + 4*a[8]^3*a[11] - 6*a[8]^2*a[9]^2*a[10]^2*a[13]*a[19] + 6*a[8]^2*a[9]^2*a[10]^2*a[13] - 12*a[8]^2*a[9]^2*a[10]*a[12]*a[19] + 12*a[8]^2*a[9]^2*a[10]*a[12] - 6*a[8]^2*a[9]^2*a[11]*a[19] + 6*a[8]^2*a[9]^2*a[11] - 12*a[8]^2*a[9]*a[10]^2*a[12]*a[19] + 12*a[8]^2*a[9]*a[10]^2*a[12] - 24*a[8]^2*a[9]*a[10]*a[11]*a[19] + 24*a[8]^2*a[9]*a[10]*a[11] - 6*a[8]^2*a[10]^2*a[11]*a[19] + 6*a[8]^2*a[10]^2*a[11] - 4*a[8]*a[9]^3*a[10]^2*a[12]*a[19] + 4*a[8]*a[9]^3*a[10]^2*a[12] - 8*a[8]*a[9]^3*a[10]*a[11]*a[19] + 8*a[8]*a[9]^3*a[10]*a[11] - 12*a[8]*a[9]^2*a[10]^2*a[11]*a[19] + 12*a[8]*a[9]^2*a[10]^2*a[11] - a[9]^4*a[10]^2*a[11]*a[19] + a[9]^4*a[10]^2*a[11] - 12*a[14]^2*a[17] - 6*a[14]^2*a[18] - 24*a[14]*a[15]*a[16] - 12*a[14]*a[15]*a[17]^2 - 24*a[14]*a[15]*a[17]*a[18] - 12*a[14]*a[16]^2*a[17] - 12*a[14]*a[16]^2*a[18] - 12*a[14]*a[16]*a[17]^2*a[18] - 4*a[15]^3 - 12*a[15]^2*a[16]*a[17] - 12*a[15]^2*a[16]*a[18] - 6*a[15]^2*a[17]^2*a[18] - 4*a[15]*a[16]^3 - 12*a[15]*a[16]^2*a[17]*a[18] - a[16]^4*a[18],
a[1]^4*a[19] + 8*a[1]^3*a[2]*a[3]*a[19] + 4*a[1]^3*a[2]*a[6]*a[19] + 4*a[1]^3*a[3]^2*a[19] + 8*a[1]^3*a[3]*a[6]*a[19] + 4*a[1]^3*a[5]*a[19] + 6*a[1]^2*a[2]^2*a[3]^2*a[19] + 12*a[1]^2*a[2]^2*a[3]*a[6]*a[19] + 6*a[1]^2*a[2]^2*a[5]*a[19] + 12*a[1]^2*a[2]*a[3]^2*a[6]*a[19] + 24*a[1]^2*a[2]*a[3]*a[5]*a[19] + 12*a[1]^2*a[2]*a[4]*a[19] + 6*a[1]^2*a[3]^2*a[5]*a[19] + 12*a[1]^2*a[3]*a[4]*a[19] + 4*a[1]*a[2]^3*a[3]^2*a[6]*a[19] + 8*a[1]*a[2]^3*a[3]*a[5]*a[19] + 4*a[1]*a[2]^3*a[4]*a[19] + 12*a[1]*a[2]^2*a[3]^2*a[5]*a[19] + 24*a[1]*a[2]^2*a[3]*a[4]*a[19] + 12*a[1]*a[2]*a[3]^2*a[4]*a[19] + a[2]^4*a[3]^2*a[5]*a[19] + 2*a[2]^4*a[3]*a[4]*a[19] + 4*a[2]^3*a[3]^2*a[4]*a[19] - 12*a[7]^2*a[8]*a[19] + 12*a[7]^2*a[8] - 6*a[7]^2*a[9]^2*a[19] + 6*a[7]^2*a[9]^2 - 24*a[7]^2*a[9]*a[10]*a[19] + 24*a[7]^2*a[9]*a[10] - 12*a[7]^2*a[9]*a[13]*a[19] + 12*a[7]^2*a[9]*a[13] - 6*a[7]^2*a[10]^2*a[19] + 6*a[7]^2*a[10]^2 - 12*a[7]^2*a[10]*a[13]*a[19] + 12*a[7]^2*a[10]*a[13] - 6*a[7]^2*a[12]*a[19] + 6*a[7]^2*a[12] - 12*a[7]*a[8]^2*a[9]*a[19] + 12*a[7]*a[8]^2*a[9] - 24*a[7]*a[8]^2*a[10]*a[19] + 24*a[7]*a[8]^2*a[10] - 12*a[7]*a[8]^2*a[13]*a[19] + 12*a[7]*a[8]^2*a[13] - 24*a[7]*a[8]*a[9]^2*a[10]*a[19] + 24*a[7]*a[8]*a[9]^2*a[10] - 12*a[7]*a[8]*a[9]^2*a[13]*a[19] + 12*a[7]*a[8]*a[9]^2*a[13] - 24*a[7]*a[8]*a[9]*a[10]^2*a[19] + 24*a[7]*a[8]*a[9]*a[10]^2 - 48*a[7]*a[8]*a[9]*a[10]*a[13]*a[19] + 48*a[7]*a[8]*a[9]*a[10]*a[13] - 24*a[7]*a[8]*a[9]*a[12]*a[19] + 24*a[7]*a[8]*a[9]*a[12] - 12*a[7]*a[8]*a[10]^2*a[13]*a[19] + 12*a[7]*a[8]*a[10]^2*a[13] - 24*a[7]*a[8]*a[10]*a[12]*a[19] + 24*a[7]*a[8]*a[10]*a[12] - 12*a[7]*a[8]*a[11]*a[19] + 12*a[7]*a[8]*a[11] - 4*a[7]*a[9]^3*a[10]^2*a[19] + 4*a[7]*a[9]^3*a[10]^2 - 8*a[7]*a[9]^3*a[10]*a[13]*a[19] + 8*a[7]*a[9]^3*a[10]*a[13] - 4*a[7]*a[9]^3*a[12]*a[19] + 4*a[7]*a[9]^3*a[12] - 12*a[7]*a[9]^2*a[10]^2*a[13]*a[19] + 12*a[7]*a[9]^2*a[10]^2*a[13] - 24*a[7]*a[9]^2*a[10]*a[12]*a[19] + 24*a[7]*a[9]^2*a[10]*a[12] - 12*a[7]*a[9]^2*a[11]*a[19] + 12*a[7]*a[9]^2*a[11] - 12*a[7]*a[9]*a[10]^2*a[12]*a[19] + 12*a[7]*a[9]*a[10]^2*a[12] - 24*a[7]*a[9]*a[10]*a[11]*a[19] + 24*a[7]*a[9]*a[10]*a[11] - 4*a[7]*a[10]^2*a[11]*a[19] + 4*a[7]*a[10]^2*a[11] - a[8]^4*a[19] + a[8]^4 - 8*a[8]^3*a[9]*a[10]*a[19] + 8*a[8]^3*a[9]*a[10] - 4*a[8]^3*a[9]*a[13]*a[19] + 4*a[8]^3*a[9]*a[13] - 4*a[8]^3*a[10]^2*a[19] + 4*a[8]^3*a[10]^2 - 8*a[8]^3*a[10]*a[13]*a[19] + 8*a[8]^3*a[10]*a[13] - 4*a[8]^3*a[12]*a[19] + 4*a[8]^3*a[12] - 6*a[8]^2*a[9]^2*a[10]^2*a[19] + 6*a[8]^2*a[9]^2*a[10]^2 - 12*a[8]^2*a[9]^2*a[10]*a[13]*a[19] + 12*a[8]^2*a[9]^2*a[10]*a[13] - 6*a[8]^2*a[9]^2*a[12]*a[19] + 6*a[8]^2*a[9]^2*a[12] - 12*a[8]^2*a[9]*a[10]^2*a[13]*a[19] + 12*a[8]^2*a[9]*a[10]^2*a[13] - 24*a[8]^2*a[9]*a[10]*a[12]*a[19] + 24*a[8]^2*a[9]*a[10]*a[12] - 12*a[8]^2*a[9]*a[11]*a[19] + 12*a[8]^2*a[9]*a[11] - 6*a[8]^2*a[10]^2*a[12]*a[19] + 6*a[8]^2*a[10]^2*a[12] - 12*a[8]^2*a[10]*a[11]*a[19] + 12*a[8]^2*a[10]*a[11] - 4*a[8]*a[9]^3*a[10]^2*a[13]*a[19] + 4*a[8]*a[9]^3*a[10]^2*a[13] - 8*a[8]*a[9]^3*a[10]*a[12]*a[19] + 8*a[8]*a[9]^3*a[10]*a[12] - 4*a[8]*a[9]^3*a[11]*a[19] + 4*a[8]*a[9]^3*a[11] - 12*a[8]*a[9]^2*a[10]^2*a[12]*a[19] + 12*a[8]*a[9]^2*a[10]^2*a[12] - 24*a[8]*a[9]^2*a[10]*a[11]*a[19] + 24*a[8]*a[9]^2*a[10]*a[11] - 12*a[8]*a[9]*a[10]^2*a[11]*a[19] + 12*a[8]*a[9]*a[10]^2*a[11] - a[9]^4*a[10]^2*a[12]*a[19] + a[9]^4*a[10]^2*a[12] - 2*a[9]^4*a[10]*a[11]*a[19] + 2*a[9]^4*a[10]*a[11] - 4*a[9]^3*a[10]^2*a[11]*a[19] + 4*a[9]^3*a[10]^2*a[11] - 6*a[14]^2 - 24*a[14]*a[15]*a[17] - 12*a[14]*a[15]*a[18] - 12*a[14]*a[16]^2 - 12*a[14]*a[16]*a[17]^2 - 24*a[14]*a[16]*a[17]*a[18] - 4*a[14]*a[17]^3*a[18] - 12*a[15]^2*a[16] - 6*a[15]^2*a[17]^2 - 12*a[15]^2*a[17]*a[18] - 12*a[15]*a[16]^2*a[17] - 12*a[15]*a[16]^2*a[18] - 12*a[15]*a[16]*a[17]^2*a[18] - a[16]^4 - 4*a[16]^3*a[17]*a[18],
4*a[1]^3*a[2]*a[19] + 8*a[1]^3*a[3]*a[19] + 4*a[1]^3*a[6]*a[19] + 12*a[1]^2*a[2]^2*a[3]*a[19] + 6*a[1]^2*a[2]^2*a[6]*a[19] + 12*a[1]^2*a[2]*a[3]^2*a[19] + 24*a[1]^2*a[2]*a[3]*a[6]*a[19] + 12*a[1]^2*a[2]*a[5]*a[19] + 6*a[1]^2*a[3]^2*a[6]*a[19] + 12*a[1]^2*a[3]*a[5]*a[19] + 6*a[1]^2*a[4]*a[19] + 4*a[1]*a[2]^3*a[3]^2*a[19] + 8*a[1]*a[2]^3*a[3]*a[6]*a[19] + 4*a[1]*a[2]^3*a[5]*a[19] + 12*a[1]*a[2]^2*a[3]^2*a[6]*a[19] + 24*a[1]*a[2]^2*a[3]*a[5]*a[19] + 12*a[1]*a[2]^2*a[4]*a[19] + 12*a[1]*a[2]*a[3]^2*a[5]*a[19] + 24*a[1]*a[2]*a[3]*a[4]*a[19] + 4*a[1]*a[3]^2*a[4]*a[19] + a[2]^4*a[3]^2*a[6]*a[19] + 2*a[2]^4*a[3]*a[5]*a[19] + a[2]^4*a[4]*a[19] + 4*a[2]^3*a[3]^2*a[5]*a[19] + 8*a[2]^3*a[3]*a[4]*a[19] + 6*a[2]^2*a[3]^2*a[4]*a[19] - 12*a[7]^2*a[9]*a[19] + 12*a[7]^2*a[9] - 12*a[7]^2*a[10]*a[19] + 12*a[7]^2*a[10] - 6*a[7]^2*a[13]*a[19] + 6*a[7]^2*a[13] - 12*a[7]*a[8]^2*a[19] + 12*a[7]*a[8]^2 - 12*a[7]*a[8]*a[9]^2*a[19] + 12*a[7]*a[8]*a[9]^2 - 48*a[7]*a[8]*a[9]*a[10]*a[19] + 48*a[7]*a[8]*a[9]*a[10] - 24*a[7]*a[8]*a[9]*a[13]*a[19] + 24*a[7]*a[8]*a[9]*a[13] - 12*a[7]*a[8]*a[10]^2*a[19] + 12*a[7]*a[8]*a[10]^2 - 24*a[7]*a[8]*a[10]*a[13]*a[19] + 24*a[7]*a[8]*a[10]*a[13] - 12*a[7]*a[8]*a[12]*a[19] + 12*a[7]*a[8]*a[12] - 8*a[7]*a[9]^3*a[10]*a[19] + 8*a[7]*a[9]^3*a[10] - 4*a[7]*a[9]^3*a[13]*a[19] + 4*a[7]*a[9]^3*a[13] - 12*a[7]*a[9]^2*a[10]^2*a[19] + 12*a[7]*a[9]^2*a[10]^2 - 24*a[7]*a[9]^2*a[10]*a[13]*a[19] + 24*a[7]*a[9]^2*a[10]*a[13] - 12*a[7]*a[9]^2*a[12]*a[19] + 12*a[7]*a[9]^2*a[12] - 12*a[7]*a[9]*a[10]^2*a[13]*a[19] + 12*a[7]*a[9]*a[10]^2*a[13] - 24*a[7]*a[9]*a[10]*a[12]*a[19] + 24*a[7]*a[9]*a[10]*a[12] - 12*a[7]*a[9]*a[11]*a[19] + 12*a[7]*a[9]*a[11] - 4*a[7]*a[10]^2*a[12]*a[19] + 4*a[7]*a[10]^2*a[12] - 8*a[7]*a[10]*a[11]*a[19] + 8*a[7]*a[10]*a[11] - 4*a[8]^3*a[9]*a[19] + 4*a[8]^3*a[9] - 8*a[8]^3*a[10]*a[19] + 8*a[8]^3*a[10] - 4*a[8]^3*a[13]*a[19] + 4*a[8]^3*a[13] - 12*a[8]^2*a[9]^2*a[10]*a[19] + 12*a[8]^2*a[9]^2*a[10] - 6*a[8]^2*a[9]^2*a[13]*a[19] + 6*a[8]^2*a[9]^2*a[13] - 12*a[8]^2*a[9]*a[10]^2*a[19] + 12*a[8]^2*a[9]*a[10]^2 - 24*a[8]^2*a[9]*a[10]*a[13]*a[19] + 24*a[8]^2*a[9]*a[10]*a[13] - 12*a[8]^2*a[9]*a[12]*a[19] + 12*a[8]^2*a[9]*a[12] - 6*a[8]^2*a[10]^2*a[13]*a[19] + 6*a[8]^2*a[10]^2*a[13] - 12*a[8]^2*a[10]*a[12]*a[19] + 12*a[8]^2*a[10]*a[12] - 6*a[8]^2*a[11]*a[19] + 6*a[8]^2*a[11] - 4*a[8]*a[9]^3*a[10]^2*a[19] + 4*a[8]*a[9]^3*a[10]^2 - 8*a[8]*a[9]^3*a[10]*a[13]*a[19] + 8*a[8]*a[9]^3*a[10]*a[13] - 4*a[8]*a[9]^3*a[12]*a[19] + 4*a[8]*a[9]^3*a[12] - 12*a[8]*a[9]^2*a[10]^2*a[13]*a[19] + 12*a[8]*a[9]^2*a[10]^2*a[13] - 24*a[8]*a[9]^2*a[10]*a[12]*a[19] + 24*a[8]*a[9]^2*a[10]*a[12] - 12*a[8]*a[9]^2*a[11]*a[19] + 12*a[8]*a[9]^2*a[11] - 12*a[8]*a[9]*a[10]^2*a[12]*a[19] + 12*a[8]*a[9]*a[10]^2*a[12] - 24*a[8]*a[9]*a[10]*a[11]*a[19] + 24*a[8]*a[9]*a[10]*a[11] - 4*a[8]*a[10]^2*a[11]*a[19] + 4*a[8]*a[10]^2*a[11] - a[9]^4*a[10]^2*a[13]*a[19] + a[9]^4*a[10]^2*a[13] - 2*a[9]^4*a[10]*a[12]*a[19] + 2*a[9]^4*a[10]*a[12] - a[9]^4*a[11]*a[19] + a[9]^4*a[11] - 4*a[9]^3*a[10]^2*a[12]*a[19] + 4*a[9]^3*a[10]^2*a[12] - 8*a[9]^3*a[10]*a[11]*a[19] + 8*a[9]^3*a[10]*a[11] - 6*a[9]^2*a[10]^2*a[11]*a[19] + 6*a[9]^2*a[10]^2*a[11] - 12*a[14]*a[15] - 24*a[14]*a[16]*a[17] - 12*a[14]*a[16]*a[18] - 4*a[14]*a[17]^3 - 12*a[14]*a[17]^2*a[18] - 12*a[15]^2*a[17] - 6*a[15]^2*a[18] - 12*a[15]*a[16]^2 - 12*a[15]*a[16]*a[17]^2 - 24*a[15]*a[16]*a[17]*a[18] - 4*a[15]*a[17]^3*a[18] - 4*a[16]^3*a[17] - 4*a[16]^3*a[18] - 6*a[16]^2*a[17]^2*a[18],
4*a[1]^3*a[19] + 6*a[1]^2*a[2]^2*a[19] + 24*a[1]^2*a[2]*a[3]*a[19] + 12*a[1]^2*a[2]*a[6]*a[19] + 6*a[1]^2*a[3]^2*a[19] + 12*a[1]^2*a[3]*a[6]*a[19] + 6*a[1]^2*a[5]*a[19] + 8*a[1]*a[2]^3*a[3]*a[19] + 4*a[1]*a[2]^3*a[6]*a[19] + 12*a[1]*a[2]^2*a[3]^2*a[19] + 24*a[1]*a[2]^2*a[3]*a[6]*a[19] + 12*a[1]*a[2]^2*a[5]*a[19] + 12*a[1]*a[2]*a[3]^2*a[6]*a[19] + 24*a[1]*a[2]*a[3]*a[5]*a[19] + 12*a[1]*a[2]*a[4]*a[19] + 4*a[1]*a[3]^2*a[5]*a[19] + 8*a[1]*a[3]*a[4]*a[19] + a[2]^4*a[3]^2*a[19] + 2*a[2]^4*a[3]*a[6]*a[19] + a[2]^4*a[5]*a[19] + 4*a[2]^3*a[3]^2*a[6]*a[19] + 8*a[2]^3*a[3]*a[5]*a[19] + 4*a[2]^3*a[4]*a[19] + 6*a[2]^2*a[3]^2*a[5]*a[19] + 12*a[2]^2*a[3]*a[4]*a[19] + 4*a[2]*a[3]^2*a[4]*a[19] - 6*a[7]^2*a[19] + 6*a[7]^2 - 24*a[7]*a[8]*a[9]*a[19] + 24*a[7]*a[8]*a[9] - 24*a[7]*a[8]*a[10]*a[19] + 24*a[7]*a[8]*a[10] - 12*a[7]*a[8]*a[13]*a[19] + 12*a[7]*a[8]*a[13] - 4*a[7]*a[9]^3*a[19] + 4*a[7]*a[9]^3 - 24*a[7]*a[9]^2*a[10]*a[19] + 24*a[7]*a[9]^2*a[10] - 12*a[7]*a[9]^2*a[13]*a[19] + 12*a[7]*a[9]^2*a[13] - 12*a[7]*a[9]*a[10]^2*a[19] + 12*a[7]*a[9]*a[10]^2 - 24*a[7]*a[9]*a[10]*a[13]*a[19] + 24*a[7]*a[9]*a[10]*a[13] - 12*a[7]*a[9]*a[12]*a[19] + 12*a[7]*a[9]*a[12] - 4*a[7]*a[10]^2*a[13]*a[19] + 4*a[7]*a[10]^2*a[13] - 8*a[7]*a[10]*a[12]*a[19] + 8*a[7]*a[10]*a[12] - 4*a[7]*a[11]*a[19] + 4*a[7]*a[11] - 4*a[8]^3*a[19] + 4*a[8]^3 - 6*a[8]^2*a[9]^2*a[19] + 6*a[8]^2*a[9]^2 - 24*a[8]^2*a[9]*a[10]*a[19] + 24*a[8]^2*a[9]*a[10] - 12*a[8]^2*a[9]*a[13]*a[19] + 12*a[8]^2*a[9]*a[13] - 6*a[8]^2*a[10]^2*a[19] + 6*a[8]^2*a[10]^2 - 12*a[8]^2*a[10]*a[13]*a[19] + 12*a[8]^2*a[10]*a[13] - 6*a[8]^2*a[12]*a[19] + 6*a[8]^2*a[12] - 8*a[8]*a[9]^3*a[10]*a[19] + 8*a[8]*a[9]^3*a[10] - 4*a[8]*a[9]^3*a[13]*a[19] + 4*a[8]*a[9]^3*a[13] - 12*a[8]*a[9]^2*a[10]^2*a[19] + 12*a[8]*a[9]^2*a[10]^2 - 24*a[8]*a[9]^2*a[10]*a[13]*a[19] + 24*a[8]*a[9]^2*a[10]*a[13] - 12*a[8]*a[9]^2*a[12]*a[19] + 12*a[8]*a[9]^2*a[12] - 12*a[8]*a[9]*a[10]^2*a[13]*a[19] + 12*a[8]*a[9]*a[10]^2*a[13] - 24*a[8]*a[9]*a[10]*a[12]*a[19] + 24*a[8]*a[9]*a[10]*a[12] - 12*a[8]*a[9]*a[11]*a[19] + 12*a[8]*a[9]*a[11] - 4*a[8]*a[10]^2*a[12]*a[19] + 4*a[8]*a[10]^2*a[12] - 8*a[8]*a[10]*a[11]*a[19] + 8*a[8]*a[10]*a[11] - a[9]^4*a[10]^2*a[19] + a[9]^4*a[10]^2 - 2*a[9]^4*a[10]*a[13]*a[19] + 2*a[9]^4*a[10]*a[13] - a[9]^4*a[12]*a[19] + a[9]^4*a[12] - 4*a[9]^3*a[10]^2*a[13]*a[19] + 4*a[9]^3*a[10]^2*a[13] - 8*a[9]^3*a[10]*a[12]*a[19] + 8*a[9]^3*a[10]*a[12] - 4*a[9]^3*a[11]*a[19] + 4*a[9]^3*a[11] - 6*a[9]^2*a[10]^2*a[12]*a[19] + 6*a[9]^2*a[10]^2*a[12] - 12*a[9]^2*a[10]*a[11]*a[19] + 12*a[9]^2*a[10]*a[11] - 4*a[9]*a[10]^2*a[11]*a[19] + 4*a[9]*a[10]^2*a[11] - 12*a[14]*a[16] - 12*a[14]*a[17]^2 - 12*a[14]*a[17]*a[18] - 6*a[15]^2 - 24*a[15]*a[16]*a[17] - 12*a[15]*a[16]*a[18] - 4*a[15]*a[17]^3 - 12*a[15]*a[17]^2*a[18] - 4*a[16]^3 - 6*a[16]^2*a[17]^2 - 12*a[16]^2*a[17]*a[18] - 4*a[16]*a[17]^3*a[18],
12*a[1]^2*a[2]*a[19] + 12*a[1]^2*a[3]*a[19] + 6*a[1]^2*a[6]*a[19] + 4*a[1]*a[2]^3*a[19] + 24*a[1]*a[2]^2*a[3]*a[19] + 12*a[1]*a[2]^2*a[6]*a[19] + 12*a[1]*a[2]*a[3]^2*a[19] + 24*a[1]*a[2]*a[3]*a[6]*a[19] + 12*a[1]*a[2]*a[5]*a[19] + 4*a[1]*a[3]^2*a[6]*a[19] + 8*a[1]*a[3]*a[5]*a[19] + 4*a[1]*a[4]*a[19] + 2*a[2]^4*a[3]*a[19] + a[2]^4*a[6]*a[19] + 4*a[2]^3*a[3]^2*a[19] + 8*a[2]^3*a[3]*a[6]*a[19] + 4*a[2]^3*a[5]*a[19] + 6*a[2]^2*a[3]^2*a[6]*a[19] + 12*a[2]^2*a[3]*a[5]*a[19] + 6*a[2]^2*a[4]*a[19] + 4*a[2]*a[3]^2*a[5]*a[19] + 8*a[2]*a[3]*a[4]*a[19] + a[3]^2*a[4]*a[19] - 12*a[7]*a[8]*a[19] + 12*a[7]*a[8] - 12*a[7]*a[9]^2*a[19] + 12*a[7]*a[9]^2 - 24*a[7]*a[9]*a[10]*a[19] + 24*a[7]*a[9]*a[10] - 12*a[7]*a[9]*a[13]*a[19] + 12*a[7]*a[9]*a[13] - 4*a[7]*a[10]^2*a[19] + 4*a[7]*a[10]^2 - 8*a[7]*a[10]*a[13]*a[19] + 8*a[7]*a[10]*a[13] - 4*a[7]*a[12]*a[19] + 4*a[7]*a[12] - 12*a[8]^2*a[9]*a[19] + 12*a[8]^2*a[9] - 12*a[8]^2*a[10]*a[19] + 12*a[8]^2*a[10] - 6*a[8]^2*a[13]*a[19] + 6*a[8]^2*a[13] - 4*a[8]*a[9]^3*a[19] + 4*a[8]*a[9]^3 - 24*a[8]*a[9]^2*a[10]*a[19] + 24*a[8]*a[9]^2*a[10] - 12*a[8]*a[9]^2*a[13]*a[19] + 12*a[8]*a[9]^2*a[13] - 12*a[8]*a[9]*a[10]^2*a[19] + 12*a[8]*a[9]*a[10]^2 - 24*a[8]*a[9]*a[10]*a[13]*a[19] + 24*a[8]*a[9]*a[10]*a[13] - 12*a[8]*a[9]*a[12]*a[19] + 12*a[8]*a[9]*a[12] - 4*a[8]*a[10]^2*a[13]*a[19] + 4*a[8]*a[10]^2*a[13] - 8*a[8]*a[10]*a[12]*a[19] + 8*a[8]*a[10]*a[12] - 4*a[8]*a[11]*a[19] + 4*a[8]*a[11] - 2*a[9]^4*a[10]*a[19] + 2*a[9]^4*a[10] - a[9]^4*a[13]*a[19] + a[9]^4*a[13] - 4*a[9]^3*a[10]^2*a[19] + 4*a[9]^3*a[10]^2 - 8*a[9]^3*a[10]*a[13]*a[19] + 8*a[9]^3*a[10]*a[13] - 4*a[9]^3*a[12]*a[19] + 4*a[9]^3*a[12] - 6*a[9]^2*a[10]^2*a[13]*a[19] + 6*a[9]^2*a[10]^2*a[13] - 12*a[9]^2*a[10]*a[12]*a[19] + 12*a[9]^2*a[10]*a[12] - 6*a[9]^2*a[11]*a[19] + 6*a[9]^2*a[11] - 4*a[9]*a[10]^2*a[12]*a[19] + 4*a[9]*a[10]^2*a[12] - 8*a[9]*a[10]*a[11]*a[19] + 8*a[9]*a[10]*a[11] - a[10]^2*a[11]*a[19] + a[10]^2*a[11] - 12*a[14]*a[17] - 4*a[14]*a[18] - 12*a[15]*a[16] - 12*a[15]*a[17]^2 - 12*a[15]*a[17]*a[18] - 12*a[16]^2*a[17] - 6*a[16]^2*a[18] - 4*a[16]*a[17]^3 - 12*a[16]*a[17]^2*a[18] - a[17]^4*a[18],
6*a[1]^2*a[19] + 12*a[1]*a[2]^2*a[19] + 24*a[1]*a[2]*a[3]*a[19] + 12*a[1]*a[2]*a[6]*a[19] + 4*a[1]*a[3]^2*a[19] + 8*a[1]*a[3]*a[6]*a[19] + 4*a[1]*a[5]*a[19] + a[2]^4*a[19] + 8*a[2]^3*a[3]*a[19] + 4*a[2]^3*a[6]*a[19] + 6*a[2]^2*a[3]^2*a[19] + 12*a[2]^2*a[3]*a[6]*a[19] + 6*a[2]^2*a[5]*a[19] + 4*a[2]*a[3]^2*a[6]*a[19] + 8*a[2]*a[3]*a[5]*a[19] + 4*a[2]*a[4]*a[19] + a[3]^2*a[5]*a[19] + 2*a[3]*a[4]*a[19] - 12*a[7]*a[9]*a[19] + 12*a[7]*a[9] - 8*a[7]*a[10]*a[19] + 8*a[7]*a[10] - 4*a[7]*a[13]*a[19] + 4*a[7]*a[13] - 6*a[8]^2*a[19] + 6*a[8]^2 - 12*a[8]*a[9]^2*a[19] + 12*a[8]*a[9]^2 - 24*a[8]*a[9]*a[10]*a[19] + 24*a[8]*a[9]*a[10] - 12*a[8]*a[9]*a[13]*a[19] + 12*a[8]*a[9]*a[13] - 4*a[8]*a[10]^2*a[19] + 4*a[8]*a[10]^2 - 8*a[8]*a[10]*a[13]*a[19] + 8*a[8]*a[10]*a[13] - 4*a[8]*a[12]*a[19] + 4*a[8]*a[12] - a[9]^4*a[19] + a[9]^4 - 8*a[9]^3*a[10]*a[19] + 8*a[9]^3*a[10] - 4*a[9]^3*a[13]*a[19] + 4*a[9]^3*a[13] - 6*a[9]^2*a[10]^2*a[19] + 6*a[9]^2*a[10]^2 - 12*a[9]^2*a[10]*a[13]*a[19] + 12*a[9]^2*a[10]*a[13] - 6*a[9]^2*a[12]*a[19] + 6*a[9]^2*a[12] - 4*a[9]*a[10]^2*a[13]*a[19] + 4*a[9]*a[10]^2*a[13] - 8*a[9]*a[10]*a[12]*a[19] + 8*a[9]*a[10]*a[12] - 4*a[9]*a[11]*a[19] + 4*a[9]*a[11] - a[10]^2*a[12]*a[19] + a[10]^2*a[12] - 2*a[10]*a[11]*a[19] + 2*a[10]*a[11] - 4*a[14] - 12*a[15]*a[17] - 4*a[15]*a[18] - 6*a[16]^2 - 12*a[16]*a[17]^2 - 12*a[16]*a[17]*a[18] - a[17]^4 - 4*a[17]^3*a[18],
12*a[1]*a[2]*a[19] + 8*a[1]*a[3]*a[19] + 4*a[1]*a[6]*a[19] + 4*a[2]^3*a[19] + 12*a[2]^2*a[3]*a[19] + 6*a[2]^2*a[6]*a[19] + 4*a[2]*a[3]^2*a[19] + 8*a[2]*a[3]*a[6]*a[19] + 4*a[2]*a[5]*a[19] + a[3]^2*a[6]*a[19] + 2*a[3]*a[5]*a[19] + a[4]*a[19] - 4*a[7]*a[19] + 4*a[7] - 12*a[8]*a[9]*a[19] + 12*a[8]*a[9] - 8*a[8]*a[10]*a[19] + 8*a[8]*a[10] - 4*a[8]*a[13]*a[19] + 4*a[8]*a[13] - 4*a[9]^3*a[19] + 4*a[9]^3 - 12*a[9]^2*a[10]*a[19] + 12*a[9]^2*a[10] - 6*a[9]^2*a[13]*a[19] + 6*a[9]^2*a[13] - 4*a[9]*a[10]^2*a[19] + 4*a[9]*a[10]^2 - 8*a[9]*a[10]*a[13]*a[19] + 8*a[9]*a[10]*a[13] - 4*a[9]*a[12]*a[19] + 4*a[9]*a[12] - a[10]^2*a[13]*a[19] + a[10]^2*a[13] - 2*a[10]*a[12]*a[19] + 2*a[10]*a[12] - a[11]*a[19] + a[11] - 4*a[15] - 12*a[16]*a[17] - 4*a[16]*a[18] - 4*a[17]^3 - 6*a[17]^2*a[18],
4*a[1]*a[19] + 6*a[2]^2*a[19] + 8*a[2]*a[3]*a[19] + 4*a[2]*a[6]*a[19] + a[3]^2*a[19] + 2*a[3]*a[6]*a[19] + a[5]*a[19] - 4*a[8]*a[19] + 4*a[8] - 6*a[9]^2*a[19] + 6*a[9]^2 - 8*a[9]*a[10]*a[19] + 8*a[9]*a[10] - 4*a[9]*a[13]*a[19] + 4*a[9]*a[13] - a[10]^2*a[19] + a[10]^2 - 2*a[10]*a[13]*a[19] + 2*a[10]*a[13] - a[12]*a[19] + a[12] - 4*a[16] - 6*a[17]^2 - 4*a[17]*a[18],
4*a[2]*a[19] + 2*a[3]*a[19] + a[6]*a[19] - 4*a[9]*a[19] + 4*a[9] - 2*a[10]*a[19] + 2*a[10] - a[13]*a[19] + a[13] - 4*a[17] - a[18]
]
1: Fold = 4.29649E-179, prec = 115... 
   Norm(w) = 1.03067E-187
   Fnew = 3.03229E-218 < Fold/2 = 2.14824E-179, using Newton step
2: Fold = 2.74231E-218, prec = 218... 
   Norm(w) = 4.41386E-220
   Fnew = 4.94268E-424 < Fold/2 = 1.37115E-218, using Newton step
3: Fold = 2.37529E-424, prec = 424... 
   Norm(w) = 2.20429E-425
   Fnew = 9.08214E-836 < Fold/2 = 1.18765E-424, using Newton step
4: Fold = 6.77015E-836, prec = 836... 
   Norm(w) = 7.83717E-838
   Fnew = 1.27244E-1659 < Fold/2 = 3.38508E-836, using Newton step
5: Fold = 5.71309E-1660, prec = 1659... 
   Norm(w) = 1.46120E-1661
   Fnew = 1.00776E-3305 < Fold/2 = 2.85654E-1660, using Newton step
6: Fold = 5.55413E-3306, prec = 3305... 
   Norm(w) = 2.37690E-3307
   Fnew = 1.75938E-6597 < Fold/2 = 2.77707E-3306, using Newton step
7: Fold = 8.01591E-6598, prec = 4800... 
   Norm(w) = 3.55321E-6599
   Fnew = 1.19238E-9587 < Fold/2 = 4.00795E-6598, using Newton step

Looking for coefficient to recognize number field...
  ...dumped recognition inputs to /Users/musty/two/dembele/rigidity/out/dump_444_rep3.m
  ...MakeKBatch: only trivial degree-1 certifications (11 candidates NOPREC) -- insufficient precision
recognition failed as expected (numerics already dumped): MakeKBatch: no coefficient relation certifies at this precision; raise prec (or unset MAKEK_RELFINDER_BIN to use the legacy search)
