Nielsen representatives: 4, computing rep 2
Using unit disc with precision 115 and center root(-1)
Using working precision 115 with eps_thresh = 9.99999E-108
Radius of series to be used: 0.643594
Taking N = 601 and Q = 615
Ramification degrees e = [ 1, 1, 4, 1, 4, 4, 2 ] and offsets s = [ 0, 0, 2, 0, 2, 2, 0 ]
A: Taking j = 1, with distance 0.000000 and label Id($)
A: Rotating by delta_a^1, new coset 6
A: Rotating by delta_a^-1, new coset 4
A: Rotating by delta_a^2, new coset 12
A: Rotating by delta_a^-2, already identified 12 (label da^2)
A: Rotating by delta_a^3, already identified 4 (label da^-1)
B: Taking j = 1, with distance 0.000000 and label Id($)
B: Rotating by delta_b^1, new coset 7
A: Taking j = 7, with distance 2.44845 and label db
A: Rotating by delta_a^1, new coset 5
A: Rotating by delta_a^-1, new coset 17
A: Rotating by delta_a^2, new coset 9
A: Rotating by delta_a^-2, already identified 9 (label db * da^2)
A: Rotating by delta_a^3, already identified 17 (label db * da^-1)
B: Rotating by delta_b^-1, already identified 6 (label da), sidepairing db^-1 * da^-1
B: Taking j = 6, with distance 0.000000 and label da
B: Rotating by delta_b^1, already identified 1 (label Id($)), sidepairing da * db
B: Rotating by delta_b^-1, new coset 11
A: Taking j = 11, with distance 2.44845 and label da * db^-1
A: Rotating by delta_a^1, new coset 13
A: Rotating by delta_a^-1, new coset 8
A: Rotating by delta_a^2, new coset 2
A: Rotating by delta_a^-2, already identified 2 (label da * db^-1 * da^2)
A: Rotating by delta_a^3, already identified 8 (label da * db^-1 * da^-1)
B: Taking j = 4, with distance 0.000000 and label da^-1
B: Rotating by delta_b^1, new coset 14
A: Taking j = 14, with distance 2.44845 and label da^-1 * db
A: Rotating by delta_a^1, already identified 14 (label da^-1 * db), sidepairing da^-1 * db * da * db^-1 * da
A: Rotating by delta_a^-1, already identified 14 (label da^-1 * db), sidepairing da^-1 * db * da^-1 * db^-1 * da
B: Rotating by delta_b^-1, new coset 10
A: Taking j = 10, with distance 2.44845 and label da^-1 * db^-1
A: Rotating by delta_a^1, already identified 10 (label da^-1 * db^-1), sidepairing da^-1 * db^-1 * da * db * da
A: Rotating by delta_a^-1, already identified 10 (label da^-1 * db^-1), sidepairing da^-1 * db^-1 * da^-1 * db * da
B: Taking j = 12, with distance 0.000000 and label da^2
B: Rotating by delta_b^1, new coset 3
A: Taking j = 3, with distance 2.44845 and label da^2 * db
A: Rotating by delta_a^1, already identified 3 (label da^2 * db), sidepairing da^2 * db * da * db^-1 * da^-2
A: Rotating by delta_a^-1, already identified 3 (label da^2 * db), sidepairing da^2 * db * da^-1 * db^-1 * da^-2
B: Rotating by delta_b^-1, new coset 16
A: Taking j = 16, with distance 2.44845 and label da^2 * db^-1
A: Rotating by delta_a^1, new coset 15
A: Rotating by delta_a^-1, already identified 15 (label da^2 * db^-1 * da), sidepairing (da^2 * db^-1 * da^-1 * db * da^-2)^2
A: Rotating by delta_a^2, already identified 16 (label da^2 * db^-1), sidepairing (da^2 * db^-1 * da * db * da^-2)^2
B: Taking j = 17, with distance 2.44845 and label db * da^-1
B: Rotating by delta_b^1, already identified 15 (label da^2 * db^-1 * da), sidepairing db * da^-1 * db * da^-1 * db * da^-2
B: Rotating by delta_b^-1, already identified 15 (label da^2 * db^-1 * da), sidepairing db * da^-1 * db^-1 * da^-1 * db * da^-2
B: Taking j = 11, with distance 2.44845 and label da * db^-1
B: Rotating by delta_b^1, already identified 6 (label da)
B: Rotating by delta_b^-1, already identified 7 (label db), sidepairing da * db^-3
B: Taking j = 14, with distance 2.44845 and label da^-1 * db
B: Rotating by delta_b^1, already identified 9 (label db * da^2), sidepairing da^-1 * db^2 * da^-2 * db^-1
B: Rotating by delta_b^-1, already identified 4 (label da^-1)
B: Taking j = 7, with distance 2.44845 and label db
B: Rotating by delta_b^1, already identified 11 (label da * db^-1), sidepairing db^3 * da^-1
B: Rotating by delta_b^-1, already identified 1 (label Id($))
B: Taking j = 5, with distance 2.44845 and label db * da
B: Rotating by delta_b^1, already identified 5 (label db * da), sidepairing db * da * db * da^-1 * db^-1
B: Rotating by delta_b^-1, already identified 5 (label db * da), sidepairing db * da * db^-1 * da^-1 * db^-1
B: Taking j = 9, with distance 2.44845 and label db * da^2
B: Rotating by delta_b^1, already identified 10 (label da^-1 * db^-1), sidepairing db * da^2 * db^2 * da
B: Rotating by delta_b^-1, already identified 14 (label da^-1 * db), sidepairing db * da^2 * db^-2 * da
B: Taking j = 13, with distance 2.44845 and label da * db^-1 * da
B: Rotating by delta_b^1, already identified 13 (label da * db^-1 * da), sidepairing da * db^-1 * da * db * da^-1 * db * da^-1
B: Rotating by delta_b^-1, already identified 13 (label da * db^-1 * da), sidepairing da * db^-1 * da * db^-1 * da^-1 * db * da^-1
B: Taking j = 8, with distance 2.44845 and label da * db^-1 * da^-1
B: Rotating by delta_b^1, already identified 8 (label da * db^-1 * da^-1), sidepairing da * db^-1 * da^-1 * db * da * db * da^-1
B: Rotating by delta_b^-1, already identified 8 (label da * db^-1 * da^-1), sidepairing da * db^-1 * da^-1 * db^-1 * da * db * da^-1
B: Taking j = 10, with distance 2.44845 and label da^-1 * db^-1
B: Rotating by delta_b^1, already identified 4 (label da^-1)
B: Rotating by delta_b^-1, already identified 9 (label db * da^2), sidepairing da^-1 * db^-2 * da^-2 * db^-1
B: Taking j = 3, with distance 2.44845 and label da^2 * db
B: Rotating by delta_b^1, already identified 2 (label da * db^-1 * da^2), sidepairing da^2 * db^2 * da^-2 * db * da^-1
B: Rotating by delta_b^-1, already identified 12 (label da^2)
B: Taking j = 15, with distance 2.44845 and label da^2 * db^-1 * da
B: Rotating by delta_b^1, already identified 17 (label db * da^-1), sidepairing da^2 * db^-1 * da * db * da * db^-1
B: Rotating by delta_b^-1, already identified 17 (label db * da^-1), sidepairing da^2 * db^-1 * da * db^-1 * da * db^-1
B: Taking j = 2, with distance 2.44845 and label da * db^-1 * da^2
B: Rotating by delta_b^1, already identified 16 (label da^2 * db^-1), sidepairing da * db^-1 * da^2 * db^2 * da^-2
B: Rotating by delta_b^-1, already identified 3 (label da^2 * db), sidepairing da * db^-1 * da^2 * db^-2 * da^-2
B: Taking j = 16, with distance 2.44845 and label da^2 * db^-1
B: Rotating by delta_b^1, already identified 12 (label da^2)
B: Rotating by delta_b^-1, already identified 2 (label da * db^-1 * da^2), sidepairing da^2 * db^-2 * da^-2 * db * da^-1
Indices of vertices to be used: [ 1, 2, 3, 5, 10, 14, 15 ]
Coset identifiers: [ 1, 2, 3, 1, 4, 1, 4, 2, 4, 5, 2, 1, 2, 6, 7, 7, 4 ]
Reducing to fundamental domain... Time: 3.390
Largest point had radius 0.643594!
dim = 2, fulldim = 6, so skipping coeffs [ 0 .. 3 ]
Computing Js... Time: 2.770
Computing Wps... Time: 2.000
Arnoldi iteration 2... Time: 1.510
Arnoldi iteration 3... Time: 2.020
Arnoldi iteration 4... Time: 2.020
Arnoldi iteration 5... Time: 2.020
Arnoldi iteration 6... Time: 2.030
Arnoldi iteration 7... Time: 2.020
Arnoldi iteration 8... Time: 2.020
Arnoldi iteration 9... Time: 2.030
Arnoldi iteration 10... Time: 2.040
Numerical kernel 10... min 0.00128757 (of 0)... Time: 0.000
Arnoldi iteration 11... Time: 2.030
Numerical kernel 11... min 0.000861608 (of 0)... Time: 0.010
Arnoldi iteration 12... Time: 2.030
Numerical kernel 12... min 0.00232702 (of 0)... Time: 0.010
Arnoldi iteration 13... Time: 2.050
Numerical kernel 13... min 0.000588987 (of 0)... Time: 0.010
Arnoldi iteration 14... Time: 2.040
Numerical kernel 14... min 0.00160920 (of 0)... Time: 0.010
Arnoldi iteration 15... Time: 2.050
Numerical kernel 15... min 0.000133680 (of 0)... Time: 0.000
Arnoldi iteration 16... Time: 2.060
Numerical kernel 16... min 0.000351386 (of 0)... Time: 0.000
Arnoldi iteration 17... Time: 2.060
Numerical kernel 17... min 7.09720E-5 (of 0)... Time: 0.000
Arnoldi iteration 18... Time: 2.050
Numerical kernel 18... min 0.000198423 (of 0)... Time: 0.010
Arnoldi iteration 19... Time: 2.040
Numerical kernel 19... min 7.91269E-5 (of 0)... Time: 0.010
Arnoldi iteration 20... Time: 2.050
Numerical kernel 20... min 0.000123508 (of 0)... Time: 0.010
Arnoldi iteration 21... Time: 2.060
Numerical kernel 21... min 1.61022E-5 (of 0)... Time: 0.010
Arnoldi iteration 22... Time: 2.060
Numerical kernel 22... min 7.40602E-6 (of 0)... Time: 0.000
Arnoldi iteration 23... Time: 2.070
Numerical kernel 23... min 5.29165E-6 (of 0)... Time: 0.010
Arnoldi iteration 24... Time: 2.060
Numerical kernel 24... min 9.38776E-7 (of 0)... Time: 0.010
Arnoldi iteration 25... Time: 2.070
Numerical kernel 25... min 6.96929E-7 (of 0)... Time: 0.010
Arnoldi iteration 26... Time: 2.130
Numerical kernel 26... min 8.74573E-7 (of 0)... Time: 0.000
Arnoldi iteration 27... Time: 2.090
Numerical kernel 27... min 2.40535E-7 (of 0)... Time: 0.010
Arnoldi iteration 28... Time: 2.120
Numerical kernel 28... min 8.66698E-8 (of 0)... Time: 0.010
Arnoldi iteration 29... Time: 2.120
Numerical kernel 29... min 9.85236E-9 (of 0)... Time: 0.010
Arnoldi iteration 30... Time: 2.100
Numerical kernel 30... min 2.83933E-8 (of 0)... Time: 0.020
Arnoldi iteration 31... Time: 2.100
Numerical kernel 31... min 9.43402E-10 (of 0)... Time: 0.020
Arnoldi iteration 32... Time: 2.300
Numerical kernel 32... min 3.95109E-9 (of 0)... Time: 0.020
Arnoldi iteration 33... Time: 2.110
Numerical kernel 33... min 6.48952E-10 (of 0)... Time: 0.010
Arnoldi iteration 34... Time: 2.130
Numerical kernel 34... min 4.61307E-10 (of 0)... Time: 0.020
Arnoldi iteration 35... Time: 2.170
Numerical kernel 35... min 2.14980E-10 (of 0)... Time: 0.020
Arnoldi iteration 36... Time: 2.180
Numerical kernel 36... min 1.47943E-10 (of 0)... Time: 0.010
Arnoldi iteration 37... Time: 2.260
Numerical kernel 37... min 4.82240E-11 (of 0)... Time: 0.010
Arnoldi iteration 38... Time: 2.140
Numerical kernel 38... min 2.91681E-11 (of 0)... Time: 0.020
Arnoldi iteration 39... Time: 2.120
Numerical kernel 39... min 5.95261E-12 (of 0)... Time: 0.020
Arnoldi iteration 40... Time: 2.140
Numerical kernel 40... min 3.28155E-12 (of 0)... Time: 0.020
Arnoldi iteration 41... Time: 2.130
Numerical kernel 41... min 8.87262E-13 (of 0)... Time: 0.030
Arnoldi iteration 42... Time: 2.140
Numerical kernel 42... min 2.64377E-13 (of 0)... Time: 0.020
Arnoldi iteration 43... Time: 2.130
Numerical kernel 43... min 7.56623E-14 (of 0)... Time: 0.020
Arnoldi iteration 44... Time: 2.120
Numerical kernel 44... min 3.86631E-14 (of 0)... Time: 0.030
Arnoldi iteration 45... Time: 2.130
Numerical kernel 45... min 3.19927E-14 (of 0)... Time: 0.030
Arnoldi iteration 46... Time: 2.120
Numerical kernel 46... min 4.95706E-15 (of 0)... Time: 0.030
Arnoldi iteration 47... Time: 2.130
Numerical kernel 47... min 3.88161E-15 (of 0)... Time: 0.040
Arnoldi iteration 48... Time: 2.120
Numerical kernel 48... min 8.63660E-16 (of 0)... Time: 0.040
Arnoldi iteration 49... Time: 2.130
Numerical kernel 49... min 4.22679E-16 (of 0)... Time: 0.040
Arnoldi iteration 50... Time: 2.120
Numerical kernel 50... min 2.14990E-16 (of 0)... Time: 0.040
Arnoldi iteration 51... Time: 2.160
Numerical kernel 51... min 2.05210E-17 (of 0)... Time: 0.040
Arnoldi iteration 52... Time: 2.130
Numerical kernel 52... min 1.92464E-17 (of 0)... Time: 0.050
Arnoldi iteration 53... Time: 2.140
Numerical kernel 53... min 4.49340E-18 (of 0)... Time: 0.040
Arnoldi iteration 54... Time: 2.160
Numerical kernel 54... min 1.75801E-18 (of 0)... Time: 0.050
Arnoldi iteration 55... Time: 2.160
Numerical kernel 55... min 3.31803E-19 (of 0)... Time: 0.040
Arnoldi iteration 56... Time: 2.210
Numerical kernel 56... min 1.58054E-19 (of 0)... Time: 0.050
Arnoldi iteration 57... Time: 2.220
Numerical kernel 57... min 5.83442E-20 (of 0)... Time: 0.050
Arnoldi iteration 58... Time: 2.180
Numerical kernel 58... min 1.12933E-20 (of 0)... Time: 0.060
Arnoldi iteration 59... Time: 2.480
Numerical kernel 59... min 4.24914E-21 (of 0)... Time: 0.060
Arnoldi iteration 60... Time: 2.370
Numerical kernel 60... min 3.01563E-22 (of 0)... Time: 0.060
Arnoldi iteration 61... Time: 2.190
Numerical kernel 61... min 1.21515E-22 (of 0)... Time: 0.070
Arnoldi iteration 62... Time: 2.190
Numerical kernel 62... min 1.99896E-23 (of 0)... Time: 0.070
Arnoldi iteration 63... Time: 2.190
Numerical kernel 63... min 3.75614E-24 (of 0)... Time: 0.060
Arnoldi iteration 64... Time: 2.200
Numerical kernel 64... min 3.09599E-24 (of 0)... Time: 0.060
Arnoldi iteration 65... Time: 2.200
Numerical kernel 65... min 2.91171E-25 (of 0)... Time: 0.070
Arnoldi iteration 66... Time: 2.200
Numerical kernel 66... min 1.13703E-25 (of 0)... Time: 0.070
Arnoldi iteration 67... Time: 2.200
Numerical kernel 67... min 5.84006E-27 (of 0)... Time: 0.080
Arnoldi iteration 68... Time: 2.200
Numerical kernel 68... min 3.11831E-27 (of 0)... Time: 0.080
Arnoldi iteration 69... Time: 2.210
Numerical kernel 69... min 1.86927E-27 (of 0)... Time: 0.090
Arnoldi iteration 70... Time: 2.210
Numerical kernel 70... min 6.04043E-29 (of 0)... Time: 0.090
Arnoldi iteration 71... Time: 2.210
Numerical kernel 71... min 7.30420E-29 (of 0)... Time: 0.090
Arnoldi iteration 72... Time: 2.240
Numerical kernel 72... min 1.14764E-29 (of 0)... Time: 0.100
Arnoldi iteration 73... Time: 2.220
Numerical kernel 73... min 1.01115E-30 (of 0)... Time: 0.100
Arnoldi iteration 74... Time: 2.200
Numerical kernel 74... min 7.22817E-32 (of 0)... Time: 0.110
Arnoldi iteration 75... Time: 2.200
Numerical kernel 75... min 8.14387E-32 (of 0)... Time: 0.110
Arnoldi iteration 76... Time: 2.210
Numerical kernel 76... min 1.09829E-32 (of 0)... Time: 0.110
Arnoldi iteration 77... Time: 2.210
Numerical kernel 77... min 9.79800E-34 (of 0)... Time: 0.120
Arnoldi iteration 78... Time: 2.220
Numerical kernel 78... min 1.45480E-34 (of 0)... Time: 0.110
Arnoldi iteration 79... Time: 2.220
Numerical kernel 79... min 1.87441E-35 (of 0)... Time: 0.120
Arnoldi iteration 80... Time: 2.220
Numerical kernel 80... min 8.06240E-36 (of 0)... Time: 0.130
Arnoldi iteration 81... Time: 2.240
Numerical kernel 81... min 3.95182E-37 (of 0)... Time: 0.130
Arnoldi iteration 82... Time: 2.230
Numerical kernel 82... min 5.45489E-38 (of 0)... Time: 0.130
Arnoldi iteration 83... Time: 2.230
Numerical kernel 83... min 1.53333E-38 (of 0)... Time: 0.140
Arnoldi iteration 84... Time: 2.230
Numerical kernel 84... min 1.41316E-39 (of 0)... Time: 0.140
Arnoldi iteration 85... Time: 2.240
Numerical kernel 85... min 5.10586E-40 (of 0)... Time: 0.140
Arnoldi iteration 86... Time: 2.250
Numerical kernel 86... min 8.01749E-41 (of 0)... Time: 0.150
Arnoldi iteration 87... Time: 2.240
Numerical kernel 87... min 6.98762E-42 (of 0)... Time: 0.160
Arnoldi iteration 88... Time: 2.240
Numerical kernel 88... min 2.67413E-42 (of 0)... Time: 0.160
Arnoldi iteration 89... Time: 2.250
Numerical kernel 89... min 1.63800E-43 (of 0)... Time: 0.160
Arnoldi iteration 90... Time: 2.270
Numerical kernel 90... min 9.32659E-45 (of 0)... Time: 0.170
Arnoldi iteration 91... Time: 2.250
Numerical kernel 91... min 3.03033E-45 (of 0)... Time: 0.180
Arnoldi iteration 92... Time: 2.260
Numerical kernel 92... min 1.93754E-46 (of 0)... Time: 0.180
Arnoldi iteration 93... Time: 2.260
Numerical kernel 93... min 1.06990E-47 (of 0)... Time: 0.190
Arnoldi iteration 94... Time: 2.270
Numerical kernel 94... min 5.41223E-48 (of 0)... Time: 0.190
Arnoldi iteration 95... Time: 2.270
Numerical kernel 95... min 7.17071E-49 (of 0)... Time: 0.260
Arnoldi iteration 96... Time: 2.280
Numerical kernel 96... min 2.15231E-50 (of 0)... Time: 0.200
Arnoldi iteration 97... Time: 2.280
Numerical kernel 97... min 5.52203E-51 (of 0)... Time: 0.210
Arnoldi iteration 98... Time: 2.270
Numerical kernel 98... min 2.43731E-52 (of 0)... Time: 0.220
Arnoldi iteration 99... Time: 2.290
Numerical kernel 99... min 2.00565E-53 (of 0)... Time: 0.220
Arnoldi iteration 100... Time: 2.310
Numerical kernel 100... min 3.39342E-54 (of 0)... Time: 0.230
Arnoldi iteration 101... Time: 2.290
Numerical kernel 101... min 3.28608E-55 (of 0)... Time: 0.240
Arnoldi iteration 102... Time: 2.300
Numerical kernel 102... min 2.63905E-56 (of 0)... Time: 0.240
Arnoldi iteration 103... Time: 2.310
Numerical kernel 103... min 2.35904E-57 (of 0)... Time: 0.240
Arnoldi iteration 104... Time: 2.310
Numerical kernel 104... min 7.62713E-59 (of 0)... Time: 0.250
Arnoldi iteration 105... Time: 2.320
Numerical kernel 105... min 1.06745E-59 (of 0)... Time: 0.260
Arnoldi iteration 106... Time: 2.560
Numerical kernel 106... min 4.04182E-61 (of 0)... Time: 0.360
Arnoldi iteration 107... Time: 3.070
Numerical kernel 107... min 3.08331E-62 (of 0)... Time: 0.290
Arnoldi iteration 108... Time: 2.890
Numerical kernel 108... min 2.16246E-63 (of 0)... Time: 0.300
Arnoldi iteration 109... Time: 2.680
Numerical kernel 109... min 1.44857E-64 (of 0)... Time: 0.290
Arnoldi iteration 110... Time: 2.360
Numerical kernel 110... min 2.34942E-65 (of 0)... Time: 0.300
Arnoldi iteration 111... Time: 2.340
Numerical kernel 111... min 7.69258E-67 (of 0)... Time: 0.310
Arnoldi iteration 112... Time: 2.360
Numerical kernel 112... min 4.38604E-68 (of 0)... Time: 0.310
Arnoldi iteration 113... Time: 2.380
Numerical kernel 113... min 3.19010E-69 (of 0)... Time: 0.330
Arnoldi iteration 114... Time: 2.340
Numerical kernel 114... min 1.60551E-70 (of 0)... Time: 0.320
Arnoldi iteration 115... Time: 2.370
Numerical kernel 115... min 3.99296E-72 (of 0)... Time: 0.330
Arnoldi iteration 116... Time: 2.350
Numerical kernel 116... min 3.99260E-73 (of 0)... Time: 0.340
Arnoldi iteration 117... Time: 2.360
Numerical kernel 117... min 4.52315E-74 (of 0)... Time: 0.360
Arnoldi iteration 118... Time: 2.360
Numerical kernel 118... min 1.30745E-75 (of 0)... Time: 0.360
Arnoldi iteration 119... Time: 2.360
Numerical kernel 119... min 1.15197E-76 (of 0)... Time: 0.390
Arnoldi iteration 120... Time: 2.360
Numerical kernel 120... min 7.67590E-78 (of 0)... Time: 0.390
Arnoldi iteration 121... Time: 2.370
Numerical kernel 121... min 3.77840E-79 (of 0)... Time: 0.400
Arnoldi iteration 122... Time: 2.380
Numerical kernel 122... min 1.64603E-80 (of 0)... Time: 0.410
Arnoldi iteration 123... Time: 2.360
Numerical kernel 123... min 1.30623E-81 (of 0)... Time: 0.410
Arnoldi iteration 124... Time: 2.370
Numerical kernel 124... min 2.53914E-83 (of 0)... Time: 0.430
Arnoldi iteration 125... Time: 2.380
Numerical kernel 125... min 2.20237E-84 (of 0)... Time: 0.430
Arnoldi iteration 126... Time: 2.360
Numerical kernel 126... min 5.64378E-86 (of 0)... Time: 0.430
Arnoldi iteration 127... Time: 2.380
Numerical kernel 127... min 6.54333E-87 (of 0)... Time: 0.450
Arnoldi iteration 128... Time: 2.400
Numerical kernel 128... min 6.98285E-89 (of 0)... Time: 0.450
Arnoldi iteration 129... Time: 2.370
Numerical kernel 129... min 3.36099E-90 (of 0)... Time: 0.480
Arnoldi iteration 130... Time: 2.380
Numerical kernel 130... min 1.66307E-91 (of 0)... Time: 0.480
Arnoldi iteration 131... Time: 2.410
Numerical kernel 131... min 1.15165E-92 (of 0)... Time: 0.510
Arnoldi iteration 132... Time: 2.430
Numerical kernel 132... min 9.66568E-95 (of 0)... Time: 0.500
Arnoldi iteration 133... Time: 2.390
Numerical kernel 133... min 2.58601E-95 (of 0)... Time: 0.530
Arnoldi iteration 134... Time: 2.390
Numerical kernel 134... min 1.03408E-96 (of 0)... Time: 0.530
Arnoldi iteration 135... Time: 2.400
Numerical kernel 135... min 2.01811E-98 (of 0)... Time: 0.530
Arnoldi iteration 136... Time: 2.420
Numerical kernel 136... min 1.43952E-99 (of 0)... Time: 0.540
Arnoldi iteration 137... Time: 2.420
Numerical kernel 137... min 8.74476E-102 (of 0)... Time: 0.550
Arnoldi iteration 138... Time: 2.420
Numerical kernel 138... min 8.20095E-103 (of 0)... Time: 0.570
Arnoldi iteration 139... Time: 2.390
Numerical kernel 139... min 2.10360E-104 (of 0)... Time: 0.580
Arnoldi iteration 140... Time: 2.430
Numerical kernel 140... min 3.28427E-106 (of 0)... Time: 0.590
Arnoldi iteration 141... Time: 2.400
Numerical kernel 141... min 1.52598E-107 (of 0)... Time: 0.610
Arnoldi iteration 142... Time: 2.410
Numerical kernel 142... min 2.18518E-109 (of 1)... 
(-0.112105 - 7.29264E-117*$.1 -0.195193 - 0.670461*$.1 0.321630 - 0.0432690*$.1 -0.0446969 - 0.340185*$.1 -0.00893553 - 0.0354741*$.1 0.108998 - 0.208821*$.1 -0.264369 - 0.193784*$.1 0.0790404 - 0.233271*$.1 -0.103774 - 0.127694*$.1 0.00910765 - 0.127630*$.1 -0.0358928 - 0.0538925*$.1 -0.00511443 - 0.0495683*$.1 -0.0120552 - 0.0271812*$.1 -0.0103232 - 0.0223742*$.1 -0.00243848 - 0.0112268*$.1 -0.00391440 - 0.00673259*$.1 -0.00340289 - 0.00305533*$.1 -0.00109792 - 0.00298659*$.1 -0.00108094 - 0.00149409*$.1 -0.000208501 - 0.000674478*$.1 -0.000301860 - 0.000288293*$.1 -4.79794E-5 - 9.94294E-5*$.1 -6.48079E-5 - 5.70831E-5*$.1 -1.20662E-5 - 2.16278E-5*$.1 -7.48874E-6 - 1.01502E-5*$.1 -3.13418E-6 - 5.34269E-6*$.1 -1.15580E-6 - 1.96254E-6*$.1 -7.66970E-7 - 1.19338E-6*$.1 -2.73094E-7 - 3.01627E-7*$.1 -1.90096E-7 - 2.88235E-7*$.1 -2.90628E-8 - 3.17164E-8*$.1 -2.71754E-8 - 4.31297E-8*$.1 9.62714E-10 - 8.74562E-9*$.1 -7.16874E-9 - 1.04206E-8*$.1 -7.98277E-10 - 1.35529E-9*$.1 -1.28019E-9 - 1.61703E-9*$.1 -2.66778E-10 - 3.36620E-10*$.1 -1.40309E-10 - 2.26239E-10*$.1 -2.07397E-11 - 2.71962E-11*$.1 -1.80541E-11 - 3.11312E-11*$.1 -1.47991E-12 - 5.03696E-12*$.1 -2.69669E-12 - 4.50730E-12*$.1 -1.02185E-13 - 8.80034E-13*$.1 -3.08806E-13 - 3.76484E-13*$.1 -6.36285E-14 - 1.53531E-13*$.1 -4.66357E-14 - 5.66561E-14*$.1 -8.33522E-15 - 2.40428E-14*$.1 -5.84612E-15 - 1.00035E-14*$.1 -6.10440E-16 - 2.98169E-15*$.1 -7.66491E-16 - 1.39776E-15*$.1 -2.00446E-16 - 4.44648E-16*$.1 -7.69336E-17 - 1.18596E-16*$.1 -1.92928E-17 - 4.43302E-17*$.1 -5.90647E-18 - 8.01685E-18*$.1 -1.67167E-18 - 3.28534E-18*$.1 -3.44292E-19 - 8.15789E-19*$.1 -1.78854E-19 - 3.74657E-19*$.1 -4.30184E-20 - 9.27830E-20*$.1 -1.09441E-20 - 2.63645E-20*$.1 -1.93302E-21 - 7.88529E-21*$.1 -6.92114E-22 - 1.75969E-21*$.1 -6.96851E-23 - 3.23521E-22*$.1 -2.16476E-23 - 7.22671E-23*$.1 -5.39250E-24 - 1.65439E-23*$.1 -1.11426E-24 - 3.91419E-24*$.1 -3.47274E-25 - 1.10034E-24*$.1 -6.42422E-26 - 1.79135E-25*$.1 -1.81124E-26 - 6.13451E-26*$.1 -4.06880E-27 - 1.01789E-26*$.1 -7.68715E-28 - 2.33879E-27*$.1 -1.84025E-28 - 5.19397E-28*$.1 -1.69014E-29 - 7.51313E-29*$.1 -6.89447E-30 - 1.88033E-29*$.1 -1.10533E-30 - 3.18039E-30*$.1 -1.62486E-31 - 4.41750E-31*$.1 -2.46948E-32 - 6.11849E-32*$.1 -4.33736E-33 - 9.80494E-33*$.1 -7.14604E-34 - 2.08997E-33*$.1 -9.00200E-35 - 2.21392E-34*$.1 -3.66839E-35 - 9.08874E-35*$.1 -1.89771E-36 - 5.95577E-36*$.1 -5.71192E-37 - 1.60431E-36*$.1 -6.60616E-38 - 2.00805E-37*$.1 -1.26480E-38 - 2.90047E-38*$.1 -1.60239E-39 - 4.91528E-39*$.1 -2.70973E-40 - 7.44674E-40*$.1 -4.40816E-41 - 1.33890E-40*$.1 -3.68994E-42 - 1.18972E-41*$.1 -5.58883E-43 - 1.58426E-42*$.1 -4.04436E-44 - 1.59238E-43*$.1 -5.12512E-45 - 1.49380E-44*$.1 -5.17572E-46 - 1.96394E-45*$.1 -9.96851E-47 - 2.79233E-46*$.1 -1.74671E-47 - 5.00474E-47*$.1 -1.11236E-48 - 3.70231E-48*$.1 -1.13145E-49 - 3.31969E-49*$.1 -1.28080E-50 - 3.73213E-50*$.1 -1.02122E-51 - 2.62014E-51*$.1 -1.14731E-52 - 3.40446E-52*$.1 -1.70099E-53 - 3.64737E-53*$.1 -1.28564E-54 - 3.77219E-54*$.1 -7.26129E-56 - 1.91362E-55*$.1 -8.94925E-57 - 2.38965E-56*$.1 -4.80360E-58 - 1.24140E-57*$.1 -4.33440E-59 - 1.15732E-58*$.1 -1.47646E-60 - 4.28140E-60*$.1 -1.51177E-61 - 3.96636E-61*$.1 -7.37551E-63 - 2.35335E-62*$.1 -7.04002E-64 - 1.74218E-63*$.1 -4.31147E-65 - 1.26242E-64*$.1 -2.76345E-66 - 7.32546E-66*$.1 -1.91016E-67 - 5.58133E-67*$.1 -1.22806E-68 - 3.43121E-68*$.1 -5.33280E-70 - 1.46453E-69*$.1 -4.58202E-71 - 1.27227E-70*$.1 -2.65278E-72 - 6.65623E-72*$.1 -1.36297E-73 - 3.42187E-73*$.1 -7.21932E-75 - 1.82571E-74*$.1 -4.37207E-76 - 1.11251E-75*$.1 -2.75672E-77 - 6.78692E-77*$.1 -1.17945E-78 - 3.02242E-78*$.1 -5.19755E-80 - 1.36192E-79*$.1 -2.53703E-81 - 6.37834E-81*$.1 -9.96571E-83 - 2.58436E-82*$.1 -6.62402E-84 - 1.69846E-83*$.1 -2.21468E-85 - 5.12798E-85*$.1 -1.30081E-86 - 3.35823E-86*$.1 -4.00151E-88 - 8.58512E-88*$.1 -2.82356E-89 - 7.15690E-89*$.1 -1.02027E-90 - 2.45498E-90*$.1 -4.74977E-92 - 1.14045E-91*$.1 -2.78190E-93 - 6.45194E-93*$.1 -8.12648E-95 - 2.05169E-94*$.1 -4.08301E-96 - 9.49778E-96*$.1 -1.04755E-97 - 2.40864E-97*$.1 -4.14901E-99 - 9.69993E-99*$.1 -1.00695E-100 - 2.34514E-100*$.1 -3.20452E-102 - 7.24122E-102*$.1 -9.97185E-104 - 2.21686E-103*$.1 -1.74213E-105 - 3.86633E-105*$.1 -5.33871E-107 - 1.20418E-106*$.1)
Time: 0.830
escaped with cutoff 1.31722E-106...
Arnoldi iteration 2... Time: 1.470
Arnoldi iteration 3... Time: 2.040
Arnoldi iteration 4... Time: 2.040
Arnoldi iteration 5... Time: 2.040
Arnoldi iteration 6... Time: 2.030
Arnoldi iteration 7... Time: 2.040
Arnoldi iteration 8... Time: 2.050
Arnoldi iteration 9... Time: 2.040
Arnoldi iteration 10... Time: 2.060
Numerical kernel 10... min 0.00126854 (of 0)... Time: 0.000
Arnoldi iteration 11... Time: 2.050
Numerical kernel 11... min 0.000868334 (of 0)... Time: 0.000
Arnoldi iteration 12... Time: 2.060
Numerical kernel 12... min 0.00251337 (of 0)... Time: 0.000
Arnoldi iteration 13... Time: 2.050
Numerical kernel 13... min 0.000629490 (of 0)... Time: 0.010
Arnoldi iteration 14... Time: 2.040
Numerical kernel 14... min 0.00155070 (of 0)... Time: 0.010
Arnoldi iteration 15... Time: 2.060
Numerical kernel 15... min 0.000135579 (of 0)... Time: 0.000
Arnoldi iteration 16... Time: 2.060
Numerical kernel 16... min 0.000380197 (of 0)... Time: 0.000
Arnoldi iteration 17... Time: 2.070
Numerical kernel 17... min 6.61496E-5 (of 0)... Time: 0.010
Arnoldi iteration 18... Time: 2.070
Numerical kernel 18... min 0.000225351 (of 0)... Time: 0.010
Arnoldi iteration 19... Time: 2.070
Numerical kernel 19... min 7.80275E-5 (of 0)... Time: 0.010
Arnoldi iteration 20... Time: 2.090
Numerical kernel 20... min 0.000113506 (of 0)... Time: 0.000
Arnoldi iteration 21... Time: 2.110
Numerical kernel 21... min 1.57109E-5 (of 0)... Time: 0.000
Arnoldi iteration 22... Time: 2.100
Numerical kernel 22... min 6.72620E-6 (of 0)... Time: 0.010
Arnoldi iteration 23... Time: 2.080
Numerical kernel 23... min 5.50239E-6 (of 0)... Time: 0.010
Arnoldi iteration 24... Time: 2.090
Numerical kernel 24... min 1.06892E-6 (of 0)... Time: 0.010
Arnoldi iteration 25... Time: 2.090
Numerical kernel 25... min 6.39907E-7 (of 0)... Time: 0.010
Arnoldi iteration 26... Time: 2.090
Numerical kernel 26... min 8.82935E-7 (of 0)... Time: 0.010
Arnoldi iteration 27... Time: 2.080
Numerical kernel 27... min 2.40624E-7 (of 0)... Time: 0.000
Arnoldi iteration 28... Time: 2.100
Numerical kernel 28... min 7.69716E-8 (of 0)... Time: 0.010
Arnoldi iteration 29... Time: 2.090
Numerical kernel 29... min 9.77533E-9 (of 0)... Time: 0.010
Arnoldi iteration 30... Time: 2.100
Numerical kernel 30... min 2.57970E-8 (of 0)... Time: 0.010
Arnoldi iteration 31... Time: 2.110
Numerical kernel 31... min 1.89910E-9 (of 0)... Time: 0.020
Arnoldi iteration 32... Time: 2.090
Numerical kernel 32... min 3.76703E-9 (of 0)... Time: 0.020
Arnoldi iteration 33... Time: 2.110
Numerical kernel 33... min 6.61093E-10 (of 0)... Time: 0.010
Arnoldi iteration 34... Time: 2.110
Numerical kernel 34... min 6.94662E-10 (of 0)... Time: 0.010
Arnoldi iteration 35... Time: 2.120
Numerical kernel 35... min 2.25396E-10 (of 0)... Time: 0.020
Arnoldi iteration 36... Time: 2.110
Numerical kernel 36... min 1.30110E-10 (of 0)... Time: 0.020
Arnoldi iteration 37... Time: 2.110
Numerical kernel 37... min 4.98155E-11 (of 0)... Time: 0.020
Arnoldi iteration 38... Time: 2.110
Numerical kernel 38... min 2.95167E-11 (of 0)... Time: 0.020
Arnoldi iteration 39... Time: 2.120
Numerical kernel 39... min 6.31256E-12 (of 0)... Time: 0.020
Arnoldi iteration 40... Time: 2.110
Numerical kernel 40... min 3.64184E-12 (of 0)... Time: 0.020
Arnoldi iteration 41... Time: 2.120
Numerical kernel 41... min 8.33724E-13 (of 0)... Time: 0.020
Arnoldi iteration 42... Time: 2.120
Numerical kernel 42... min 3.11208E-13 (of 0)... Time: 0.020
Arnoldi iteration 43... Time: 2.120
Numerical kernel 43... min 9.28139E-14 (of 0)... Time: 0.030
Arnoldi iteration 44... Time: 2.120
Numerical kernel 44... min 3.37656E-14 (of 0)... Time: 0.030
Arnoldi iteration 45... Time: 2.130
Numerical kernel 45... min 3.00946E-14 (of 0)... Time: 0.030
Arnoldi iteration 46... Time: 2.130
Numerical kernel 46... min 5.50554E-15 (of 0)... Time: 0.030
Arnoldi iteration 47... Time: 2.130
Numerical kernel 47... min 3.72766E-15 (of 0)... Time: 0.030
Arnoldi iteration 48... Time: 2.130
Numerical kernel 48... min 9.55778E-16 (of 0)... Time: 0.030
Arnoldi iteration 49... Time: 2.150
Numerical kernel 49... min 5.42704E-16 (of 0)... Time: 0.030
Arnoldi iteration 50... Time: 2.150
Numerical kernel 50... min 2.06792E-16 (of 0)... Time: 0.040
Arnoldi iteration 51... Time: 2.150
Numerical kernel 51... min 1.62771E-17 (of 0)... Time: 0.040
Arnoldi iteration 52... Time: 2.140
Numerical kernel 52... min 1.91514E-17 (of 0)... Time: 0.040
Arnoldi iteration 53... Time: 2.150
Numerical kernel 53... min 4.56136E-18 (of 0)... Time: 0.040
Arnoldi iteration 54... Time: 2.160
Numerical kernel 54... min 1.73777E-18 (of 0)... Time: 0.040
Arnoldi iteration 55... Time: 2.170
Numerical kernel 55... min 4.01657E-19 (of 0)... Time: 0.040
Arnoldi iteration 56... Time: 2.160
Numerical kernel 56... min 1.45281E-19 (of 0)... Time: 0.050
Arnoldi iteration 57... Time: 2.160
Numerical kernel 57... min 5.16267E-20 (of 0)... Time: 0.050
Arnoldi iteration 58... Time: 2.170
Numerical kernel 58... min 1.17099E-20 (of 0)... Time: 0.050
Arnoldi iteration 59... Time: 2.160
Numerical kernel 59... min 3.93406E-21 (of 0)... Time: 0.050
Arnoldi iteration 60... Time: 2.190
Numerical kernel 60... min 1.89857E-22 (of 0)... Time: 0.060
Arnoldi iteration 61... Time: 2.190
Numerical kernel 61... min 1.36765E-22 (of 0)... Time: 0.060
Arnoldi iteration 62... Time: 2.200
Numerical kernel 62... min 1.67366E-23 (of 0)... Time: 0.060
Arnoldi iteration 63... Time: 2.200
Numerical kernel 63... min 3.79928E-24 (of 0)... Time: 0.060
Arnoldi iteration 64... Time: 2.200
Numerical kernel 64... min 2.87666E-24 (of 0)... Time: 0.070
Arnoldi iteration 65... Time: 2.220
Numerical kernel 65... min 2.31746E-25 (of 0)... Time: 0.070
Arnoldi iteration 66... Time: 2.210
Numerical kernel 66... min 1.28450E-25 (of 0)... Time: 0.080
Arnoldi iteration 67... Time: 2.240
Numerical kernel 67... min 7.60319E-27 (of 0)... Time: 0.080
Arnoldi iteration 68... Time: 2.230
Numerical kernel 68... min 3.29480E-27 (of 0)... Time: 0.080
Arnoldi iteration 69... Time: 2.240
Numerical kernel 69... min 1.77793E-27 (of 0)... Time: 0.090
Arnoldi iteration 70... Time: 2.230
Numerical kernel 70... min 8.79832E-29 (of 0)... Time: 0.090
Arnoldi iteration 71... Time: 2.230
Numerical kernel 71... min 6.61070E-29 (of 0)... Time: 0.090
Arnoldi iteration 72... Time: 2.230
Numerical kernel 72... min 9.20731E-30 (of 0)... Time: 0.100
Arnoldi iteration 73... Time: 2.250
Numerical kernel 73... min 1.03446E-30 (of 0)... Time: 0.100
Arnoldi iteration 74... Time: 2.250
Numerical kernel 74... min 5.90901E-32 (of 0)... Time: 0.100
Arnoldi iteration 75... Time: 2.250
Numerical kernel 75... min 8.08321E-32 (of 0)... Time: 0.100
Arnoldi iteration 76... Time: 2.250
Numerical kernel 76... min 1.14047E-32 (of 0)... Time: 0.100
Arnoldi iteration 77... Time: 2.280
Numerical kernel 77... min 1.10549E-33 (of 0)... Time: 0.110
Arnoldi iteration 78... Time: 2.260
Numerical kernel 78... min 1.39671E-34 (of 0)... Time: 0.120
Arnoldi iteration 79... Time: 2.250
Numerical kernel 79... min 1.78851E-35 (of 0)... Time: 0.120
Arnoldi iteration 80... Time: 2.250
Numerical kernel 80... min 7.50345E-36 (of 0)... Time: 0.120
Arnoldi iteration 81... Time: 2.260
Numerical kernel 81... min 3.85380E-37 (of 0)... Time: 0.130
Arnoldi iteration 82... Time: 2.250
Numerical kernel 82... min 3.95286E-38 (of 0)... Time: 0.140
Arnoldi iteration 83... Time: 2.250
Numerical kernel 83... min 1.80911E-38 (of 0)... Time: 0.140
Arnoldi iteration 84... Time: 2.270
Numerical kernel 84... min 1.07807E-39 (of 0)... Time: 0.140
Arnoldi iteration 85... Time: 2.290
Numerical kernel 85... min 4.94805E-40 (of 0)... Time: 0.150
Arnoldi iteration 86... Time: 2.260
Numerical kernel 86... min 6.45943E-41 (of 0)... Time: 0.150
Arnoldi iteration 87... Time: 2.260
Numerical kernel 87... min 3.52128E-42 (of 0)... Time: 0.160
Arnoldi iteration 88... Time: 2.270
Numerical kernel 88... min 2.97651E-42 (of 0)... Time: 0.160
Arnoldi iteration 89... Time: 2.270
Numerical kernel 89... min 1.69633E-43 (of 0)... Time: 0.160
Arnoldi iteration 90... Time: 2.280
Numerical kernel 90... min 7.77068E-45 (of 0)... Time: 0.170
Arnoldi iteration 91... Time: 2.280
Numerical kernel 91... min 2.65036E-45 (of 0)... Time: 0.180
Arnoldi iteration 92... Time: 2.280
Numerical kernel 92... min 1.74797E-46 (of 0)... Time: 0.180
Arnoldi iteration 93... Time: 2.280
Numerical kernel 93... min 1.21753E-47 (of 0)... Time: 0.180
Arnoldi iteration 94... Time: 2.290
Numerical kernel 94... min 4.46726E-48 (of 0)... Time: 0.190
Arnoldi iteration 95... Time: 2.280
Numerical kernel 95... min 7.19108E-49 (of 0)... Time: 0.210
Arnoldi iteration 96... Time: 2.270
Numerical kernel 96... min 2.10427E-50 (of 0)... Time: 0.200
Arnoldi iteration 97... Time: 2.300
Numerical kernel 97... min 5.24835E-51 (of 0)... Time: 0.220
Arnoldi iteration 98... Time: 2.330
Numerical kernel 98... min 2.39646E-52 (of 0)... Time: 0.220
Arnoldi iteration 99... Time: 2.310
Numerical kernel 99... min 2.27878E-53 (of 0)... Time: 0.230
Arnoldi iteration 100... Time: 2.300
Numerical kernel 100... min 3.52614E-54 (of 0)... Time: 0.230
Arnoldi iteration 101... Time: 2.320
Numerical kernel 101... min 3.44287E-55 (of 0)... Time: 0.230
Arnoldi iteration 102... Time: 2.320
Numerical kernel 102... min 2.53357E-56 (of 0)... Time: 0.250
Arnoldi iteration 103... Time: 2.320
Numerical kernel 103... min 2.69758E-57 (of 0)... Time: 0.250
Arnoldi iteration 104... Time: 2.340
Numerical kernel 104... min 8.51923E-59 (of 0)... Time: 0.250
Arnoldi iteration 105... Time: 2.320
Numerical kernel 105... min 1.04376E-59 (of 0)... Time: 0.280
Arnoldi iteration 106... Time: 2.310
Numerical kernel 106... min 4.46151E-61 (of 0)... Time: 0.270
Arnoldi iteration 107... Time: 2.330
Numerical kernel 107... min 2.45171E-62 (of 0)... Time: 0.280
Arnoldi iteration 108... Time: 2.330
Numerical kernel 108... min 1.88929E-63 (of 0)... Time: 0.280
Arnoldi iteration 109... Time: 2.320
Numerical kernel 109... min 1.29934E-64 (of 0)... Time: 0.300
Arnoldi iteration 110... Time: 2.310
Numerical kernel 110... min 2.26245E-65 (of 0)... Time: 0.310
Arnoldi iteration 111... Time: 2.320
Numerical kernel 111... min 8.92863E-67 (of 0)... Time: 0.310
Arnoldi iteration 112... Time: 2.330
Numerical kernel 112... min 3.77041E-68 (of 0)... Time: 0.320
Arnoldi iteration 113... Time: 2.330
Numerical kernel 113... min 2.86966E-69 (of 0)... Time: 0.320
Arnoldi iteration 114... Time: 2.350
Numerical kernel 114... min 1.46212E-70 (of 0)... Time: 0.330
Arnoldi iteration 115... Time: 2.340
Numerical kernel 115... min 5.46618E-72 (of 0)... Time: 0.340
Arnoldi iteration 116... Time: 2.350
Numerical kernel 116... min 4.64715E-73 (of 0)... Time: 0.340
Arnoldi iteration 117... Time: 2.360
Numerical kernel 117... min 4.56706E-74 (of 0)... Time: 0.360
Arnoldi iteration 118... Time: 2.360
Numerical kernel 118... min 1.17690E-75 (of 0)... Time: 0.360
Arnoldi iteration 119... Time: 2.360
Numerical kernel 119... min 9.87515E-77 (of 0)... Time: 0.370
Arnoldi iteration 120... Time: 2.360
Numerical kernel 120... min 7.21589E-78 (of 0)... Time: 0.380
Arnoldi iteration 121... Time: 2.370
Numerical kernel 121... min 3.58839E-79 (of 0)... Time: 0.430
Arnoldi iteration 122... Time: 2.520
Numerical kernel 122... min 1.47159E-80 (of 0)... Time: 0.410
Arnoldi iteration 123... Time: 2.370
Numerical kernel 123... min 1.29400E-81 (of 0)... Time: 0.410
Arnoldi iteration 124... Time: 2.390
Numerical kernel 124... min 2.49175E-83 (of 0)... Time: 0.410
Arnoldi iteration 125... Time: 2.390
Numerical kernel 125... min 2.05575E-84 (of 0)... Time: 0.430
Arnoldi iteration 126... Time: 2.370
Numerical kernel 126... min 3.97063E-86 (of 0)... Time: 0.440
Arnoldi iteration 127... Time: 2.380
Numerical kernel 127... min 6.42009E-87 (of 0)... Time: 0.450
Arnoldi iteration 128... Time: 2.390
Numerical kernel 128... min 6.14388E-89 (of 0)... Time: 0.470
Arnoldi iteration 129... Time: 2.400
Numerical kernel 129... min 3.93280E-90 (of 0)... Time: 0.480
Arnoldi iteration 130... Time: 2.400
Numerical kernel 130... min 1.43608E-91 (of 0)... Time: 0.480
Arnoldi iteration 131... Time: 2.380
Numerical kernel 131... min 1.20560E-92 (of 0)... Time: 0.490
Arnoldi iteration 132... Time: 2.330
Numerical kernel 132... min 2.58977E-94 (of 0)... Time: 0.470
Arnoldi iteration 133... Time: 2.340
Numerical kernel 133... min 2.54858E-95 (of 0)... Time: 0.490
Arnoldi iteration 134... Time: 2.330
Numerical kernel 134... min 8.61525E-97 (of 0)... Time: 0.490
Arnoldi iteration 135... Time: 2.370
Numerical kernel 135... min 1.99022E-98 (of 0)... Time: 0.530
Arnoldi iteration 136... Time: 2.340
Numerical kernel 136... min 1.39129E-99 (of 0)... Time: 0.520
Arnoldi iteration 137... Time: 2.360
Numerical kernel 137... min 8.99269E-102 (of 0)... Time: 0.540
Arnoldi iteration 138... Time: 2.360
Numerical kernel 138... min 7.51510E-103 (of 0)... Time: 0.550
Arnoldi iteration 139... Time: 2.350
Numerical kernel 139... min 1.89280E-104 (of 0)... Time: 0.550
Arnoldi iteration 140... Time: 2.350
Numerical kernel 140... min 2.47664E-106 (of 0)... Time: 0.570
Arnoldi iteration 141... Time: 2.360
Numerical kernel 141... min 1.61734E-107 (of 0)... Time: 0.580
Arnoldi iteration 142... Time: 2.350
Numerical kernel 142... min 1.29020E-109 (of 1)... 
(-0.113446 + 3.21529E-116*$.1 -0.209095 - 0.665343*$.1 0.321269 - 0.0501735*$.1 -0.0585398 - 0.336885*$.1 -0.00901757 - 0.0361863*$.1 0.104882 - 0.212477*$.1 -0.266180 - 0.182926*$.1 0.0724196 - 0.243127*$.1 -0.105754 - 0.124848*$.1 0.00520869 - 0.128958*$.1 -0.0369576 - 0.0537342*$.1 -0.00621811 - 0.0495668*$.1 -0.0126726 - 0.0266350*$.1 -0.0107955 - 0.0220010*$.1 -0.00265945 - 0.0111003*$.1 -0.00397701 - 0.00660323*$.1 -0.00340666 - 0.00297916*$.1 -0.00116806 - 0.00293120*$.1 -0.00108564 - 0.00146683*$.1 -0.000230200 - 0.000671758*$.1 -0.000305615 - 0.000277183*$.1 -4.77362E-5 - 9.50292E-5*$.1 -6.43657E-5 - 5.51255E-5*$.1 -1.25786E-5 - 2.17202E-5*$.1 -7.43253E-6 - 1.00369E-5*$.1 -3.33818E-6 - 5.25491E-6*$.1 -1.17463E-6 - 1.93458E-6*$.1 -8.01305E-7 - 1.20612E-6*$.1 -2.97699E-7 - 3.20116E-7*$.1 -2.00670E-7 - 2.85804E-7*$.1 -3.17427E-8 - 3.53681E-8*$.1 -2.91722E-8 - 4.30453E-8*$.1 -7.50065E-10 - 8.47868E-9*$.1 -7.75613E-9 - 1.08951E-8*$.1 -9.18564E-10 - 1.19227E-9*$.1 -1.28110E-9 - 1.57036E-9*$.1 -2.72076E-10 - 3.29588E-10*$.1 -1.48340E-10 - 2.26182E-10*$.1 -2.29362E-11 - 2.74541E-11*$.1 -1.96833E-11 - 3.13485E-11*$.1 -1.27426E-12 - 4.71546E-12*$.1 -2.74037E-12 - 4.30170E-12*$.1 -8.85253E-14 - 8.32188E-13*$.1 -2.74428E-13 - 3.38782E-13*$.1 -6.98884E-14 - 1.49941E-13*$.1 -4.83878E-14 - 5.50402E-14*$.1 -9.34627E-15 - 2.56147E-14*$.1 -5.96771E-15 - 9.65352E-15*$.1 -7.71628E-16 - 2.99051E-15*$.1 -7.80463E-16 - 1.38246E-15*$.1 -2.17750E-16 - 4.21509E-16*$.1 -8.03659E-17 - 1.12447E-16*$.1 -2.06307E-17 - 4.37823E-17*$.1 -6.23488E-18 - 7.65658E-18*$.1 -1.66474E-18 - 3.13052E-18*$.1 -3.23131E-19 - 8.19947E-19*$.1 -1.96075E-19 - 3.64243E-19*$.1 -4.41129E-20 - 9.26166E-20*$.1 -1.13196E-20 - 2.48222E-20*$.1 -2.04989E-21 - 7.40151E-21*$.1 -7.74285E-22 - 1.79521E-21*$.1 -7.08283E-23 - 3.03265E-22*$.1 -2.54814E-23 - 7.41326E-23*$.1 -5.57251E-24 - 1.63260E-23*$.1 -1.28890E-24 - 4.04791E-24*$.1 -3.50610E-25 - 1.05063E-24*$.1 -7.47932E-26 - 1.82429E-25*$.1 -1.81362E-26 - 5.88054E-26*$.1 -4.33400E-27 - 9.73696E-27*$.1 -7.73171E-28 - 2.17224E-27*$.1 -2.09778E-28 - 5.32669E-28*$.1 -1.80284E-29 - 7.40790E-29*$.1 -6.93413E-30 - 1.78169E-29*$.1 -1.15890E-30 - 3.08302E-30*$.1 -1.66032E-31 - 4.30057E-31*$.1 -2.62044E-32 - 6.02243E-32*$.1 -4.61509E-33 - 9.64051E-33*$.1 -7.67931E-34 - 2.05681E-33*$.1 -9.36471E-35 - 2.17620E-34*$.1 -3.87648E-35 - 8.87839E-35*$.1 -2.02472E-36 - 5.76844E-36*$.1 -5.55382E-37 - 1.47139E-36*$.1 -6.95752E-38 - 1.91136E-37*$.1 -1.25452E-38 - 2.71049E-38*$.1 -1.82848E-39 - 5.09158E-39*$.1 -2.76680E-40 - 6.70144E-40*$.1 -4.71861E-41 - 1.34687E-40*$.1 -4.02057E-42 - 1.17729E-41*$.1 -5.79932E-43 - 1.55337E-42*$.1 -4.84391E-44 - 1.74029E-43*$.1 -5.23467E-45 - 1.46948E-44*$.1 -5.88475E-46 - 1.86928E-45*$.1 -1.07298E-46 - 2.68014E-46*$.1 -1.88682E-47 - 5.02344E-47*$.1 -1.06966E-48 - 3.36846E-48*$.1 -1.35389E-49 - 3.64190E-49*$.1 -1.25934E-50 - 3.45459E-50*$.1 -1.07683E-51 - 2.57713E-51*$.1 -1.17258E-52 - 3.21649E-52*$.1 -1.78903E-53 - 3.63573E-53*$.1 -1.35841E-54 - 3.67736E-54*$.1 -7.46776E-56 - 1.80649E-55*$.1 -9.26842E-57 - 2.30027E-56*$.1 -4.98825E-58 - 1.19734E-57*$.1 -4.53862E-59 - 1.12237E-58*$.1 -1.56731E-60 - 4.15258E-60*$.1 -1.56661E-61 - 3.81452E-61*$.1 -7.80702E-63 - 2.30152E-62*$.1 -7.14757E-64 - 1.63747E-63*$.1 -4.57433E-65 - 1.23766E-64*$.1 -2.89787E-66 - 7.17294E-66*$.1 -2.00723E-67 - 5.40420E-67*$.1 -1.30591E-68 - 3.38287E-68*$.1 -5.56741E-70 - 1.40940E-69*$.1 -4.85210E-71 - 1.24666E-70*$.1 -2.78732E-72 - 6.53656E-72*$.1 -1.43040E-73 - 3.33101E-73*$.1 -7.39305E-75 - 1.75061E-74*$.1 -4.46488E-76 - 1.06495E-75*$.1 -2.86425E-77 - 6.57579E-77*$.1 -1.23471E-78 - 2.95031E-78*$.1 -5.27686E-80 - 1.28796E-79*$.1 -2.63055E-81 - 6.17319E-81*$.1 -1.04096E-82 - 2.51849E-82*$.1 -6.87928E-84 - 1.64539E-83*$.1 -2.26753E-85 - 4.90094E-85*$.1 -1.39394E-86 - 3.33870E-86*$.1 -4.02062E-88 - 8.09802E-88*$.1 -2.94196E-89 - 6.95896E-89*$.1 -1.07468E-90 - 2.42092E-90*$.1 -4.75637E-92 - 1.07153E-91*$.1 -2.92680E-93 - 6.36713E-93*$.1 -8.44883E-95 - 1.99310E-94*$.1 -4.08769E-96 - 8.88723E-96*$.1 -1.09346E-97 - 2.36913E-97*$.1 -4.19291E-99 - 9.17999E-99*$.1 -1.04416E-100 - 2.28164E-100*$.1 -3.21136E-102 - 6.80673E-102*$.1 -1.02320E-103 - 2.13632E-103*$.1 -1.72963E-105 - 3.60291E-105*$.1 -5.54511E-107 - 1.17959E-106*$.1)
Time: 0.830
escaped with cutoff 1.30342E-106...
Echelonize: 
[-84049.15306208260313704186223871001939067744133497212218607161119814853391464043011181462495402854105300859030470249 - 94533.97278383639544659505089146726998722941419020225281939010468129206769485930239569491016277660181021617545914386*I 83255.82777392155209097406645552020100610087111140441307543861523352546273931141916051250037948624982448660841671226 + 94998.56788843866793242378233111162742370141113610674609824225580862617916289494886216294267704950696792346757213576*I]
[543.0487987228273189626941441883296378858123829753590916949793376996307966055221747260901071559152694349265496279243 - 45342.80379648358398336612787353790416351250210361931755565818689917868298264279026472667217364115262496780155521596*I -930.3337818666390630452676453447951027944518261550147038556783786376263325774938708386850680214242290605097776009813 + 45258.78573049146044271356076626076496520101008564574399948931355500470903445848082330538167012159566516746294866058*I]
cgh = 1.00000, chg = -2.99267 + 2.40938*$.1
1 1 4 0.000000
1 2 0 -3.30996E-115
1 3 2 2.22514E-114 - 2.11918E-115*$.1
1 4 4 0.000000
1 5 0 5.31456E-116
1 6 4 0.000000
1 7 0 5.31456E-116
1 8 0 1.52768E-115 + 2.03690E-115*$.1
1 9 0 -2.65728E-116
1 10 2 1.15193E-114 - 5.52925E-115*$.1
1 11 0 3.05535E-115
1 12 4 0.000000
1 13 0 1.52768E-115 + 2.03690E-115*$.1
1 14 2 -4.83763E-115 - 6.11070E-115*$.1
1 15 0 -1.58939E-114 + 1.05959E-114*$.1
1 16 0 -9.53632E-115 + 1.20087E-114*$.1
1 17 0 1.32864E-115
2 1 0 0.619002 + 0.176208*$.1
2 2 0 0.585787 - 0.266585*$.1
2 3 0 0.585787 + 0.266585*$.1
2 4 0 0.512368 + 0.389477*$.1
2 5 0 -0.266585 + 0.585787*$.1
2 5 1 -0.266585 + 0.585787*$.1
2 5 2 -0.266585 + 0.585787*$.1
2 6 0 0.643594 + 3.61815E-116*$.1
2 7 0 -7.28285E-116 + 0.643594*$.1
2 8 0 0.176208 - 0.619002*$.1
2 8 1 0.176208 - 0.619002*$.1
2 8 2 0.176208 - 0.619002*$.1
2 9 0 -0.585787 - 0.266585*$.1
2 10 0 0.512368 + 0.389477*$.1
2 11 0 0.643594 + 3.51338E-117*$.1
2 12 0 0.585787 + 0.266585*$.1
2 13 0 -0.176208 + 0.619002*$.1
2 13 1 -0.176208 + 0.619002*$.1
2 13 2 -0.176208 + 0.619002*$.1
2 14 0 0.512368 + 0.389477*$.1
2 15 0 0.266585 - 0.585787*$.1
2 16 0 0.585787 + 0.266585*$.1
2 17 0 0.266585 - 0.585787*$.1
3 1 0 -0.602718 + 0.225709*$.1
3 2 0 0.225709 + 0.602718*$.1
3 3 0 -0.455090 + 0.455090*$.1
3 4 0 -0.602718 + 0.225709*$.1
3 5 0 0.0868974 + 0.637701*$.1
3 6 0 0.455090 + 0.455090*$.1
3 6 1 0.455090 + 0.455090*$.1
3 6 2 0.455090 + 0.455090*$.1
3 7 0 -0.562299 + 0.313103*$.1
3 8 0 -0.455090 + 0.455090*$.1
3 9 0 -0.602718 + 0.225709*$.1
3 10 0 -0.602718 + 0.225709*$.1
3 11 0 0.225709 - 0.602718*$.1
3 12 0 -0.313103 - 0.562299*$.1
3 13 0 -0.562299 + 0.313103*$.1
3 14 0 -0.602718 + 0.225709*$.1
3 15 0 0.602718 - 0.225709*$.1
3 16 0 0.313103 - 0.562299*$.1
3 17 0 -0.455090 - 0.455090*$.1
1 1 [ 0.0000000000000000000000000000000000000000000000000000000000000000000000000000000000000000000000000000000000000000000, -1.000872355194002147557337641371647256907250027158571965611787516646412627296501169740267253147841357909390403347222 + 0.4654528404300765668702767541960557209374422910016835453878813671807170559452551268960492245420949307654375635383001*I, -0.05280323889829597245895272145536393535268876874058404012820731454464334001248117478709946335338783424311902444075522 - 1.138404042570359445272119457222302610433712528669818184101874880887506242093073708398120570221269360520163148261061*I ]
1 2 [ -0.7651834071084372017291495253270757455523932562707634534155038562188102553598243660191685871756443541808527397028814 - 0.4271307723855549325358295649587852724790869662460819518317801850223438264666160660085382461007069545513370891882466*I ]
1 3 [ -0.5975396680583998394182261904725586909758466907575284660011820524076267770238342268034113523803650307716067889789654 + 0.1896340952319601642299762739892740583663925258197509302487665239700893163144207263426005291333182720513091057957144*I, 0.09147538589565508938441743392953374558070174841547032235133610338223537864810451235278256311249685002033469579030524 - 0.5758782233706075000619696653292625308384545563565133190573245285959729118505105300728521808982811690948861972969515*I, -0.1885424187146082157393389090566824262089609675807077886472082206541839094095677720986122633207730956503524143491749 - 0.5229852748904295184060283158155394180927025829888805183404767813244819733297287594711142775161095865687499958345756*I ]
2 1 [ 0.6953421409620554175662473693357099504852585443408134347491950710782642766611478132716959457703616612049189236059950 + 0.8710924164617227786475463410952162076819336981881215738980869965893110653005427655001899035382391032596767015113735*I, -0.6527165265153050661523386465946589986811652126326248423320432404236600779987269467010860505930974392684112990171777 + 0.01185515025807110240292314422269027650398036447694337566479942013945302126660782742918304738480361194790791688673873*I, -0.04864241098344337605911388018126062003634175373563256670353778504001360198557179160834483300595383773703990874395063 - 0.5470173127235276488038594706598037945534298792451798987882359029504867484622040184551198011583977261305804679164236*I ]
2 2 [ -0.7373735514947606857803281484942098764019083791796860240314864614031726885326161440873150468655847864863240270662957 - 0.7364909066824335947250430250276437937012200013442627637358774829807963578089085831331170004821181867986359936577843*I ]
2 3 [ 0.2390169963365742089122024094613754159894755026081351138329893361741688354685336136395434480734479316830632865802808 - 0.8878237532064208183418472351000915551020075479340957206149607987777353416771653605944399660917737922655964512834219*I, -0.7472147045895953697638359742640947780855118215744250583842433410726868116564759040222600498491133792819758593870637 + 0.4570102921411004108824532128992928627705353550135793559976303541064623163405263666841944270298178379264985530969303*I, -1.324681685758347753576699848355275130998594328560173990979205846333894038581237539140855572057469257791591922631498 + 0.2861968136922302647800055054045061292635764470047729921543823480256128079004510846006018037209420317010917765792366*I ]
3 1 [ 0.2596759348125479337377568784843826027956429525223333792595800198854291810341698651140191665739361353474835764742181 - 0.6364427096265302059863005162905038417196029986934259626920494804631750324309499777648899636683351125124285001431570*I, -1.489012125023638968405133918876700833816306863544539290901306285621277092097866949963891716042474375947874693887760 - 0.2529811801429143006247560312503620051349124060599805338756687678184677499974975532139158685612518563391598356792370*I, -0.5732873156227797769854504958656994863648430667275106008668364677215843012995321166208710052601231371256189644588435 + 0.3610220957107108069779068174603626050167576088180074381830624393170161011548929894224750250396410100405959271195938*I, -0.3557574173737191217408149539735459353450451758295568034198848913974252759223066772717109209929883637010776119535033 - 0.4929506513334683686193498755058692361022299605199075548710719496519903080149481932390858027200247997787423798986906*I ]
3 2 [ 0.2465133316250832567508058564945390160392523952347621089765420200343866235444886734198102063656527121203653080527213 + 0.2553996559732193304620039192505594009410904153772744103774936793653184571369177986792734894691067992035327927765174*I ]
deg(phi_0) = deg(phi_1) = deg(phi_oo)

1.867315528298930829131928428357337261715094535420636384683632889180247918938853228510131179027971179278686675061795E-95 11
Calling TrianglePhiGenusZeroEquations with RamInfinity := []
Defining ideal: Ideal of Polynomial ring of rank 19 over Rational Field
Order: Lexicographical
Variables: a[1], a[2], a[3], a[4], a[5], a[6], a[7], a[8], a[9], a[10], a[11], a[12], a[13], a[14], a[15], a[16], a[17], a[18], a[19]
Basis:
[
-a[1]*a[3]*a[4]*a[14] - 4*a[1]*a[3]*a[4]*a[15]*a[18] + a[1]*a[3]*a[5]*a[14]*a[18] + 2*a[1]*a[4]*a[14]*a[18] + 4*a[2]*a[3]*a[4]*a[14]*a[18],
a[4] - a[5],
-a[7]^4*a[10]^2*a[11]*a[19] + a[7]^4*a[10]^2*a[11] - a[14]^4*a[18],
-a[7]^4*a[10]^2*a[12]*a[19] + a[7]^4*a[10]^2*a[12] - 2*a[7]^4*a[10]*a[11]*a[19] + 2*a[7]^4*a[10]*a[11] - 4*a[7]^3*a[8]*a[10]^2*a[11]*a[19] + 4*a[7]^3*a[8]*a[10]^2*a[11] - a[14]^4 - 4*a[14]^3*a[15]*a[18],
-a[7]^4*a[10]^2*a[13]*a[19] + a[7]^4*a[10]^2*a[13] - 2*a[7]^4*a[10]*a[12]*a[19] + 2*a[7]^4*a[10]*a[12] - a[7]^4*a[11]*a[19] + a[7]^4*a[11] - 4*a[7]^3*a[8]*a[10]^2*a[12]*a[19] + 4*a[7]^3*a[8]*a[10]^2*a[12] - 8*a[7]^3*a[8]*a[10]*a[11]*a[19] + 8*a[7]^3*a[8]*a[10]*a[11] - 4*a[7]^3*a[9]*a[10]^2*a[11]*a[19] + 4*a[7]^3*a[9]*a[10]^2*a[11] - 6*a[7]^2*a[8]^2*a[10]^2*a[11]*a[19] + 6*a[7]^2*a[8]^2*a[10]^2*a[11] - 4*a[14]^3*a[15] - 4*a[14]^3*a[16]*a[18] - 6*a[14]^2*a[15]^2*a[18],
-a[7]^4*a[10]^2*a[19] + a[7]^4*a[10]^2 - 2*a[7]^4*a[10]*a[13]*a[19] + 2*a[7]^4*a[10]*a[13] - a[7]^4*a[12]*a[19] + a[7]^4*a[12] - 4*a[7]^3*a[8]*a[10]^2*a[13]*a[19] + 4*a[7]^3*a[8]*a[10]^2*a[13] - 8*a[7]^3*a[8]*a[10]*a[12]*a[19] + 8*a[7]^3*a[8]*a[10]*a[12] - 4*a[7]^3*a[8]*a[11]*a[19] + 4*a[7]^3*a[8]*a[11] - 4*a[7]^3*a[9]*a[10]^2*a[12]*a[19] + 4*a[7]^3*a[9]*a[10]^2*a[12] - 8*a[7]^3*a[9]*a[10]*a[11]*a[19] + 8*a[7]^3*a[9]*a[10]*a[11] - 4*a[7]^3*a[10]^2*a[11]*a[19] + 4*a[7]^3*a[10]^2*a[11] - 6*a[7]^2*a[8]^2*a[10]^2*a[12]*a[19] + 6*a[7]^2*a[8]^2*a[10]^2*a[12] - 12*a[7]^2*a[8]^2*a[10]*a[11]*a[19] + 12*a[7]^2*a[8]^2*a[10]*a[11] - 12*a[7]^2*a[8]*a[9]*a[10]^2*a[11]*a[19] + 12*a[7]^2*a[8]*a[9]*a[10]^2*a[11] - 4*a[7]*a[8]^3*a[10]^2*a[11]*a[19] + 4*a[7]*a[8]^3*a[10]^2*a[11] - 4*a[14]^3*a[16] - 4*a[14]^3*a[17]*a[18] - 6*a[14]^2*a[15]^2 - 12*a[14]^2*a[15]*a[16]*a[18] - 4*a[14]*a[15]^3*a[18],
a[1]^4*a[3]^2*a[4]*a[19] - 2*a[7]^4*a[10]*a[19] + 2*a[7]^4*a[10] - a[7]^4*a[13]*a[19] + a[7]^4*a[13] - 4*a[7]^3*a[8]*a[10]^2*a[19] + 4*a[7]^3*a[8]*a[10]^2 - 8*a[7]^3*a[8]*a[10]*a[13]*a[19] + 8*a[7]^3*a[8]*a[10]*a[13] - 4*a[7]^3*a[8]*a[12]*a[19] + 4*a[7]^3*a[8]*a[12] - 4*a[7]^3*a[9]*a[10]^2*a[13]*a[19] + 4*a[7]^3*a[9]*a[10]^2*a[13] - 8*a[7]^3*a[9]*a[10]*a[12]*a[19] + 8*a[7]^3*a[9]*a[10]*a[12] - 4*a[7]^3*a[9]*a[11]*a[19] + 4*a[7]^3*a[9]*a[11] - 4*a[7]^3*a[10]^2*a[12]*a[19] + 4*a[7]^3*a[10]^2*a[12] - 8*a[7]^3*a[10]*a[11]*a[19] + 8*a[7]^3*a[10]*a[11] - 6*a[7]^2*a[8]^2*a[10]^2*a[13]*a[19] + 6*a[7]^2*a[8]^2*a[10]^2*a[13] - 12*a[7]^2*a[8]^2*a[10]*a[12]*a[19] + 12*a[7]^2*a[8]^2*a[10]*a[12] - 6*a[7]^2*a[8]^2*a[11]*a[19] + 6*a[7]^2*a[8]^2*a[11] - 12*a[7]^2*a[8]*a[9]*a[10]^2*a[12]*a[19] + 12*a[7]^2*a[8]*a[9]*a[10]^2*a[12] - 24*a[7]^2*a[8]*a[9]*a[10]*a[11]*a[19] + 24*a[7]^2*a[8]*a[9]*a[10]*a[11] - 12*a[7]^2*a[8]*a[10]^2*a[11]*a[19] + 12*a[7]^2*a[8]*a[10]^2*a[11] - 6*a[7]^2*a[9]^2*a[10]^2*a[11]*a[19] + 6*a[7]^2*a[9]^2*a[10]^2*a[11] - 4*a[7]*a[8]^3*a[10]^2*a[12]*a[19] + 4*a[7]*a[8]^3*a[10]^2*a[12] - 8*a[7]*a[8]^3*a[10]*a[11]*a[19] + 8*a[7]*a[8]^3*a[10]*a[11] - 12*a[7]*a[8]^2*a[9]*a[10]^2*a[11]*a[19] + 12*a[7]*a[8]^2*a[9]*a[10]^2*a[11] - a[8]^4*a[10]^2*a[11]*a[19] + a[8]^4*a[10]^2*a[11] - 4*a[14]^3*a[17] - 4*a[14]^3*a[18] - 12*a[14]^2*a[15]*a[16] - 12*a[14]^2*a[15]*a[17]*a[18] - 6*a[14]^2*a[16]^2*a[18] - 4*a[14]*a[15]^3 - 12*a[14]*a[15]^2*a[16]*a[18] - a[15]^4*a[18],
a[1]^4*a[3]^2*a[5]*a[19] + 2*a[1]^4*a[3]*a[4]*a[19] + 4*a[1]^3*a[2]*a[3]^2*a[4]*a[19] - a[7]^4*a[19] + a[7]^4 - 8*a[7]^3*a[8]*a[10]*a[19] + 8*a[7]^3*a[8]*a[10] - 4*a[7]^3*a[8]*a[13]*a[19] + 4*a[7]^3*a[8]*a[13] - 4*a[7]^3*a[9]*a[10]^2*a[19] + 4*a[7]^3*a[9]*a[10]^2 - 8*a[7]^3*a[9]*a[10]*a[13]*a[19] + 8*a[7]^3*a[9]*a[10]*a[13] - 4*a[7]^3*a[9]*a[12]*a[19] + 4*a[7]^3*a[9]*a[12] - 4*a[7]^3*a[10]^2*a[13]*a[19] + 4*a[7]^3*a[10]^2*a[13] - 8*a[7]^3*a[10]*a[12]*a[19] + 8*a[7]^3*a[10]*a[12] - 4*a[7]^3*a[11]*a[19] + 4*a[7]^3*a[11] - 6*a[7]^2*a[8]^2*a[10]^2*a[19] + 6*a[7]^2*a[8]^2*a[10]^2 - 12*a[7]^2*a[8]^2*a[10]*a[13]*a[19] + 12*a[7]^2*a[8]^2*a[10]*a[13] - 6*a[7]^2*a[8]^2*a[12]*a[19] + 6*a[7]^2*a[8]^2*a[12] - 12*a[7]^2*a[8]*a[9]*a[10]^2*a[13]*a[19] + 12*a[7]^2*a[8]*a[9]*a[10]^2*a[13] - 24*a[7]^2*a[8]*a[9]*a[10]*a[12]*a[19] + 24*a[7]^2*a[8]*a[9]*a[10]*a[12] - 12*a[7]^2*a[8]*a[9]*a[11]*a[19] + 12*a[7]^2*a[8]*a[9]*a[11] - 12*a[7]^2*a[8]*a[10]^2*a[12]*a[19] + 12*a[7]^2*a[8]*a[10]^2*a[12] - 24*a[7]^2*a[8]*a[10]*a[11]*a[19] + 24*a[7]^2*a[8]*a[10]*a[11] - 6*a[7]^2*a[9]^2*a[10]^2*a[12]*a[19] + 6*a[7]^2*a[9]^2*a[10]^2*a[12] - 12*a[7]^2*a[9]^2*a[10]*a[11]*a[19] + 12*a[7]^2*a[9]^2*a[10]*a[11] - 12*a[7]^2*a[9]*a[10]^2*a[11]*a[19] + 12*a[7]^2*a[9]*a[10]^2*a[11] - 4*a[7]*a[8]^3*a[10]^2*a[13]*a[19] + 4*a[7]*a[8]^3*a[10]^2*a[13] - 8*a[7]*a[8]^3*a[10]*a[12]*a[19] + 8*a[7]*a[8]^3*a[10]*a[12] - 4*a[7]*a[8]^3*a[11]*a[19] + 4*a[7]*a[8]^3*a[11] - 12*a[7]*a[8]^2*a[9]*a[10]^2*a[12]*a[19] + 12*a[7]*a[8]^2*a[9]*a[10]^2*a[12] - 24*a[7]*a[8]^2*a[9]*a[10]*a[11]*a[19] + 24*a[7]*a[8]^2*a[9]*a[10]*a[11] - 12*a[7]*a[8]^2*a[10]^2*a[11]*a[19] + 12*a[7]*a[8]^2*a[10]^2*a[11] - 12*a[7]*a[8]*a[9]^2*a[10]^2*a[11]*a[19] + 12*a[7]*a[8]*a[9]^2*a[10]^2*a[11] - a[8]^4*a[10]^2*a[12]*a[19] + a[8]^4*a[10]^2*a[12] - 2*a[8]^4*a[10]*a[11]*a[19] + 2*a[8]^4*a[10]*a[11] - 4*a[8]^3*a[9]*a[10]^2*a[11]*a[19] + 4*a[8]^3*a[9]*a[10]^2*a[11] - 4*a[14]^3 - 12*a[14]^2*a[15]*a[17] - 12*a[14]^2*a[15]*a[18] - 6*a[14]^2*a[16]^2 - 12*a[14]^2*a[16]*a[17]*a[18] - 12*a[14]*a[15]^2*a[16] - 12*a[14]*a[15]^2*a[17]*a[18] - 12*a[14]*a[15]*a[16]^2*a[18] - a[15]^4 - 4*a[15]^3*a[16]*a[18],
a[1]^4*a[3]^2*a[6]*a[19] + 2*a[1]^4*a[3]*a[5]*a[19] + a[1]^4*a[4]*a[19] + 4*a[1]^3*a[2]*a[3]^2*a[5]*a[19] + 8*a[1]^3*a[2]*a[3]*a[4]*a[19] + 4*a[1]^3*a[3]^2*a[4]*a[19] + 6*a[1]^2*a[2]^2*a[3]^2*a[4]*a[19] - 4*a[7]^3*a[8]*a[19] + 4*a[7]^3*a[8] - 8*a[7]^3*a[9]*a[10]*a[19] + 8*a[7]^3*a[9]*a[10] - 4*a[7]^3*a[9]*a[13]*a[19] + 4*a[7]^3*a[9]*a[13] - 4*a[7]^3*a[10]^2*a[19] + 4*a[7]^3*a[10]^2 - 8*a[7]^3*a[10]*a[13]*a[19] + 8*a[7]^3*a[10]*a[13] - 4*a[7]^3*a[12]*a[19] + 4*a[7]^3*a[12] - 12*a[7]^2*a[8]^2*a[10]*a[19] + 12*a[7]^2*a[8]^2*a[10] - 6*a[7]^2*a[8]^2*a[13]*a[19] + 6*a[7]^2*a[8]^2*a[13] - 12*a[7]^2*a[8]*a[9]*a[10]^2*a[19] + 12*a[7]^2*a[8]*a[9]*a[10]^2 - 24*a[7]^2*a[8]*a[9]*a[10]*a[13]*a[19] + 24*a[7]^2*a[8]*a[9]*a[10]*a[13] - 12*a[7]^2*a[8]*a[9]*a[12]*a[19] + 12*a[7]^2*a[8]*a[9]*a[12] - 12*a[7]^2*a[8]*a[10]^2*a[13]*a[19] + 12*a[7]^2*a[8]*a[10]^2*a[13] - 24*a[7]^2*a[8]*a[10]*a[12]*a[19] + 24*a[7]^2*a[8]*a[10]*a[12] - 12*a[7]^2*a[8]*a[11]*a[19] + 12*a[7]^2*a[8]*a[11] - 6*a[7]^2*a[9]^2*a[10]^2*a[13]*a[19] + 6*a[7]^2*a[9]^2*a[10]^2*a[13] - 12*a[7]^2*a[9]^2*a[10]*a[12]*a[19] + 12*a[7]^2*a[9]^2*a[10]*a[12] - 6*a[7]^2*a[9]^2*a[11]*a[19] + 6*a[7]^2*a[9]^2*a[11] - 12*a[7]^2*a[9]*a[10]^2*a[12]*a[19] + 12*a[7]^2*a[9]*a[10]^2*a[12] - 24*a[7]^2*a[9]*a[10]*a[11]*a[19] + 24*a[7]^2*a[9]*a[10]*a[11] - 6*a[7]^2*a[10]^2*a[11]*a[19] + 6*a[7]^2*a[10]^2*a[11] - 4*a[7]*a[8]^3*a[10]^2*a[19] + 4*a[7]*a[8]^3*a[10]^2 - 8*a[7]*a[8]^3*a[10]*a[13]*a[19] + 8*a[7]*a[8]^3*a[10]*a[13] - 4*a[7]*a[8]^3*a[12]*a[19] + 4*a[7]*a[8]^3*a[12] - 12*a[7]*a[8]^2*a[9]*a[10]^2*a[13]*a[19] + 12*a[7]*a[8]^2*a[9]*a[10]^2*a[13] - 24*a[7]*a[8]^2*a[9]*a[10]*a[12]*a[19] + 24*a[7]*a[8]^2*a[9]*a[10]*a[12] - 12*a[7]*a[8]^2*a[9]*a[11]*a[19] + 12*a[7]*a[8]^2*a[9]*a[11] - 12*a[7]*a[8]^2*a[10]^2*a[12]*a[19] + 12*a[7]*a[8]^2*a[10]^2*a[12] - 24*a[7]*a[8]^2*a[10]*a[11]*a[19] + 24*a[7]*a[8]^2*a[10]*a[11] - 12*a[7]*a[8]*a[9]^2*a[10]^2*a[12]*a[19] + 12*a[7]*a[8]*a[9]^2*a[10]^2*a[12] - 24*a[7]*a[8]*a[9]^2*a[10]*a[11]*a[19] + 24*a[7]*a[8]*a[9]^2*a[10]*a[11] - 24*a[7]*a[8]*a[9]*a[10]^2*a[11]*a[19] + 24*a[7]*a[8]*a[9]*a[10]^2*a[11] - 4*a[7]*a[9]^3*a[10]^2*a[11]*a[19] + 4*a[7]*a[9]^3*a[10]^2*a[11] - a[8]^4*a[10]^2*a[13]*a[19] + a[8]^4*a[10]^2*a[13] - 2*a[8]^4*a[10]*a[12]*a[19] + 2*a[8]^4*a[10]*a[12] - a[8]^4*a[11]*a[19] + a[8]^4*a[11] - 4*a[8]^3*a[9]*a[10]^2*a[12]*a[19] + 4*a[8]^3*a[9]*a[10]^2*a[12] - 8*a[8]^3*a[9]*a[10]*a[11]*a[19] + 8*a[8]^3*a[9]*a[10]*a[11] - 4*a[8]^3*a[10]^2*a[11]*a[19] + 4*a[8]^3*a[10]^2*a[11] - 6*a[8]^2*a[9]^2*a[10]^2*a[11]*a[19] + 6*a[8]^2*a[9]^2*a[10]^2*a[11] - 12*a[14]^2*a[15] - 12*a[14]^2*a[16]*a[17] - 12*a[14]^2*a[16]*a[18] - 6*a[14]^2*a[17]^2*a[18] - 12*a[14]*a[15]^2*a[17] - 12*a[14]*a[15]^2*a[18] - 12*a[14]*a[15]*a[16]^2 - 24*a[14]*a[15]*a[16]*a[17]*a[18] - 4*a[14]*a[16]^3*a[18] - 4*a[15]^3*a[16] - 4*a[15]^3*a[17]*a[18] - 6*a[15]^2*a[16]^2*a[18],
a[1]^4*a[3]^2*a[19] + 2*a[1]^4*a[3]*a[6]*a[19] + a[1]^4*a[5]*a[19] + 4*a[1]^3*a[2]*a[3]^2*a[6]*a[19] + 8*a[1]^3*a[2]*a[3]*a[5]*a[19] + 4*a[1]^3*a[2]*a[4]*a[19] + 4*a[1]^3*a[3]^2*a[5]*a[19] + 8*a[1]^3*a[3]*a[4]*a[19] + 6*a[1]^2*a[2]^2*a[3]^2*a[5]*a[19] + 12*a[1]^2*a[2]^2*a[3]*a[4]*a[19] + 12*a[1]^2*a[2]*a[3]^2*a[4]*a[19] + 4*a[1]*a[2]^3*a[3]^2*a[4]*a[19] - 4*a[7]^3*a[9]*a[19] + 4*a[7]^3*a[9] - 8*a[7]^3*a[10]*a[19] + 8*a[7]^3*a[10] - 4*a[7]^3*a[13]*a[19] + 4*a[7]^3*a[13] - 6*a[7]^2*a[8]^2*a[19] + 6*a[7]^2*a[8]^2 - 24*a[7]^2*a[8]*a[9]*a[10]*a[19] + 24*a[7]^2*a[8]*a[9]*a[10] - 12*a[7]^2*a[8]*a[9]*a[13]*a[19] + 12*a[7]^2*a[8]*a[9]*a[13] - 12*a[7]^2*a[8]*a[10]^2*a[19] + 12*a[7]^2*a[8]*a[10]^2 - 24*a[7]^2*a[8]*a[10]*a[13]*a[19] + 24*a[7]^2*a[8]*a[10]*a[13] - 12*a[7]^2*a[8]*a[12]*a[19] + 12*a[7]^2*a[8]*a[12] - 6*a[7]^2*a[9]^2*a[10]^2*a[19] + 6*a[7]^2*a[9]^2*a[10]^2 - 12*a[7]^2*a[9]^2*a[10]*a[13]*a[19] + 12*a[7]^2*a[9]^2*a[10]*a[13] - 6*a[7]^2*a[9]^2*a[12]*a[19] + 6*a[7]^2*a[9]^2*a[12] - 12*a[7]^2*a[9]*a[10]^2*a[13]*a[19] + 12*a[7]^2*a[9]*a[10]^2*a[13] - 24*a[7]^2*a[9]*a[10]*a[12]*a[19] + 24*a[7]^2*a[9]*a[10]*a[12] - 12*a[7]^2*a[9]*a[11]*a[19] + 12*a[7]^2*a[9]*a[11] - 6*a[7]^2*a[10]^2*a[12]*a[19] + 6*a[7]^2*a[10]^2*a[12] - 12*a[7]^2*a[10]*a[11]*a[19] + 12*a[7]^2*a[10]*a[11] - 8*a[7]*a[8]^3*a[10]*a[19] + 8*a[7]*a[8]^3*a[10] - 4*a[7]*a[8]^3*a[13]*a[19] + 4*a[7]*a[8]^3*a[13] - 12*a[7]*a[8]^2*a[9]*a[10]^2*a[19] + 12*a[7]*a[8]^2*a[9]*a[10]^2 - 24*a[7]*a[8]^2*a[9]*a[10]*a[13]*a[19] + 24*a[7]*a[8]^2*a[9]*a[10]*a[13] - 12*a[7]*a[8]^2*a[9]*a[12]*a[19] + 12*a[7]*a[8]^2*a[9]*a[12] - 12*a[7]*a[8]^2*a[10]^2*a[13]*a[19] + 12*a[7]*a[8]^2*a[10]^2*a[13] - 24*a[7]*a[8]^2*a[10]*a[12]*a[19] + 24*a[7]*a[8]^2*a[10]*a[12] - 12*a[7]*a[8]^2*a[11]*a[19] + 12*a[7]*a[8]^2*a[11] - 12*a[7]*a[8]*a[9]^2*a[10]^2*a[13]*a[19] + 12*a[7]*a[8]*a[9]^2*a[10]^2*a[13] - 24*a[7]*a[8]*a[9]^2*a[10]*a[12]*a[19] + 24*a[7]*a[8]*a[9]^2*a[10]*a[12] - 12*a[7]*a[8]*a[9]^2*a[11]*a[19] + 12*a[7]*a[8]*a[9]^2*a[11] - 24*a[7]*a[8]*a[9]*a[10]^2*a[12]*a[19] + 24*a[7]*a[8]*a[9]*a[10]^2*a[12] - 48*a[7]*a[8]*a[9]*a[10]*a[11]*a[19] + 48*a[7]*a[8]*a[9]*a[10]*a[11] - 12*a[7]*a[8]*a[10]^2*a[11]*a[19] + 12*a[7]*a[8]*a[10]^2*a[11] - 4*a[7]*a[9]^3*a[10]^2*a[12]*a[19] + 4*a[7]*a[9]^3*a[10]^2*a[12] - 8*a[7]*a[9]^3*a[10]*a[11]*a[19] + 8*a[7]*a[9]^3*a[10]*a[11] - 12*a[7]*a[9]^2*a[10]^2*a[11]*a[19] + 12*a[7]*a[9]^2*a[10]^2*a[11] - a[8]^4*a[10]^2*a[19] + a[8]^4*a[10]^2 - 2*a[8]^4*a[10]*a[13]*a[19] + 2*a[8]^4*a[10]*a[13] - a[8]^4*a[12]*a[19] + a[8]^4*a[12] - 4*a[8]^3*a[9]*a[10]^2*a[13]*a[19] + 4*a[8]^3*a[9]*a[10]^2*a[13] - 8*a[8]^3*a[9]*a[10]*a[12]*a[19] + 8*a[8]^3*a[9]*a[10]*a[12] - 4*a[8]^3*a[9]*a[11]*a[19] + 4*a[8]^3*a[9]*a[11] - 4*a[8]^3*a[10]^2*a[12]*a[19] + 4*a[8]^3*a[10]^2*a[12] - 8*a[8]^3*a[10]*a[11]*a[19] + 8*a[8]^3*a[10]*a[11] - 6*a[8]^2*a[9]^2*a[10]^2*a[12]*a[19] + 6*a[8]^2*a[9]^2*a[10]^2*a[12] - 12*a[8]^2*a[9]^2*a[10]*a[11]*a[19] + 12*a[8]^2*a[9]^2*a[10]*a[11] - 12*a[8]^2*a[9]*a[10]^2*a[11]*a[19] + 12*a[8]^2*a[9]*a[10]^2*a[11] - 4*a[8]*a[9]^3*a[10]^2*a[11]*a[19] + 4*a[8]*a[9]^3*a[10]^2*a[11] - 12*a[14]^2*a[16] - 6*a[14]^2*a[17]^2 - 12*a[14]^2*a[17]*a[18] - 12*a[14]*a[15]^2 - 24*a[14]*a[15]*a[16]*a[17] - 24*a[14]*a[15]*a[16]*a[18] - 12*a[14]*a[15]*a[17]^2*a[18] - 4*a[14]*a[16]^3 - 12*a[14]*a[16]^2*a[17]*a[18] - 4*a[15]^3*a[17] - 4*a[15]^3*a[18] - 6*a[15]^2*a[16]^2 - 12*a[15]^2*a[16]*a[17]*a[18] - 4*a[15]*a[16]^3*a[18],
2*a[1]^4*a[3]*a[19] + a[1]^4*a[6]*a[19] + 4*a[1]^3*a[2]*a[3]^2*a[19] + 8*a[1]^3*a[2]*a[3]*a[6]*a[19] + 4*a[1]^3*a[2]*a[5]*a[19] + 4*a[1]^3*a[3]^2*a[6]*a[19] + 8*a[1]^3*a[3]*a[5]*a[19] + 4*a[1]^3*a[4]*a[19] + 6*a[1]^2*a[2]^2*a[3]^2*a[6]*a[19] + 12*a[1]^2*a[2]^2*a[3]*a[5]*a[19] + 6*a[1]^2*a[2]^2*a[4]*a[19] + 12*a[1]^2*a[2]*a[3]^2*a[5]*a[19] + 24*a[1]^2*a[2]*a[3]*a[4]*a[19] + 6*a[1]^2*a[3]^2*a[4]*a[19] + 4*a[1]*a[2]^3*a[3]^2*a[5]*a[19] + 8*a[1]*a[2]^3*a[3]*a[4]*a[19] + 12*a[1]*a[2]^2*a[3]^2*a[4]*a[19] + a[2]^4*a[3]^2*a[4]*a[19] - 4*a[7]^3*a[19] + 4*a[7]^3 - 12*a[7]^2*a[8]*a[9]*a[19] + 12*a[7]^2*a[8]*a[9] - 24*a[7]^2*a[8]*a[10]*a[19] + 24*a[7]^2*a[8]*a[10] - 12*a[7]^2*a[8]*a[13]*a[19] + 12*a[7]^2*a[8]*a[13] - 12*a[7]^2*a[9]^2*a[10]*a[19] + 12*a[7]^2*a[9]^2*a[10] - 6*a[7]^2*a[9]^2*a[13]*a[19] + 6*a[7]^2*a[9]^2*a[13] - 12*a[7]^2*a[9]*a[10]^2*a[19] + 12*a[7]^2*a[9]*a[10]^2 - 24*a[7]^2*a[9]*a[10]*a[13]*a[19] + 24*a[7]^2*a[9]*a[10]*a[13] - 12*a[7]^2*a[9]*a[12]*a[19] + 12*a[7]^2*a[9]*a[12] - 6*a[7]^2*a[10]^2*a[13]*a[19] + 6*a[7]^2*a[10]^2*a[13] - 12*a[7]^2*a[10]*a[12]*a[19] + 12*a[7]^2*a[10]*a[12] - 6*a[7]^2*a[11]*a[19] + 6*a[7]^2*a[11] - 4*a[7]*a[8]^3*a[19] + 4*a[7]*a[8]^3 - 24*a[7]*a[8]^2*a[9]*a[10]*a[19] + 24*a[7]*a[8]^2*a[9]*a[10] - 12*a[7]*a[8]^2*a[9]*a[13]*a[19] + 12*a[7]*a[8]^2*a[9]*a[13] - 12*a[7]*a[8]^2*a[10]^2*a[19] + 12*a[7]*a[8]^2*a[10]^2 - 24*a[7]*a[8]^2*a[10]*a[13]*a[19] + 24*a[7]*a[8]^2*a[10]*a[13] - 12*a[7]*a[8]^2*a[12]*a[19] + 12*a[7]*a[8]^2*a[12] - 12*a[7]*a[8]*a[9]^2*a[10]^2*a[19] + 12*a[7]*a[8]*a[9]^2*a[10]^2 - 24*a[7]*a[8]*a[9]^2*a[10]*a[13]*a[19] + 24*a[7]*a[8]*a[9]^2*a[10]*a[13] - 12*a[7]*a[8]*a[9]^2*a[12]*a[19] + 12*a[7]*a[8]*a[9]^2*a[12] - 24*a[7]*a[8]*a[9]*a[10]^2*a[13]*a[19] + 24*a[7]*a[8]*a[9]*a[10]^2*a[13] - 48*a[7]*a[8]*a[9]*a[10]*a[12]*a[19] + 48*a[7]*a[8]*a[9]*a[10]*a[12] - 24*a[7]*a[8]*a[9]*a[11]*a[19] + 24*a[7]*a[8]*a[9]*a[11] - 12*a[7]*a[8]*a[10]^2*a[12]*a[19] + 12*a[7]*a[8]*a[10]^2*a[12] - 24*a[7]*a[8]*a[10]*a[11]*a[19] + 24*a[7]*a[8]*a[10]*a[11] - 4*a[7]*a[9]^3*a[10]^2*a[13]*a[19] + 4*a[7]*a[9]^3*a[10]^2*a[13] - 8*a[7]*a[9]^3*a[10]*a[12]*a[19] + 8*a[7]*a[9]^3*a[10]*a[12] - 4*a[7]*a[9]^3*a[11]*a[19] + 4*a[7]*a[9]^3*a[11] - 12*a[7]*a[9]^2*a[10]^2*a[12]*a[19] + 12*a[7]*a[9]^2*a[10]^2*a[12] - 24*a[7]*a[9]^2*a[10]*a[11]*a[19] + 24*a[7]*a[9]^2*a[10]*a[11] - 12*a[7]*a[9]*a[10]^2*a[11]*a[19] + 12*a[7]*a[9]*a[10]^2*a[11] - 2*a[8]^4*a[10]*a[19] + 2*a[8]^4*a[10] - a[8]^4*a[13]*a[19] + a[8]^4*a[13] - 4*a[8]^3*a[9]*a[10]^2*a[19] + 4*a[8]^3*a[9]*a[10]^2 - 8*a[8]^3*a[9]*a[10]*a[13]*a[19] + 8*a[8]^3*a[9]*a[10]*a[13] - 4*a[8]^3*a[9]*a[12]*a[19] + 4*a[8]^3*a[9]*a[12] - 4*a[8]^3*a[10]^2*a[13]*a[19] + 4*a[8]^3*a[10]^2*a[13] - 8*a[8]^3*a[10]*a[12]*a[19] + 8*a[8]^3*a[10]*a[12] - 4*a[8]^3*a[11]*a[19] + 4*a[8]^3*a[11] - 6*a[8]^2*a[9]^2*a[10]^2*a[13]*a[19] + 6*a[8]^2*a[9]^2*a[10]^2*a[13] - 12*a[8]^2*a[9]^2*a[10]*a[12]*a[19] + 12*a[8]^2*a[9]^2*a[10]*a[12] - 6*a[8]^2*a[9]^2*a[11]*a[19] + 6*a[8]^2*a[9]^2*a[11] - 12*a[8]^2*a[9]*a[10]^2*a[12]*a[19] + 12*a[8]^2*a[9]*a[10]^2*a[12] - 24*a[8]^2*a[9]*a[10]*a[11]*a[19] + 24*a[8]^2*a[9]*a[10]*a[11] - 6*a[8]^2*a[10]^2*a[11]*a[19] + 6*a[8]^2*a[10]^2*a[11] - 4*a[8]*a[9]^3*a[10]^2*a[12]*a[19] + 4*a[8]*a[9]^3*a[10]^2*a[12] - 8*a[8]*a[9]^3*a[10]*a[11]*a[19] + 8*a[8]*a[9]^3*a[10]*a[11] - 12*a[8]*a[9]^2*a[10]^2*a[11]*a[19] + 12*a[8]*a[9]^2*a[10]^2*a[11] - a[9]^4*a[10]^2*a[11]*a[19] + a[9]^4*a[10]^2*a[11] - 12*a[14]^2*a[17] - 6*a[14]^2*a[18] - 24*a[14]*a[15]*a[16] - 12*a[14]*a[15]*a[17]^2 - 24*a[14]*a[15]*a[17]*a[18] - 12*a[14]*a[16]^2*a[17] - 12*a[14]*a[16]^2*a[18] - 12*a[14]*a[16]*a[17]^2*a[18] - 4*a[15]^3 - 12*a[15]^2*a[16]*a[17] - 12*a[15]^2*a[16]*a[18] - 6*a[15]^2*a[17]^2*a[18] - 4*a[15]*a[16]^3 - 12*a[15]*a[16]^2*a[17]*a[18] - a[16]^4*a[18],
a[1]^4*a[19] + 8*a[1]^3*a[2]*a[3]*a[19] + 4*a[1]^3*a[2]*a[6]*a[19] + 4*a[1]^3*a[3]^2*a[19] + 8*a[1]^3*a[3]*a[6]*a[19] + 4*a[1]^3*a[5]*a[19] + 6*a[1]^2*a[2]^2*a[3]^2*a[19] + 12*a[1]^2*a[2]^2*a[3]*a[6]*a[19] + 6*a[1]^2*a[2]^2*a[5]*a[19] + 12*a[1]^2*a[2]*a[3]^2*a[6]*a[19] + 24*a[1]^2*a[2]*a[3]*a[5]*a[19] + 12*a[1]^2*a[2]*a[4]*a[19] + 6*a[1]^2*a[3]^2*a[5]*a[19] + 12*a[1]^2*a[3]*a[4]*a[19] + 4*a[1]*a[2]^3*a[3]^2*a[6]*a[19] + 8*a[1]*a[2]^3*a[3]*a[5]*a[19] + 4*a[1]*a[2]^3*a[4]*a[19] + 12*a[1]*a[2]^2*a[3]^2*a[5]*a[19] + 24*a[1]*a[2]^2*a[3]*a[4]*a[19] + 12*a[1]*a[2]*a[3]^2*a[4]*a[19] + a[2]^4*a[3]^2*a[5]*a[19] + 2*a[2]^4*a[3]*a[4]*a[19] + 4*a[2]^3*a[3]^2*a[4]*a[19] - 12*a[7]^2*a[8]*a[19] + 12*a[7]^2*a[8] - 6*a[7]^2*a[9]^2*a[19] + 6*a[7]^2*a[9]^2 - 24*a[7]^2*a[9]*a[10]*a[19] + 24*a[7]^2*a[9]*a[10] - 12*a[7]^2*a[9]*a[13]*a[19] + 12*a[7]^2*a[9]*a[13] - 6*a[7]^2*a[10]^2*a[19] + 6*a[7]^2*a[10]^2 - 12*a[7]^2*a[10]*a[13]*a[19] + 12*a[7]^2*a[10]*a[13] - 6*a[7]^2*a[12]*a[19] + 6*a[7]^2*a[12] - 12*a[7]*a[8]^2*a[9]*a[19] + 12*a[7]*a[8]^2*a[9] - 24*a[7]*a[8]^2*a[10]*a[19] + 24*a[7]*a[8]^2*a[10] - 12*a[7]*a[8]^2*a[13]*a[19] + 12*a[7]*a[8]^2*a[13] - 24*a[7]*a[8]*a[9]^2*a[10]*a[19] + 24*a[7]*a[8]*a[9]^2*a[10] - 12*a[7]*a[8]*a[9]^2*a[13]*a[19] + 12*a[7]*a[8]*a[9]^2*a[13] - 24*a[7]*a[8]*a[9]*a[10]^2*a[19] + 24*a[7]*a[8]*a[9]*a[10]^2 - 48*a[7]*a[8]*a[9]*a[10]*a[13]*a[19] + 48*a[7]*a[8]*a[9]*a[10]*a[13] - 24*a[7]*a[8]*a[9]*a[12]*a[19] + 24*a[7]*a[8]*a[9]*a[12] - 12*a[7]*a[8]*a[10]^2*a[13]*a[19] + 12*a[7]*a[8]*a[10]^2*a[13] - 24*a[7]*a[8]*a[10]*a[12]*a[19] + 24*a[7]*a[8]*a[10]*a[12] - 12*a[7]*a[8]*a[11]*a[19] + 12*a[7]*a[8]*a[11] - 4*a[7]*a[9]^3*a[10]^2*a[19] + 4*a[7]*a[9]^3*a[10]^2 - 8*a[7]*a[9]^3*a[10]*a[13]*a[19] + 8*a[7]*a[9]^3*a[10]*a[13] - 4*a[7]*a[9]^3*a[12]*a[19] + 4*a[7]*a[9]^3*a[12] - 12*a[7]*a[9]^2*a[10]^2*a[13]*a[19] + 12*a[7]*a[9]^2*a[10]^2*a[13] - 24*a[7]*a[9]^2*a[10]*a[12]*a[19] + 24*a[7]*a[9]^2*a[10]*a[12] - 12*a[7]*a[9]^2*a[11]*a[19] + 12*a[7]*a[9]^2*a[11] - 12*a[7]*a[9]*a[10]^2*a[12]*a[19] + 12*a[7]*a[9]*a[10]^2*a[12] - 24*a[7]*a[9]*a[10]*a[11]*a[19] + 24*a[7]*a[9]*a[10]*a[11] - 4*a[7]*a[10]^2*a[11]*a[19] + 4*a[7]*a[10]^2*a[11] - a[8]^4*a[19] + a[8]^4 - 8*a[8]^3*a[9]*a[10]*a[19] + 8*a[8]^3*a[9]*a[10] - 4*a[8]^3*a[9]*a[13]*a[19] + 4*a[8]^3*a[9]*a[13] - 4*a[8]^3*a[10]^2*a[19] + 4*a[8]^3*a[10]^2 - 8*a[8]^3*a[10]*a[13]*a[19] + 8*a[8]^3*a[10]*a[13] - 4*a[8]^3*a[12]*a[19] + 4*a[8]^3*a[12] - 6*a[8]^2*a[9]^2*a[10]^2*a[19] + 6*a[8]^2*a[9]^2*a[10]^2 - 12*a[8]^2*a[9]^2*a[10]*a[13]*a[19] + 12*a[8]^2*a[9]^2*a[10]*a[13] - 6*a[8]^2*a[9]^2*a[12]*a[19] + 6*a[8]^2*a[9]^2*a[12] - 12*a[8]^2*a[9]*a[10]^2*a[13]*a[19] + 12*a[8]^2*a[9]*a[10]^2*a[13] - 24*a[8]^2*a[9]*a[10]*a[12]*a[19] + 24*a[8]^2*a[9]*a[10]*a[12] - 12*a[8]^2*a[9]*a[11]*a[19] + 12*a[8]^2*a[9]*a[11] - 6*a[8]^2*a[10]^2*a[12]*a[19] + 6*a[8]^2*a[10]^2*a[12] - 12*a[8]^2*a[10]*a[11]*a[19] + 12*a[8]^2*a[10]*a[11] - 4*a[8]*a[9]^3*a[10]^2*a[13]*a[19] + 4*a[8]*a[9]^3*a[10]^2*a[13] - 8*a[8]*a[9]^3*a[10]*a[12]*a[19] + 8*a[8]*a[9]^3*a[10]*a[12] - 4*a[8]*a[9]^3*a[11]*a[19] + 4*a[8]*a[9]^3*a[11] - 12*a[8]*a[9]^2*a[10]^2*a[12]*a[19] + 12*a[8]*a[9]^2*a[10]^2*a[12] - 24*a[8]*a[9]^2*a[10]*a[11]*a[19] + 24*a[8]*a[9]^2*a[10]*a[11] - 12*a[8]*a[9]*a[10]^2*a[11]*a[19] + 12*a[8]*a[9]*a[10]^2*a[11] - a[9]^4*a[10]^2*a[12]*a[19] + a[9]^4*a[10]^2*a[12] - 2*a[9]^4*a[10]*a[11]*a[19] + 2*a[9]^4*a[10]*a[11] - 4*a[9]^3*a[10]^2*a[11]*a[19] + 4*a[9]^3*a[10]^2*a[11] - 6*a[14]^2 - 24*a[14]*a[15]*a[17] - 12*a[14]*a[15]*a[18] - 12*a[14]*a[16]^2 - 12*a[14]*a[16]*a[17]^2 - 24*a[14]*a[16]*a[17]*a[18] - 4*a[14]*a[17]^3*a[18] - 12*a[15]^2*a[16] - 6*a[15]^2*a[17]^2 - 12*a[15]^2*a[17]*a[18] - 12*a[15]*a[16]^2*a[17] - 12*a[15]*a[16]^2*a[18] - 12*a[15]*a[16]*a[17]^2*a[18] - a[16]^4 - 4*a[16]^3*a[17]*a[18],
4*a[1]^3*a[2]*a[19] + 8*a[1]^3*a[3]*a[19] + 4*a[1]^3*a[6]*a[19] + 12*a[1]^2*a[2]^2*a[3]*a[19] + 6*a[1]^2*a[2]^2*a[6]*a[19] + 12*a[1]^2*a[2]*a[3]^2*a[19] + 24*a[1]^2*a[2]*a[3]*a[6]*a[19] + 12*a[1]^2*a[2]*a[5]*a[19] + 6*a[1]^2*a[3]^2*a[6]*a[19] + 12*a[1]^2*a[3]*a[5]*a[19] + 6*a[1]^2*a[4]*a[19] + 4*a[1]*a[2]^3*a[3]^2*a[19] + 8*a[1]*a[2]^3*a[3]*a[6]*a[19] + 4*a[1]*a[2]^3*a[5]*a[19] + 12*a[1]*a[2]^2*a[3]^2*a[6]*a[19] + 24*a[1]*a[2]^2*a[3]*a[5]*a[19] + 12*a[1]*a[2]^2*a[4]*a[19] + 12*a[1]*a[2]*a[3]^2*a[5]*a[19] + 24*a[1]*a[2]*a[3]*a[4]*a[19] + 4*a[1]*a[3]^2*a[4]*a[19] + a[2]^4*a[3]^2*a[6]*a[19] + 2*a[2]^4*a[3]*a[5]*a[19] + a[2]^4*a[4]*a[19] + 4*a[2]^3*a[3]^2*a[5]*a[19] + 8*a[2]^3*a[3]*a[4]*a[19] + 6*a[2]^2*a[3]^2*a[4]*a[19] - 12*a[7]^2*a[9]*a[19] + 12*a[7]^2*a[9] - 12*a[7]^2*a[10]*a[19] + 12*a[7]^2*a[10] - 6*a[7]^2*a[13]*a[19] + 6*a[7]^2*a[13] - 12*a[7]*a[8]^2*a[19] + 12*a[7]*a[8]^2 - 12*a[7]*a[8]*a[9]^2*a[19] + 12*a[7]*a[8]*a[9]^2 - 48*a[7]*a[8]*a[9]*a[10]*a[19] + 48*a[7]*a[8]*a[9]*a[10] - 24*a[7]*a[8]*a[9]*a[13]*a[19] + 24*a[7]*a[8]*a[9]*a[13] - 12*a[7]*a[8]*a[10]^2*a[19] + 12*a[7]*a[8]*a[10]^2 - 24*a[7]*a[8]*a[10]*a[13]*a[19] + 24*a[7]*a[8]*a[10]*a[13] - 12*a[7]*a[8]*a[12]*a[19] + 12*a[7]*a[8]*a[12] - 8*a[7]*a[9]^3*a[10]*a[19] + 8*a[7]*a[9]^3*a[10] - 4*a[7]*a[9]^3*a[13]*a[19] + 4*a[7]*a[9]^3*a[13] - 12*a[7]*a[9]^2*a[10]^2*a[19] + 12*a[7]*a[9]^2*a[10]^2 - 24*a[7]*a[9]^2*a[10]*a[13]*a[19] + 24*a[7]*a[9]^2*a[10]*a[13] - 12*a[7]*a[9]^2*a[12]*a[19] + 12*a[7]*a[9]^2*a[12] - 12*a[7]*a[9]*a[10]^2*a[13]*a[19] + 12*a[7]*a[9]*a[10]^2*a[13] - 24*a[7]*a[9]*a[10]*a[12]*a[19] + 24*a[7]*a[9]*a[10]*a[12] - 12*a[7]*a[9]*a[11]*a[19] + 12*a[7]*a[9]*a[11] - 4*a[7]*a[10]^2*a[12]*a[19] + 4*a[7]*a[10]^2*a[12] - 8*a[7]*a[10]*a[11]*a[19] + 8*a[7]*a[10]*a[11] - 4*a[8]^3*a[9]*a[19] + 4*a[8]^3*a[9] - 8*a[8]^3*a[10]*a[19] + 8*a[8]^3*a[10] - 4*a[8]^3*a[13]*a[19] + 4*a[8]^3*a[13] - 12*a[8]^2*a[9]^2*a[10]*a[19] + 12*a[8]^2*a[9]^2*a[10] - 6*a[8]^2*a[9]^2*a[13]*a[19] + 6*a[8]^2*a[9]^2*a[13] - 12*a[8]^2*a[9]*a[10]^2*a[19] + 12*a[8]^2*a[9]*a[10]^2 - 24*a[8]^2*a[9]*a[10]*a[13]*a[19] + 24*a[8]^2*a[9]*a[10]*a[13] - 12*a[8]^2*a[9]*a[12]*a[19] + 12*a[8]^2*a[9]*a[12] - 6*a[8]^2*a[10]^2*a[13]*a[19] + 6*a[8]^2*a[10]^2*a[13] - 12*a[8]^2*a[10]*a[12]*a[19] + 12*a[8]^2*a[10]*a[12] - 6*a[8]^2*a[11]*a[19] + 6*a[8]^2*a[11] - 4*a[8]*a[9]^3*a[10]^2*a[19] + 4*a[8]*a[9]^3*a[10]^2 - 8*a[8]*a[9]^3*a[10]*a[13]*a[19] + 8*a[8]*a[9]^3*a[10]*a[13] - 4*a[8]*a[9]^3*a[12]*a[19] + 4*a[8]*a[9]^3*a[12] - 12*a[8]*a[9]^2*a[10]^2*a[13]*a[19] + 12*a[8]*a[9]^2*a[10]^2*a[13] - 24*a[8]*a[9]^2*a[10]*a[12]*a[19] + 24*a[8]*a[9]^2*a[10]*a[12] - 12*a[8]*a[9]^2*a[11]*a[19] + 12*a[8]*a[9]^2*a[11] - 12*a[8]*a[9]*a[10]^2*a[12]*a[19] + 12*a[8]*a[9]*a[10]^2*a[12] - 24*a[8]*a[9]*a[10]*a[11]*a[19] + 24*a[8]*a[9]*a[10]*a[11] - 4*a[8]*a[10]^2*a[11]*a[19] + 4*a[8]*a[10]^2*a[11] - a[9]^4*a[10]^2*a[13]*a[19] + a[9]^4*a[10]^2*a[13] - 2*a[9]^4*a[10]*a[12]*a[19] + 2*a[9]^4*a[10]*a[12] - a[9]^4*a[11]*a[19] + a[9]^4*a[11] - 4*a[9]^3*a[10]^2*a[12]*a[19] + 4*a[9]^3*a[10]^2*a[12] - 8*a[9]^3*a[10]*a[11]*a[19] + 8*a[9]^3*a[10]*a[11] - 6*a[9]^2*a[10]^2*a[11]*a[19] + 6*a[9]^2*a[10]^2*a[11] - 12*a[14]*a[15] - 24*a[14]*a[16]*a[17] - 12*a[14]*a[16]*a[18] - 4*a[14]*a[17]^3 - 12*a[14]*a[17]^2*a[18] - 12*a[15]^2*a[17] - 6*a[15]^2*a[18] - 12*a[15]*a[16]^2 - 12*a[15]*a[16]*a[17]^2 - 24*a[15]*a[16]*a[17]*a[18] - 4*a[15]*a[17]^3*a[18] - 4*a[16]^3*a[17] - 4*a[16]^3*a[18] - 6*a[16]^2*a[17]^2*a[18],
4*a[1]^3*a[19] + 6*a[1]^2*a[2]^2*a[19] + 24*a[1]^2*a[2]*a[3]*a[19] + 12*a[1]^2*a[2]*a[6]*a[19] + 6*a[1]^2*a[3]^2*a[19] + 12*a[1]^2*a[3]*a[6]*a[19] + 6*a[1]^2*a[5]*a[19] + 8*a[1]*a[2]^3*a[3]*a[19] + 4*a[1]*a[2]^3*a[6]*a[19] + 12*a[1]*a[2]^2*a[3]^2*a[19] + 24*a[1]*a[2]^2*a[3]*a[6]*a[19] + 12*a[1]*a[2]^2*a[5]*a[19] + 12*a[1]*a[2]*a[3]^2*a[6]*a[19] + 24*a[1]*a[2]*a[3]*a[5]*a[19] + 12*a[1]*a[2]*a[4]*a[19] + 4*a[1]*a[3]^2*a[5]*a[19] + 8*a[1]*a[3]*a[4]*a[19] + a[2]^4*a[3]^2*a[19] + 2*a[2]^4*a[3]*a[6]*a[19] + a[2]^4*a[5]*a[19] + 4*a[2]^3*a[3]^2*a[6]*a[19] + 8*a[2]^3*a[3]*a[5]*a[19] + 4*a[2]^3*a[4]*a[19] + 6*a[2]^2*a[3]^2*a[5]*a[19] + 12*a[2]^2*a[3]*a[4]*a[19] + 4*a[2]*a[3]^2*a[4]*a[19] - 6*a[7]^2*a[19] + 6*a[7]^2 - 24*a[7]*a[8]*a[9]*a[19] + 24*a[7]*a[8]*a[9] - 24*a[7]*a[8]*a[10]*a[19] + 24*a[7]*a[8]*a[10] - 12*a[7]*a[8]*a[13]*a[19] + 12*a[7]*a[8]*a[13] - 4*a[7]*a[9]^3*a[19] + 4*a[7]*a[9]^3 - 24*a[7]*a[9]^2*a[10]*a[19] + 24*a[7]*a[9]^2*a[10] - 12*a[7]*a[9]^2*a[13]*a[19] + 12*a[7]*a[9]^2*a[13] - 12*a[7]*a[9]*a[10]^2*a[19] + 12*a[7]*a[9]*a[10]^2 - 24*a[7]*a[9]*a[10]*a[13]*a[19] + 24*a[7]*a[9]*a[10]*a[13] - 12*a[7]*a[9]*a[12]*a[19] + 12*a[7]*a[9]*a[12] - 4*a[7]*a[10]^2*a[13]*a[19] + 4*a[7]*a[10]^2*a[13] - 8*a[7]*a[10]*a[12]*a[19] + 8*a[7]*a[10]*a[12] - 4*a[7]*a[11]*a[19] + 4*a[7]*a[11] - 4*a[8]^3*a[19] + 4*a[8]^3 - 6*a[8]^2*a[9]^2*a[19] + 6*a[8]^2*a[9]^2 - 24*a[8]^2*a[9]*a[10]*a[19] + 24*a[8]^2*a[9]*a[10] - 12*a[8]^2*a[9]*a[13]*a[19] + 12*a[8]^2*a[9]*a[13] - 6*a[8]^2*a[10]^2*a[19] + 6*a[8]^2*a[10]^2 - 12*a[8]^2*a[10]*a[13]*a[19] + 12*a[8]^2*a[10]*a[13] - 6*a[8]^2*a[12]*a[19] + 6*a[8]^2*a[12] - 8*a[8]*a[9]^3*a[10]*a[19] + 8*a[8]*a[9]^3*a[10] - 4*a[8]*a[9]^3*a[13]*a[19] + 4*a[8]*a[9]^3*a[13] - 12*a[8]*a[9]^2*a[10]^2*a[19] + 12*a[8]*a[9]^2*a[10]^2 - 24*a[8]*a[9]^2*a[10]*a[13]*a[19] + 24*a[8]*a[9]^2*a[10]*a[13] - 12*a[8]*a[9]^2*a[12]*a[19] + 12*a[8]*a[9]^2*a[12] - 12*a[8]*a[9]*a[10]^2*a[13]*a[19] + 12*a[8]*a[9]*a[10]^2*a[13] - 24*a[8]*a[9]*a[10]*a[12]*a[19] + 24*a[8]*a[9]*a[10]*a[12] - 12*a[8]*a[9]*a[11]*a[19] + 12*a[8]*a[9]*a[11] - 4*a[8]*a[10]^2*a[12]*a[19] + 4*a[8]*a[10]^2*a[12] - 8*a[8]*a[10]*a[11]*a[19] + 8*a[8]*a[10]*a[11] - a[9]^4*a[10]^2*a[19] + a[9]^4*a[10]^2 - 2*a[9]^4*a[10]*a[13]*a[19] + 2*a[9]^4*a[10]*a[13] - a[9]^4*a[12]*a[19] + a[9]^4*a[12] - 4*a[9]^3*a[10]^2*a[13]*a[19] + 4*a[9]^3*a[10]^2*a[13] - 8*a[9]^3*a[10]*a[12]*a[19] + 8*a[9]^3*a[10]*a[12] - 4*a[9]^3*a[11]*a[19] + 4*a[9]^3*a[11] - 6*a[9]^2*a[10]^2*a[12]*a[19] + 6*a[9]^2*a[10]^2*a[12] - 12*a[9]^2*a[10]*a[11]*a[19] + 12*a[9]^2*a[10]*a[11] - 4*a[9]*a[10]^2*a[11]*a[19] + 4*a[9]*a[10]^2*a[11] - 12*a[14]*a[16] - 12*a[14]*a[17]^2 - 12*a[14]*a[17]*a[18] - 6*a[15]^2 - 24*a[15]*a[16]*a[17] - 12*a[15]*a[16]*a[18] - 4*a[15]*a[17]^3 - 12*a[15]*a[17]^2*a[18] - 4*a[16]^3 - 6*a[16]^2*a[17]^2 - 12*a[16]^2*a[17]*a[18] - 4*a[16]*a[17]^3*a[18],
12*a[1]^2*a[2]*a[19] + 12*a[1]^2*a[3]*a[19] + 6*a[1]^2*a[6]*a[19] + 4*a[1]*a[2]^3*a[19] + 24*a[1]*a[2]^2*a[3]*a[19] + 12*a[1]*a[2]^2*a[6]*a[19] + 12*a[1]*a[2]*a[3]^2*a[19] + 24*a[1]*a[2]*a[3]*a[6]*a[19] + 12*a[1]*a[2]*a[5]*a[19] + 4*a[1]*a[3]^2*a[6]*a[19] + 8*a[1]*a[3]*a[5]*a[19] + 4*a[1]*a[4]*a[19] + 2*a[2]^4*a[3]*a[19] + a[2]^4*a[6]*a[19] + 4*a[2]^3*a[3]^2*a[19] + 8*a[2]^3*a[3]*a[6]*a[19] + 4*a[2]^3*a[5]*a[19] + 6*a[2]^2*a[3]^2*a[6]*a[19] + 12*a[2]^2*a[3]*a[5]*a[19] + 6*a[2]^2*a[4]*a[19] + 4*a[2]*a[3]^2*a[5]*a[19] + 8*a[2]*a[3]*a[4]*a[19] + a[3]^2*a[4]*a[19] - 12*a[7]*a[8]*a[19] + 12*a[7]*a[8] - 12*a[7]*a[9]^2*a[19] + 12*a[7]*a[9]^2 - 24*a[7]*a[9]*a[10]*a[19] + 24*a[7]*a[9]*a[10] - 12*a[7]*a[9]*a[13]*a[19] + 12*a[7]*a[9]*a[13] - 4*a[7]*a[10]^2*a[19] + 4*a[7]*a[10]^2 - 8*a[7]*a[10]*a[13]*a[19] + 8*a[7]*a[10]*a[13] - 4*a[7]*a[12]*a[19] + 4*a[7]*a[12] - 12*a[8]^2*a[9]*a[19] + 12*a[8]^2*a[9] - 12*a[8]^2*a[10]*a[19] + 12*a[8]^2*a[10] - 6*a[8]^2*a[13]*a[19] + 6*a[8]^2*a[13] - 4*a[8]*a[9]^3*a[19] + 4*a[8]*a[9]^3 - 24*a[8]*a[9]^2*a[10]*a[19] + 24*a[8]*a[9]^2*a[10] - 12*a[8]*a[9]^2*a[13]*a[19] + 12*a[8]*a[9]^2*a[13] - 12*a[8]*a[9]*a[10]^2*a[19] + 12*a[8]*a[9]*a[10]^2 - 24*a[8]*a[9]*a[10]*a[13]*a[19] + 24*a[8]*a[9]*a[10]*a[13] - 12*a[8]*a[9]*a[12]*a[19] + 12*a[8]*a[9]*a[12] - 4*a[8]*a[10]^2*a[13]*a[19] + 4*a[8]*a[10]^2*a[13] - 8*a[8]*a[10]*a[12]*a[19] + 8*a[8]*a[10]*a[12] - 4*a[8]*a[11]*a[19] + 4*a[8]*a[11] - 2*a[9]^4*a[10]*a[19] + 2*a[9]^4*a[10] - a[9]^4*a[13]*a[19] + a[9]^4*a[13] - 4*a[9]^3*a[10]^2*a[19] + 4*a[9]^3*a[10]^2 - 8*a[9]^3*a[10]*a[13]*a[19] + 8*a[9]^3*a[10]*a[13] - 4*a[9]^3*a[12]*a[19] + 4*a[9]^3*a[12] - 6*a[9]^2*a[10]^2*a[13]*a[19] + 6*a[9]^2*a[10]^2*a[13] - 12*a[9]^2*a[10]*a[12]*a[19] + 12*a[9]^2*a[10]*a[12] - 6*a[9]^2*a[11]*a[19] + 6*a[9]^2*a[11] - 4*a[9]*a[10]^2*a[12]*a[19] + 4*a[9]*a[10]^2*a[12] - 8*a[9]*a[10]*a[11]*a[19] + 8*a[9]*a[10]*a[11] - a[10]^2*a[11]*a[19] + a[10]^2*a[11] - 12*a[14]*a[17] - 4*a[14]*a[18] - 12*a[15]*a[16] - 12*a[15]*a[17]^2 - 12*a[15]*a[17]*a[18] - 12*a[16]^2*a[17] - 6*a[16]^2*a[18] - 4*a[16]*a[17]^3 - 12*a[16]*a[17]^2*a[18] - a[17]^4*a[18],
6*a[1]^2*a[19] + 12*a[1]*a[2]^2*a[19] + 24*a[1]*a[2]*a[3]*a[19] + 12*a[1]*a[2]*a[6]*a[19] + 4*a[1]*a[3]^2*a[19] + 8*a[1]*a[3]*a[6]*a[19] + 4*a[1]*a[5]*a[19] + a[2]^4*a[19] + 8*a[2]^3*a[3]*a[19] + 4*a[2]^3*a[6]*a[19] + 6*a[2]^2*a[3]^2*a[19] + 12*a[2]^2*a[3]*a[6]*a[19] + 6*a[2]^2*a[5]*a[19] + 4*a[2]*a[3]^2*a[6]*a[19] + 8*a[2]*a[3]*a[5]*a[19] + 4*a[2]*a[4]*a[19] + a[3]^2*a[5]*a[19] + 2*a[3]*a[4]*a[19] - 12*a[7]*a[9]*a[19] + 12*a[7]*a[9] - 8*a[7]*a[10]*a[19] + 8*a[7]*a[10] - 4*a[7]*a[13]*a[19] + 4*a[7]*a[13] - 6*a[8]^2*a[19] + 6*a[8]^2 - 12*a[8]*a[9]^2*a[19] + 12*a[8]*a[9]^2 - 24*a[8]*a[9]*a[10]*a[19] + 24*a[8]*a[9]*a[10] - 12*a[8]*a[9]*a[13]*a[19] + 12*a[8]*a[9]*a[13] - 4*a[8]*a[10]^2*a[19] + 4*a[8]*a[10]^2 - 8*a[8]*a[10]*a[13]*a[19] + 8*a[8]*a[10]*a[13] - 4*a[8]*a[12]*a[19] + 4*a[8]*a[12] - a[9]^4*a[19] + a[9]^4 - 8*a[9]^3*a[10]*a[19] + 8*a[9]^3*a[10] - 4*a[9]^3*a[13]*a[19] + 4*a[9]^3*a[13] - 6*a[9]^2*a[10]^2*a[19] + 6*a[9]^2*a[10]^2 - 12*a[9]^2*a[10]*a[13]*a[19] + 12*a[9]^2*a[10]*a[13] - 6*a[9]^2*a[12]*a[19] + 6*a[9]^2*a[12] - 4*a[9]*a[10]^2*a[13]*a[19] + 4*a[9]*a[10]^2*a[13] - 8*a[9]*a[10]*a[12]*a[19] + 8*a[9]*a[10]*a[12] - 4*a[9]*a[11]*a[19] + 4*a[9]*a[11] - a[10]^2*a[12]*a[19] + a[10]^2*a[12] - 2*a[10]*a[11]*a[19] + 2*a[10]*a[11] - 4*a[14] - 12*a[15]*a[17] - 4*a[15]*a[18] - 6*a[16]^2 - 12*a[16]*a[17]^2 - 12*a[16]*a[17]*a[18] - a[17]^4 - 4*a[17]^3*a[18],
12*a[1]*a[2]*a[19] + 8*a[1]*a[3]*a[19] + 4*a[1]*a[6]*a[19] + 4*a[2]^3*a[19] + 12*a[2]^2*a[3]*a[19] + 6*a[2]^2*a[6]*a[19] + 4*a[2]*a[3]^2*a[19] + 8*a[2]*a[3]*a[6]*a[19] + 4*a[2]*a[5]*a[19] + a[3]^2*a[6]*a[19] + 2*a[3]*a[5]*a[19] + a[4]*a[19] - 4*a[7]*a[19] + 4*a[7] - 12*a[8]*a[9]*a[19] + 12*a[8]*a[9] - 8*a[8]*a[10]*a[19] + 8*a[8]*a[10] - 4*a[8]*a[13]*a[19] + 4*a[8]*a[13] - 4*a[9]^3*a[19] + 4*a[9]^3 - 12*a[9]^2*a[10]*a[19] + 12*a[9]^2*a[10] - 6*a[9]^2*a[13]*a[19] + 6*a[9]^2*a[13] - 4*a[9]*a[10]^2*a[19] + 4*a[9]*a[10]^2 - 8*a[9]*a[10]*a[13]*a[19] + 8*a[9]*a[10]*a[13] - 4*a[9]*a[12]*a[19] + 4*a[9]*a[12] - a[10]^2*a[13]*a[19] + a[10]^2*a[13] - 2*a[10]*a[12]*a[19] + 2*a[10]*a[12] - a[11]*a[19] + a[11] - 4*a[15] - 12*a[16]*a[17] - 4*a[16]*a[18] - 4*a[17]^3 - 6*a[17]^2*a[18],
4*a[1]*a[19] + 6*a[2]^2*a[19] + 8*a[2]*a[3]*a[19] + 4*a[2]*a[6]*a[19] + a[3]^2*a[19] + 2*a[3]*a[6]*a[19] + a[5]*a[19] - 4*a[8]*a[19] + 4*a[8] - 6*a[9]^2*a[19] + 6*a[9]^2 - 8*a[9]*a[10]*a[19] + 8*a[9]*a[10] - 4*a[9]*a[13]*a[19] + 4*a[9]*a[13] - a[10]^2*a[19] + a[10]^2 - 2*a[10]*a[13]*a[19] + 2*a[10]*a[13] - a[12]*a[19] + a[12] - 4*a[16] - 6*a[17]^2 - 4*a[17]*a[18],
4*a[2]*a[19] + 2*a[3]*a[19] + a[6]*a[19] - 4*a[9]*a[19] + 4*a[9] - 2*a[10]*a[19] + 2*a[10] - a[13]*a[19] + a[13] - 4*a[17] - a[18]
]
lambdas: [ 1.00615, 0.876326, 0.289952, 0.612554, 0.637496, 1.86563, 1.04218, 0.692665, 0.857009, 0.326525, 0.595407, 0.921059, 0.354962 ]... 
Taking lambda = -0.246513 - 0.255400*$.1 = -0.246513 - 0.255400*$.1/1.00000... 
Taking normalizing equation a[18] - 1
*New* defining ideal: [
-a[1]*a[3]*a[4]*a[14] - 4*a[1]*a[3]*a[4]*a[15]*a[18] + a[1]*a[3]*a[5]*a[14]*a[18] + 2*a[1]*a[4]*a[14]*a[18] + 4*a[2]*a[3]*a[4]*a[14]*a[18],
a[18] - 1,
-a[7]^4*a[10]^2*a[11]*a[19] + a[7]^4*a[10]^2*a[11] - a[14]^4*a[18],
-a[7]^4*a[10]^2*a[12]*a[19] + a[7]^4*a[10]^2*a[12] - 2*a[7]^4*a[10]*a[11]*a[19] + 2*a[7]^4*a[10]*a[11] - 4*a[7]^3*a[8]*a[10]^2*a[11]*a[19] + 4*a[7]^3*a[8]*a[10]^2*a[11] - a[14]^4 - 4*a[14]^3*a[15]*a[18],
-a[7]^4*a[10]^2*a[13]*a[19] + a[7]^4*a[10]^2*a[13] - 2*a[7]^4*a[10]*a[12]*a[19] + 2*a[7]^4*a[10]*a[12] - a[7]^4*a[11]*a[19] + a[7]^4*a[11] - 4*a[7]^3*a[8]*a[10]^2*a[12]*a[19] + 4*a[7]^3*a[8]*a[10]^2*a[12] - 8*a[7]^3*a[8]*a[10]*a[11]*a[19] + 8*a[7]^3*a[8]*a[10]*a[11] - 4*a[7]^3*a[9]*a[10]^2*a[11]*a[19] + 4*a[7]^3*a[9]*a[10]^2*a[11] - 6*a[7]^2*a[8]^2*a[10]^2*a[11]*a[19] + 6*a[7]^2*a[8]^2*a[10]^2*a[11] - 4*a[14]^3*a[15] - 4*a[14]^3*a[16]*a[18] - 6*a[14]^2*a[15]^2*a[18],
-a[7]^4*a[10]^2*a[19] + a[7]^4*a[10]^2 - 2*a[7]^4*a[10]*a[13]*a[19] + 2*a[7]^4*a[10]*a[13] - a[7]^4*a[12]*a[19] + a[7]^4*a[12] - 4*a[7]^3*a[8]*a[10]^2*a[13]*a[19] + 4*a[7]^3*a[8]*a[10]^2*a[13] - 8*a[7]^3*a[8]*a[10]*a[12]*a[19] + 8*a[7]^3*a[8]*a[10]*a[12] - 4*a[7]^3*a[8]*a[11]*a[19] + 4*a[7]^3*a[8]*a[11] - 4*a[7]^3*a[9]*a[10]^2*a[12]*a[19] + 4*a[7]^3*a[9]*a[10]^2*a[12] - 8*a[7]^3*a[9]*a[10]*a[11]*a[19] + 8*a[7]^3*a[9]*a[10]*a[11] - 4*a[7]^3*a[10]^2*a[11]*a[19] + 4*a[7]^3*a[10]^2*a[11] - 6*a[7]^2*a[8]^2*a[10]^2*a[12]*a[19] + 6*a[7]^2*a[8]^2*a[10]^2*a[12] - 12*a[7]^2*a[8]^2*a[10]*a[11]*a[19] + 12*a[7]^2*a[8]^2*a[10]*a[11] - 12*a[7]^2*a[8]*a[9]*a[10]^2*a[11]*a[19] + 12*a[7]^2*a[8]*a[9]*a[10]^2*a[11] - 4*a[7]*a[8]^3*a[10]^2*a[11]*a[19] + 4*a[7]*a[8]^3*a[10]^2*a[11] - 4*a[14]^3*a[16] - 4*a[14]^3*a[17]*a[18] - 6*a[14]^2*a[15]^2 - 12*a[14]^2*a[15]*a[16]*a[18] - 4*a[14]*a[15]^3*a[18],
a[1]^4*a[3]^2*a[4]*a[19] - 2*a[7]^4*a[10]*a[19] + 2*a[7]^4*a[10] - a[7]^4*a[13]*a[19] + a[7]^4*a[13] - 4*a[7]^3*a[8]*a[10]^2*a[19] + 4*a[7]^3*a[8]*a[10]^2 - 8*a[7]^3*a[8]*a[10]*a[13]*a[19] + 8*a[7]^3*a[8]*a[10]*a[13] - 4*a[7]^3*a[8]*a[12]*a[19] + 4*a[7]^3*a[8]*a[12] - 4*a[7]^3*a[9]*a[10]^2*a[13]*a[19] + 4*a[7]^3*a[9]*a[10]^2*a[13] - 8*a[7]^3*a[9]*a[10]*a[12]*a[19] + 8*a[7]^3*a[9]*a[10]*a[12] - 4*a[7]^3*a[9]*a[11]*a[19] + 4*a[7]^3*a[9]*a[11] - 4*a[7]^3*a[10]^2*a[12]*a[19] + 4*a[7]^3*a[10]^2*a[12] - 8*a[7]^3*a[10]*a[11]*a[19] + 8*a[7]^3*a[10]*a[11] - 6*a[7]^2*a[8]^2*a[10]^2*a[13]*a[19] + 6*a[7]^2*a[8]^2*a[10]^2*a[13] - 12*a[7]^2*a[8]^2*a[10]*a[12]*a[19] + 12*a[7]^2*a[8]^2*a[10]*a[12] - 6*a[7]^2*a[8]^2*a[11]*a[19] + 6*a[7]^2*a[8]^2*a[11] - 12*a[7]^2*a[8]*a[9]*a[10]^2*a[12]*a[19] + 12*a[7]^2*a[8]*a[9]*a[10]^2*a[12] - 24*a[7]^2*a[8]*a[9]*a[10]*a[11]*a[19] + 24*a[7]^2*a[8]*a[9]*a[10]*a[11] - 12*a[7]^2*a[8]*a[10]^2*a[11]*a[19] + 12*a[7]^2*a[8]*a[10]^2*a[11] - 6*a[7]^2*a[9]^2*a[10]^2*a[11]*a[19] + 6*a[7]^2*a[9]^2*a[10]^2*a[11] - 4*a[7]*a[8]^3*a[10]^2*a[12]*a[19] + 4*a[7]*a[8]^3*a[10]^2*a[12] - 8*a[7]*a[8]^3*a[10]*a[11]*a[19] + 8*a[7]*a[8]^3*a[10]*a[11] - 12*a[7]*a[8]^2*a[9]*a[10]^2*a[11]*a[19] + 12*a[7]*a[8]^2*a[9]*a[10]^2*a[11] - a[8]^4*a[10]^2*a[11]*a[19] + a[8]^4*a[10]^2*a[11] - 4*a[14]^3*a[17] - 4*a[14]^3*a[18] - 12*a[14]^2*a[15]*a[16] - 12*a[14]^2*a[15]*a[17]*a[18] - 6*a[14]^2*a[16]^2*a[18] - 4*a[14]*a[15]^3 - 12*a[14]*a[15]^2*a[16]*a[18] - a[15]^4*a[18],
a[1]^4*a[3]^2*a[5]*a[19] + 2*a[1]^4*a[3]*a[4]*a[19] + 4*a[1]^3*a[2]*a[3]^2*a[4]*a[19] - a[7]^4*a[19] + a[7]^4 - 8*a[7]^3*a[8]*a[10]*a[19] + 8*a[7]^3*a[8]*a[10] - 4*a[7]^3*a[8]*a[13]*a[19] + 4*a[7]^3*a[8]*a[13] - 4*a[7]^3*a[9]*a[10]^2*a[19] + 4*a[7]^3*a[9]*a[10]^2 - 8*a[7]^3*a[9]*a[10]*a[13]*a[19] + 8*a[7]^3*a[9]*a[10]*a[13] - 4*a[7]^3*a[9]*a[12]*a[19] + 4*a[7]^3*a[9]*a[12] - 4*a[7]^3*a[10]^2*a[13]*a[19] + 4*a[7]^3*a[10]^2*a[13] - 8*a[7]^3*a[10]*a[12]*a[19] + 8*a[7]^3*a[10]*a[12] - 4*a[7]^3*a[11]*a[19] + 4*a[7]^3*a[11] - 6*a[7]^2*a[8]^2*a[10]^2*a[19] + 6*a[7]^2*a[8]^2*a[10]^2 - 12*a[7]^2*a[8]^2*a[10]*a[13]*a[19] + 12*a[7]^2*a[8]^2*a[10]*a[13] - 6*a[7]^2*a[8]^2*a[12]*a[19] + 6*a[7]^2*a[8]^2*a[12] - 12*a[7]^2*a[8]*a[9]*a[10]^2*a[13]*a[19] + 12*a[7]^2*a[8]*a[9]*a[10]^2*a[13] - 24*a[7]^2*a[8]*a[9]*a[10]*a[12]*a[19] + 24*a[7]^2*a[8]*a[9]*a[10]*a[12] - 12*a[7]^2*a[8]*a[9]*a[11]*a[19] + 12*a[7]^2*a[8]*a[9]*a[11] - 12*a[7]^2*a[8]*a[10]^2*a[12]*a[19] + 12*a[7]^2*a[8]*a[10]^2*a[12] - 24*a[7]^2*a[8]*a[10]*a[11]*a[19] + 24*a[7]^2*a[8]*a[10]*a[11] - 6*a[7]^2*a[9]^2*a[10]^2*a[12]*a[19] + 6*a[7]^2*a[9]^2*a[10]^2*a[12] - 12*a[7]^2*a[9]^2*a[10]*a[11]*a[19] + 12*a[7]^2*a[9]^2*a[10]*a[11] - 12*a[7]^2*a[9]*a[10]^2*a[11]*a[19] + 12*a[7]^2*a[9]*a[10]^2*a[11] - 4*a[7]*a[8]^3*a[10]^2*a[13]*a[19] + 4*a[7]*a[8]^3*a[10]^2*a[13] - 8*a[7]*a[8]^3*a[10]*a[12]*a[19] + 8*a[7]*a[8]^3*a[10]*a[12] - 4*a[7]*a[8]^3*a[11]*a[19] + 4*a[7]*a[8]^3*a[11] - 12*a[7]*a[8]^2*a[9]*a[10]^2*a[12]*a[19] + 12*a[7]*a[8]^2*a[9]*a[10]^2*a[12] - 24*a[7]*a[8]^2*a[9]*a[10]*a[11]*a[19] + 24*a[7]*a[8]^2*a[9]*a[10]*a[11] - 12*a[7]*a[8]^2*a[10]^2*a[11]*a[19] + 12*a[7]*a[8]^2*a[10]^2*a[11] - 12*a[7]*a[8]*a[9]^2*a[10]^2*a[11]*a[19] + 12*a[7]*a[8]*a[9]^2*a[10]^2*a[11] - a[8]^4*a[10]^2*a[12]*a[19] + a[8]^4*a[10]^2*a[12] - 2*a[8]^4*a[10]*a[11]*a[19] + 2*a[8]^4*a[10]*a[11] - 4*a[8]^3*a[9]*a[10]^2*a[11]*a[19] + 4*a[8]^3*a[9]*a[10]^2*a[11] - 4*a[14]^3 - 12*a[14]^2*a[15]*a[17] - 12*a[14]^2*a[15]*a[18] - 6*a[14]^2*a[16]^2 - 12*a[14]^2*a[16]*a[17]*a[18] - 12*a[14]*a[15]^2*a[16] - 12*a[14]*a[15]^2*a[17]*a[18] - 12*a[14]*a[15]*a[16]^2*a[18] - a[15]^4 - 4*a[15]^3*a[16]*a[18],
a[1]^4*a[3]^2*a[6]*a[19] + 2*a[1]^4*a[3]*a[5]*a[19] + a[1]^4*a[4]*a[19] + 4*a[1]^3*a[2]*a[3]^2*a[5]*a[19] + 8*a[1]^3*a[2]*a[3]*a[4]*a[19] + 4*a[1]^3*a[3]^2*a[4]*a[19] + 6*a[1]^2*a[2]^2*a[3]^2*a[4]*a[19] - 4*a[7]^3*a[8]*a[19] + 4*a[7]^3*a[8] - 8*a[7]^3*a[9]*a[10]*a[19] + 8*a[7]^3*a[9]*a[10] - 4*a[7]^3*a[9]*a[13]*a[19] + 4*a[7]^3*a[9]*a[13] - 4*a[7]^3*a[10]^2*a[19] + 4*a[7]^3*a[10]^2 - 8*a[7]^3*a[10]*a[13]*a[19] + 8*a[7]^3*a[10]*a[13] - 4*a[7]^3*a[12]*a[19] + 4*a[7]^3*a[12] - 12*a[7]^2*a[8]^2*a[10]*a[19] + 12*a[7]^2*a[8]^2*a[10] - 6*a[7]^2*a[8]^2*a[13]*a[19] + 6*a[7]^2*a[8]^2*a[13] - 12*a[7]^2*a[8]*a[9]*a[10]^2*a[19] + 12*a[7]^2*a[8]*a[9]*a[10]^2 - 24*a[7]^2*a[8]*a[9]*a[10]*a[13]*a[19] + 24*a[7]^2*a[8]*a[9]*a[10]*a[13] - 12*a[7]^2*a[8]*a[9]*a[12]*a[19] + 12*a[7]^2*a[8]*a[9]*a[12] - 12*a[7]^2*a[8]*a[10]^2*a[13]*a[19] + 12*a[7]^2*a[8]*a[10]^2*a[13] - 24*a[7]^2*a[8]*a[10]*a[12]*a[19] + 24*a[7]^2*a[8]*a[10]*a[12] - 12*a[7]^2*a[8]*a[11]*a[19] + 12*a[7]^2*a[8]*a[11] - 6*a[7]^2*a[9]^2*a[10]^2*a[13]*a[19] + 6*a[7]^2*a[9]^2*a[10]^2*a[13] - 12*a[7]^2*a[9]^2*a[10]*a[12]*a[19] + 12*a[7]^2*a[9]^2*a[10]*a[12] - 6*a[7]^2*a[9]^2*a[11]*a[19] + 6*a[7]^2*a[9]^2*a[11] - 12*a[7]^2*a[9]*a[10]^2*a[12]*a[19] + 12*a[7]^2*a[9]*a[10]^2*a[12] - 24*a[7]^2*a[9]*a[10]*a[11]*a[19] + 24*a[7]^2*a[9]*a[10]*a[11] - 6*a[7]^2*a[10]^2*a[11]*a[19] + 6*a[7]^2*a[10]^2*a[11] - 4*a[7]*a[8]^3*a[10]^2*a[19] + 4*a[7]*a[8]^3*a[10]^2 - 8*a[7]*a[8]^3*a[10]*a[13]*a[19] + 8*a[7]*a[8]^3*a[10]*a[13] - 4*a[7]*a[8]^3*a[12]*a[19] + 4*a[7]*a[8]^3*a[12] - 12*a[7]*a[8]^2*a[9]*a[10]^2*a[13]*a[19] + 12*a[7]*a[8]^2*a[9]*a[10]^2*a[13] - 24*a[7]*a[8]^2*a[9]*a[10]*a[12]*a[19] + 24*a[7]*a[8]^2*a[9]*a[10]*a[12] - 12*a[7]*a[8]^2*a[9]*a[11]*a[19] + 12*a[7]*a[8]^2*a[9]*a[11] - 12*a[7]*a[8]^2*a[10]^2*a[12]*a[19] + 12*a[7]*a[8]^2*a[10]^2*a[12] - 24*a[7]*a[8]^2*a[10]*a[11]*a[19] + 24*a[7]*a[8]^2*a[10]*a[11] - 12*a[7]*a[8]*a[9]^2*a[10]^2*a[12]*a[19] + 12*a[7]*a[8]*a[9]^2*a[10]^2*a[12] - 24*a[7]*a[8]*a[9]^2*a[10]*a[11]*a[19] + 24*a[7]*a[8]*a[9]^2*a[10]*a[11] - 24*a[7]*a[8]*a[9]*a[10]^2*a[11]*a[19] + 24*a[7]*a[8]*a[9]*a[10]^2*a[11] - 4*a[7]*a[9]^3*a[10]^2*a[11]*a[19] + 4*a[7]*a[9]^3*a[10]^2*a[11] - a[8]^4*a[10]^2*a[13]*a[19] + a[8]^4*a[10]^2*a[13] - 2*a[8]^4*a[10]*a[12]*a[19] + 2*a[8]^4*a[10]*a[12] - a[8]^4*a[11]*a[19] + a[8]^4*a[11] - 4*a[8]^3*a[9]*a[10]^2*a[12]*a[19] + 4*a[8]^3*a[9]*a[10]^2*a[12] - 8*a[8]^3*a[9]*a[10]*a[11]*a[19] + 8*a[8]^3*a[9]*a[10]*a[11] - 4*a[8]^3*a[10]^2*a[11]*a[19] + 4*a[8]^3*a[10]^2*a[11] - 6*a[8]^2*a[9]^2*a[10]^2*a[11]*a[19] + 6*a[8]^2*a[9]^2*a[10]^2*a[11] - 12*a[14]^2*a[15] - 12*a[14]^2*a[16]*a[17] - 12*a[14]^2*a[16]*a[18] - 6*a[14]^2*a[17]^2*a[18] - 12*a[14]*a[15]^2*a[17] - 12*a[14]*a[15]^2*a[18] - 12*a[14]*a[15]*a[16]^2 - 24*a[14]*a[15]*a[16]*a[17]*a[18] - 4*a[14]*a[16]^3*a[18] - 4*a[15]^3*a[16] - 4*a[15]^3*a[17]*a[18] - 6*a[15]^2*a[16]^2*a[18],
a[1]^4*a[3]^2*a[19] + 2*a[1]^4*a[3]*a[6]*a[19] + a[1]^4*a[5]*a[19] + 4*a[1]^3*a[2]*a[3]^2*a[6]*a[19] + 8*a[1]^3*a[2]*a[3]*a[5]*a[19] + 4*a[1]^3*a[2]*a[4]*a[19] + 4*a[1]^3*a[3]^2*a[5]*a[19] + 8*a[1]^3*a[3]*a[4]*a[19] + 6*a[1]^2*a[2]^2*a[3]^2*a[5]*a[19] + 12*a[1]^2*a[2]^2*a[3]*a[4]*a[19] + 12*a[1]^2*a[2]*a[3]^2*a[4]*a[19] + 4*a[1]*a[2]^3*a[3]^2*a[4]*a[19] - 4*a[7]^3*a[9]*a[19] + 4*a[7]^3*a[9] - 8*a[7]^3*a[10]*a[19] + 8*a[7]^3*a[10] - 4*a[7]^3*a[13]*a[19] + 4*a[7]^3*a[13] - 6*a[7]^2*a[8]^2*a[19] + 6*a[7]^2*a[8]^2 - 24*a[7]^2*a[8]*a[9]*a[10]*a[19] + 24*a[7]^2*a[8]*a[9]*a[10] - 12*a[7]^2*a[8]*a[9]*a[13]*a[19] + 12*a[7]^2*a[8]*a[9]*a[13] - 12*a[7]^2*a[8]*a[10]^2*a[19] + 12*a[7]^2*a[8]*a[10]^2 - 24*a[7]^2*a[8]*a[10]*a[13]*a[19] + 24*a[7]^2*a[8]*a[10]*a[13] - 12*a[7]^2*a[8]*a[12]*a[19] + 12*a[7]^2*a[8]*a[12] - 6*a[7]^2*a[9]^2*a[10]^2*a[19] + 6*a[7]^2*a[9]^2*a[10]^2 - 12*a[7]^2*a[9]^2*a[10]*a[13]*a[19] + 12*a[7]^2*a[9]^2*a[10]*a[13] - 6*a[7]^2*a[9]^2*a[12]*a[19] + 6*a[7]^2*a[9]^2*a[12] - 12*a[7]^2*a[9]*a[10]^2*a[13]*a[19] + 12*a[7]^2*a[9]*a[10]^2*a[13] - 24*a[7]^2*a[9]*a[10]*a[12]*a[19] + 24*a[7]^2*a[9]*a[10]*a[12] - 12*a[7]^2*a[9]*a[11]*a[19] + 12*a[7]^2*a[9]*a[11] - 6*a[7]^2*a[10]^2*a[12]*a[19] + 6*a[7]^2*a[10]^2*a[12] - 12*a[7]^2*a[10]*a[11]*a[19] + 12*a[7]^2*a[10]*a[11] - 8*a[7]*a[8]^3*a[10]*a[19] + 8*a[7]*a[8]^3*a[10] - 4*a[7]*a[8]^3*a[13]*a[19] + 4*a[7]*a[8]^3*a[13] - 12*a[7]*a[8]^2*a[9]*a[10]^2*a[19] + 12*a[7]*a[8]^2*a[9]*a[10]^2 - 24*a[7]*a[8]^2*a[9]*a[10]*a[13]*a[19] + 24*a[7]*a[8]^2*a[9]*a[10]*a[13] - 12*a[7]*a[8]^2*a[9]*a[12]*a[19] + 12*a[7]*a[8]^2*a[9]*a[12] - 12*a[7]*a[8]^2*a[10]^2*a[13]*a[19] + 12*a[7]*a[8]^2*a[10]^2*a[13] - 24*a[7]*a[8]^2*a[10]*a[12]*a[19] + 24*a[7]*a[8]^2*a[10]*a[12] - 12*a[7]*a[8]^2*a[11]*a[19] + 12*a[7]*a[8]^2*a[11] - 12*a[7]*a[8]*a[9]^2*a[10]^2*a[13]*a[19] + 12*a[7]*a[8]*a[9]^2*a[10]^2*a[13] - 24*a[7]*a[8]*a[9]^2*a[10]*a[12]*a[19] + 24*a[7]*a[8]*a[9]^2*a[10]*a[12] - 12*a[7]*a[8]*a[9]^2*a[11]*a[19] + 12*a[7]*a[8]*a[9]^2*a[11] - 24*a[7]*a[8]*a[9]*a[10]^2*a[12]*a[19] + 24*a[7]*a[8]*a[9]*a[10]^2*a[12] - 48*a[7]*a[8]*a[9]*a[10]*a[11]*a[19] + 48*a[7]*a[8]*a[9]*a[10]*a[11] - 12*a[7]*a[8]*a[10]^2*a[11]*a[19] + 12*a[7]*a[8]*a[10]^2*a[11] - 4*a[7]*a[9]^3*a[10]^2*a[12]*a[19] + 4*a[7]*a[9]^3*a[10]^2*a[12] - 8*a[7]*a[9]^3*a[10]*a[11]*a[19] + 8*a[7]*a[9]^3*a[10]*a[11] - 12*a[7]*a[9]^2*a[10]^2*a[11]*a[19] + 12*a[7]*a[9]^2*a[10]^2*a[11] - a[8]^4*a[10]^2*a[19] + a[8]^4*a[10]^2 - 2*a[8]^4*a[10]*a[13]*a[19] + 2*a[8]^4*a[10]*a[13] - a[8]^4*a[12]*a[19] + a[8]^4*a[12] - 4*a[8]^3*a[9]*a[10]^2*a[13]*a[19] + 4*a[8]^3*a[9]*a[10]^2*a[13] - 8*a[8]^3*a[9]*a[10]*a[12]*a[19] + 8*a[8]^3*a[9]*a[10]*a[12] - 4*a[8]^3*a[9]*a[11]*a[19] + 4*a[8]^3*a[9]*a[11] - 4*a[8]^3*a[10]^2*a[12]*a[19] + 4*a[8]^3*a[10]^2*a[12] - 8*a[8]^3*a[10]*a[11]*a[19] + 8*a[8]^3*a[10]*a[11] - 6*a[8]^2*a[9]^2*a[10]^2*a[12]*a[19] + 6*a[8]^2*a[9]^2*a[10]^2*a[12] - 12*a[8]^2*a[9]^2*a[10]*a[11]*a[19] + 12*a[8]^2*a[9]^2*a[10]*a[11] - 12*a[8]^2*a[9]*a[10]^2*a[11]*a[19] + 12*a[8]^2*a[9]*a[10]^2*a[11] - 4*a[8]*a[9]^3*a[10]^2*a[11]*a[19] + 4*a[8]*a[9]^3*a[10]^2*a[11] - 12*a[14]^2*a[16] - 6*a[14]^2*a[17]^2 - 12*a[14]^2*a[17]*a[18] - 12*a[14]*a[15]^2 - 24*a[14]*a[15]*a[16]*a[17] - 24*a[14]*a[15]*a[16]*a[18] - 12*a[14]*a[15]*a[17]^2*a[18] - 4*a[14]*a[16]^3 - 12*a[14]*a[16]^2*a[17]*a[18] - 4*a[15]^3*a[17] - 4*a[15]^3*a[18] - 6*a[15]^2*a[16]^2 - 12*a[15]^2*a[16]*a[17]*a[18] - 4*a[15]*a[16]^3*a[18],
2*a[1]^4*a[3]*a[19] + a[1]^4*a[6]*a[19] + 4*a[1]^3*a[2]*a[3]^2*a[19] + 8*a[1]^3*a[2]*a[3]*a[6]*a[19] + 4*a[1]^3*a[2]*a[5]*a[19] + 4*a[1]^3*a[3]^2*a[6]*a[19] + 8*a[1]^3*a[3]*a[5]*a[19] + 4*a[1]^3*a[4]*a[19] + 6*a[1]^2*a[2]^2*a[3]^2*a[6]*a[19] + 12*a[1]^2*a[2]^2*a[3]*a[5]*a[19] + 6*a[1]^2*a[2]^2*a[4]*a[19] + 12*a[1]^2*a[2]*a[3]^2*a[5]*a[19] + 24*a[1]^2*a[2]*a[3]*a[4]*a[19] + 6*a[1]^2*a[3]^2*a[4]*a[19] + 4*a[1]*a[2]^3*a[3]^2*a[5]*a[19] + 8*a[1]*a[2]^3*a[3]*a[4]*a[19] + 12*a[1]*a[2]^2*a[3]^2*a[4]*a[19] + a[2]^4*a[3]^2*a[4]*a[19] - 4*a[7]^3*a[19] + 4*a[7]^3 - 12*a[7]^2*a[8]*a[9]*a[19] + 12*a[7]^2*a[8]*a[9] - 24*a[7]^2*a[8]*a[10]*a[19] + 24*a[7]^2*a[8]*a[10] - 12*a[7]^2*a[8]*a[13]*a[19] + 12*a[7]^2*a[8]*a[13] - 12*a[7]^2*a[9]^2*a[10]*a[19] + 12*a[7]^2*a[9]^2*a[10] - 6*a[7]^2*a[9]^2*a[13]*a[19] + 6*a[7]^2*a[9]^2*a[13] - 12*a[7]^2*a[9]*a[10]^2*a[19] + 12*a[7]^2*a[9]*a[10]^2 - 24*a[7]^2*a[9]*a[10]*a[13]*a[19] + 24*a[7]^2*a[9]*a[10]*a[13] - 12*a[7]^2*a[9]*a[12]*a[19] + 12*a[7]^2*a[9]*a[12] - 6*a[7]^2*a[10]^2*a[13]*a[19] + 6*a[7]^2*a[10]^2*a[13] - 12*a[7]^2*a[10]*a[12]*a[19] + 12*a[7]^2*a[10]*a[12] - 6*a[7]^2*a[11]*a[19] + 6*a[7]^2*a[11] - 4*a[7]*a[8]^3*a[19] + 4*a[7]*a[8]^3 - 24*a[7]*a[8]^2*a[9]*a[10]*a[19] + 24*a[7]*a[8]^2*a[9]*a[10] - 12*a[7]*a[8]^2*a[9]*a[13]*a[19] + 12*a[7]*a[8]^2*a[9]*a[13] - 12*a[7]*a[8]^2*a[10]^2*a[19] + 12*a[7]*a[8]^2*a[10]^2 - 24*a[7]*a[8]^2*a[10]*a[13]*a[19] + 24*a[7]*a[8]^2*a[10]*a[13] - 12*a[7]*a[8]^2*a[12]*a[19] + 12*a[7]*a[8]^2*a[12] - 12*a[7]*a[8]*a[9]^2*a[10]^2*a[19] + 12*a[7]*a[8]*a[9]^2*a[10]^2 - 24*a[7]*a[8]*a[9]^2*a[10]*a[13]*a[19] + 24*a[7]*a[8]*a[9]^2*a[10]*a[13] - 12*a[7]*a[8]*a[9]^2*a[12]*a[19] + 12*a[7]*a[8]*a[9]^2*a[12] - 24*a[7]*a[8]*a[9]*a[10]^2*a[13]*a[19] + 24*a[7]*a[8]*a[9]*a[10]^2*a[13] - 48*a[7]*a[8]*a[9]*a[10]*a[12]*a[19] + 48*a[7]*a[8]*a[9]*a[10]*a[12] - 24*a[7]*a[8]*a[9]*a[11]*a[19] + 24*a[7]*a[8]*a[9]*a[11] - 12*a[7]*a[8]*a[10]^2*a[12]*a[19] + 12*a[7]*a[8]*a[10]^2*a[12] - 24*a[7]*a[8]*a[10]*a[11]*a[19] + 24*a[7]*a[8]*a[10]*a[11] - 4*a[7]*a[9]^3*a[10]^2*a[13]*a[19] + 4*a[7]*a[9]^3*a[10]^2*a[13] - 8*a[7]*a[9]^3*a[10]*a[12]*a[19] + 8*a[7]*a[9]^3*a[10]*a[12] - 4*a[7]*a[9]^3*a[11]*a[19] + 4*a[7]*a[9]^3*a[11] - 12*a[7]*a[9]^2*a[10]^2*a[12]*a[19] + 12*a[7]*a[9]^2*a[10]^2*a[12] - 24*a[7]*a[9]^2*a[10]*a[11]*a[19] + 24*a[7]*a[9]^2*a[10]*a[11] - 12*a[7]*a[9]*a[10]^2*a[11]*a[19] + 12*a[7]*a[9]*a[10]^2*a[11] - 2*a[8]^4*a[10]*a[19] + 2*a[8]^4*a[10] - a[8]^4*a[13]*a[19] + a[8]^4*a[13] - 4*a[8]^3*a[9]*a[10]^2*a[19] + 4*a[8]^3*a[9]*a[10]^2 - 8*a[8]^3*a[9]*a[10]*a[13]*a[19] + 8*a[8]^3*a[9]*a[10]*a[13] - 4*a[8]^3*a[9]*a[12]*a[19] + 4*a[8]^3*a[9]*a[12] - 4*a[8]^3*a[10]^2*a[13]*a[19] + 4*a[8]^3*a[10]^2*a[13] - 8*a[8]^3*a[10]*a[12]*a[19] + 8*a[8]^3*a[10]*a[12] - 4*a[8]^3*a[11]*a[19] + 4*a[8]^3*a[11] - 6*a[8]^2*a[9]^2*a[10]^2*a[13]*a[19] + 6*a[8]^2*a[9]^2*a[10]^2*a[13] - 12*a[8]^2*a[9]^2*a[10]*a[12]*a[19] + 12*a[8]^2*a[9]^2*a[10]*a[12] - 6*a[8]^2*a[9]^2*a[11]*a[19] + 6*a[8]^2*a[9]^2*a[11] - 12*a[8]^2*a[9]*a[10]^2*a[12]*a[19] + 12*a[8]^2*a[9]*a[10]^2*a[12] - 24*a[8]^2*a[9]*a[10]*a[11]*a[19] + 24*a[8]^2*a[9]*a[10]*a[11] - 6*a[8]^2*a[10]^2*a[11]*a[19] + 6*a[8]^2*a[10]^2*a[11] - 4*a[8]*a[9]^3*a[10]^2*a[12]*a[19] + 4*a[8]*a[9]^3*a[10]^2*a[12] - 8*a[8]*a[9]^3*a[10]*a[11]*a[19] + 8*a[8]*a[9]^3*a[10]*a[11] - 12*a[8]*a[9]^2*a[10]^2*a[11]*a[19] + 12*a[8]*a[9]^2*a[10]^2*a[11] - a[9]^4*a[10]^2*a[11]*a[19] + a[9]^4*a[10]^2*a[11] - 12*a[14]^2*a[17] - 6*a[14]^2*a[18] - 24*a[14]*a[15]*a[16] - 12*a[14]*a[15]*a[17]^2 - 24*a[14]*a[15]*a[17]*a[18] - 12*a[14]*a[16]^2*a[17] - 12*a[14]*a[16]^2*a[18] - 12*a[14]*a[16]*a[17]^2*a[18] - 4*a[15]^3 - 12*a[15]^2*a[16]*a[17] - 12*a[15]^2*a[16]*a[18] - 6*a[15]^2*a[17]^2*a[18] - 4*a[15]*a[16]^3 - 12*a[15]*a[16]^2*a[17]*a[18] - a[16]^4*a[18],
a[1]^4*a[19] + 8*a[1]^3*a[2]*a[3]*a[19] + 4*a[1]^3*a[2]*a[6]*a[19] + 4*a[1]^3*a[3]^2*a[19] + 8*a[1]^3*a[3]*a[6]*a[19] + 4*a[1]^3*a[5]*a[19] + 6*a[1]^2*a[2]^2*a[3]^2*a[19] + 12*a[1]^2*a[2]^2*a[3]*a[6]*a[19] + 6*a[1]^2*a[2]^2*a[5]*a[19] + 12*a[1]^2*a[2]*a[3]^2*a[6]*a[19] + 24*a[1]^2*a[2]*a[3]*a[5]*a[19] + 12*a[1]^2*a[2]*a[4]*a[19] + 6*a[1]^2*a[3]^2*a[5]*a[19] + 12*a[1]^2*a[3]*a[4]*a[19] + 4*a[1]*a[2]^3*a[3]^2*a[6]*a[19] + 8*a[1]*a[2]^3*a[3]*a[5]*a[19] + 4*a[1]*a[2]^3*a[4]*a[19] + 12*a[1]*a[2]^2*a[3]^2*a[5]*a[19] + 24*a[1]*a[2]^2*a[3]*a[4]*a[19] + 12*a[1]*a[2]*a[3]^2*a[4]*a[19] + a[2]^4*a[3]^2*a[5]*a[19] + 2*a[2]^4*a[3]*a[4]*a[19] + 4*a[2]^3*a[3]^2*a[4]*a[19] - 12*a[7]^2*a[8]*a[19] + 12*a[7]^2*a[8] - 6*a[7]^2*a[9]^2*a[19] + 6*a[7]^2*a[9]^2 - 24*a[7]^2*a[9]*a[10]*a[19] + 24*a[7]^2*a[9]*a[10] - 12*a[7]^2*a[9]*a[13]*a[19] + 12*a[7]^2*a[9]*a[13] - 6*a[7]^2*a[10]^2*a[19] + 6*a[7]^2*a[10]^2 - 12*a[7]^2*a[10]*a[13]*a[19] + 12*a[7]^2*a[10]*a[13] - 6*a[7]^2*a[12]*a[19] + 6*a[7]^2*a[12] - 12*a[7]*a[8]^2*a[9]*a[19] + 12*a[7]*a[8]^2*a[9] - 24*a[7]*a[8]^2*a[10]*a[19] + 24*a[7]*a[8]^2*a[10] - 12*a[7]*a[8]^2*a[13]*a[19] + 12*a[7]*a[8]^2*a[13] - 24*a[7]*a[8]*a[9]^2*a[10]*a[19] + 24*a[7]*a[8]*a[9]^2*a[10] - 12*a[7]*a[8]*a[9]^2*a[13]*a[19] + 12*a[7]*a[8]*a[9]^2*a[13] - 24*a[7]*a[8]*a[9]*a[10]^2*a[19] + 24*a[7]*a[8]*a[9]*a[10]^2 - 48*a[7]*a[8]*a[9]*a[10]*a[13]*a[19] + 48*a[7]*a[8]*a[9]*a[10]*a[13] - 24*a[7]*a[8]*a[9]*a[12]*a[19] + 24*a[7]*a[8]*a[9]*a[12] - 12*a[7]*a[8]*a[10]^2*a[13]*a[19] + 12*a[7]*a[8]*a[10]^2*a[13] - 24*a[7]*a[8]*a[10]*a[12]*a[19] + 24*a[7]*a[8]*a[10]*a[12] - 12*a[7]*a[8]*a[11]*a[19] + 12*a[7]*a[8]*a[11] - 4*a[7]*a[9]^3*a[10]^2*a[19] + 4*a[7]*a[9]^3*a[10]^2 - 8*a[7]*a[9]^3*a[10]*a[13]*a[19] + 8*a[7]*a[9]^3*a[10]*a[13] - 4*a[7]*a[9]^3*a[12]*a[19] + 4*a[7]*a[9]^3*a[12] - 12*a[7]*a[9]^2*a[10]^2*a[13]*a[19] + 12*a[7]*a[9]^2*a[10]^2*a[13] - 24*a[7]*a[9]^2*a[10]*a[12]*a[19] + 24*a[7]*a[9]^2*a[10]*a[12] - 12*a[7]*a[9]^2*a[11]*a[19] + 12*a[7]*a[9]^2*a[11] - 12*a[7]*a[9]*a[10]^2*a[12]*a[19] + 12*a[7]*a[9]*a[10]^2*a[12] - 24*a[7]*a[9]*a[10]*a[11]*a[19] + 24*a[7]*a[9]*a[10]*a[11] - 4*a[7]*a[10]^2*a[11]*a[19] + 4*a[7]*a[10]^2*a[11] - a[8]^4*a[19] + a[8]^4 - 8*a[8]^3*a[9]*a[10]*a[19] + 8*a[8]^3*a[9]*a[10] - 4*a[8]^3*a[9]*a[13]*a[19] + 4*a[8]^3*a[9]*a[13] - 4*a[8]^3*a[10]^2*a[19] + 4*a[8]^3*a[10]^2 - 8*a[8]^3*a[10]*a[13]*a[19] + 8*a[8]^3*a[10]*a[13] - 4*a[8]^3*a[12]*a[19] + 4*a[8]^3*a[12] - 6*a[8]^2*a[9]^2*a[10]^2*a[19] + 6*a[8]^2*a[9]^2*a[10]^2 - 12*a[8]^2*a[9]^2*a[10]*a[13]*a[19] + 12*a[8]^2*a[9]^2*a[10]*a[13] - 6*a[8]^2*a[9]^2*a[12]*a[19] + 6*a[8]^2*a[9]^2*a[12] - 12*a[8]^2*a[9]*a[10]^2*a[13]*a[19] + 12*a[8]^2*a[9]*a[10]^2*a[13] - 24*a[8]^2*a[9]*a[10]*a[12]*a[19] + 24*a[8]^2*a[9]*a[10]*a[12] - 12*a[8]^2*a[9]*a[11]*a[19] + 12*a[8]^2*a[9]*a[11] - 6*a[8]^2*a[10]^2*a[12]*a[19] + 6*a[8]^2*a[10]^2*a[12] - 12*a[8]^2*a[10]*a[11]*a[19] + 12*a[8]^2*a[10]*a[11] - 4*a[8]*a[9]^3*a[10]^2*a[13]*a[19] + 4*a[8]*a[9]^3*a[10]^2*a[13] - 8*a[8]*a[9]^3*a[10]*a[12]*a[19] + 8*a[8]*a[9]^3*a[10]*a[12] - 4*a[8]*a[9]^3*a[11]*a[19] + 4*a[8]*a[9]^3*a[11] - 12*a[8]*a[9]^2*a[10]^2*a[12]*a[19] + 12*a[8]*a[9]^2*a[10]^2*a[12] - 24*a[8]*a[9]^2*a[10]*a[11]*a[19] + 24*a[8]*a[9]^2*a[10]*a[11] - 12*a[8]*a[9]*a[10]^2*a[11]*a[19] + 12*a[8]*a[9]*a[10]^2*a[11] - a[9]^4*a[10]^2*a[12]*a[19] + a[9]^4*a[10]^2*a[12] - 2*a[9]^4*a[10]*a[11]*a[19] + 2*a[9]^4*a[10]*a[11] - 4*a[9]^3*a[10]^2*a[11]*a[19] + 4*a[9]^3*a[10]^2*a[11] - 6*a[14]^2 - 24*a[14]*a[15]*a[17] - 12*a[14]*a[15]*a[18] - 12*a[14]*a[16]^2 - 12*a[14]*a[16]*a[17]^2 - 24*a[14]*a[16]*a[17]*a[18] - 4*a[14]*a[17]^3*a[18] - 12*a[15]^2*a[16] - 6*a[15]^2*a[17]^2 - 12*a[15]^2*a[17]*a[18] - 12*a[15]*a[16]^2*a[17] - 12*a[15]*a[16]^2*a[18] - 12*a[15]*a[16]*a[17]^2*a[18] - a[16]^4 - 4*a[16]^3*a[17]*a[18],
4*a[1]^3*a[2]*a[19] + 8*a[1]^3*a[3]*a[19] + 4*a[1]^3*a[6]*a[19] + 12*a[1]^2*a[2]^2*a[3]*a[19] + 6*a[1]^2*a[2]^2*a[6]*a[19] + 12*a[1]^2*a[2]*a[3]^2*a[19] + 24*a[1]^2*a[2]*a[3]*a[6]*a[19] + 12*a[1]^2*a[2]*a[5]*a[19] + 6*a[1]^2*a[3]^2*a[6]*a[19] + 12*a[1]^2*a[3]*a[5]*a[19] + 6*a[1]^2*a[4]*a[19] + 4*a[1]*a[2]^3*a[3]^2*a[19] + 8*a[1]*a[2]^3*a[3]*a[6]*a[19] + 4*a[1]*a[2]^3*a[5]*a[19] + 12*a[1]*a[2]^2*a[3]^2*a[6]*a[19] + 24*a[1]*a[2]^2*a[3]*a[5]*a[19] + 12*a[1]*a[2]^2*a[4]*a[19] + 12*a[1]*a[2]*a[3]^2*a[5]*a[19] + 24*a[1]*a[2]*a[3]*a[4]*a[19] + 4*a[1]*a[3]^2*a[4]*a[19] + a[2]^4*a[3]^2*a[6]*a[19] + 2*a[2]^4*a[3]*a[5]*a[19] + a[2]^4*a[4]*a[19] + 4*a[2]^3*a[3]^2*a[5]*a[19] + 8*a[2]^3*a[3]*a[4]*a[19] + 6*a[2]^2*a[3]^2*a[4]*a[19] - 12*a[7]^2*a[9]*a[19] + 12*a[7]^2*a[9] - 12*a[7]^2*a[10]*a[19] + 12*a[7]^2*a[10] - 6*a[7]^2*a[13]*a[19] + 6*a[7]^2*a[13] - 12*a[7]*a[8]^2*a[19] + 12*a[7]*a[8]^2 - 12*a[7]*a[8]*a[9]^2*a[19] + 12*a[7]*a[8]*a[9]^2 - 48*a[7]*a[8]*a[9]*a[10]*a[19] + 48*a[7]*a[8]*a[9]*a[10] - 24*a[7]*a[8]*a[9]*a[13]*a[19] + 24*a[7]*a[8]*a[9]*a[13] - 12*a[7]*a[8]*a[10]^2*a[19] + 12*a[7]*a[8]*a[10]^2 - 24*a[7]*a[8]*a[10]*a[13]*a[19] + 24*a[7]*a[8]*a[10]*a[13] - 12*a[7]*a[8]*a[12]*a[19] + 12*a[7]*a[8]*a[12] - 8*a[7]*a[9]^3*a[10]*a[19] + 8*a[7]*a[9]^3*a[10] - 4*a[7]*a[9]^3*a[13]*a[19] + 4*a[7]*a[9]^3*a[13] - 12*a[7]*a[9]^2*a[10]^2*a[19] + 12*a[7]*a[9]^2*a[10]^2 - 24*a[7]*a[9]^2*a[10]*a[13]*a[19] + 24*a[7]*a[9]^2*a[10]*a[13] - 12*a[7]*a[9]^2*a[12]*a[19] + 12*a[7]*a[9]^2*a[12] - 12*a[7]*a[9]*a[10]^2*a[13]*a[19] + 12*a[7]*a[9]*a[10]^2*a[13] - 24*a[7]*a[9]*a[10]*a[12]*a[19] + 24*a[7]*a[9]*a[10]*a[12] - 12*a[7]*a[9]*a[11]*a[19] + 12*a[7]*a[9]*a[11] - 4*a[7]*a[10]^2*a[12]*a[19] + 4*a[7]*a[10]^2*a[12] - 8*a[7]*a[10]*a[11]*a[19] + 8*a[7]*a[10]*a[11] - 4*a[8]^3*a[9]*a[19] + 4*a[8]^3*a[9] - 8*a[8]^3*a[10]*a[19] + 8*a[8]^3*a[10] - 4*a[8]^3*a[13]*a[19] + 4*a[8]^3*a[13] - 12*a[8]^2*a[9]^2*a[10]*a[19] + 12*a[8]^2*a[9]^2*a[10] - 6*a[8]^2*a[9]^2*a[13]*a[19] + 6*a[8]^2*a[9]^2*a[13] - 12*a[8]^2*a[9]*a[10]^2*a[19] + 12*a[8]^2*a[9]*a[10]^2 - 24*a[8]^2*a[9]*a[10]*a[13]*a[19] + 24*a[8]^2*a[9]*a[10]*a[13] - 12*a[8]^2*a[9]*a[12]*a[19] + 12*a[8]^2*a[9]*a[12] - 6*a[8]^2*a[10]^2*a[13]*a[19] + 6*a[8]^2*a[10]^2*a[13] - 12*a[8]^2*a[10]*a[12]*a[19] + 12*a[8]^2*a[10]*a[12] - 6*a[8]^2*a[11]*a[19] + 6*a[8]^2*a[11] - 4*a[8]*a[9]^3*a[10]^2*a[19] + 4*a[8]*a[9]^3*a[10]^2 - 8*a[8]*a[9]^3*a[10]*a[13]*a[19] + 8*a[8]*a[9]^3*a[10]*a[13] - 4*a[8]*a[9]^3*a[12]*a[19] + 4*a[8]*a[9]^3*a[12] - 12*a[8]*a[9]^2*a[10]^2*a[13]*a[19] + 12*a[8]*a[9]^2*a[10]^2*a[13] - 24*a[8]*a[9]^2*a[10]*a[12]*a[19] + 24*a[8]*a[9]^2*a[10]*a[12] - 12*a[8]*a[9]^2*a[11]*a[19] + 12*a[8]*a[9]^2*a[11] - 12*a[8]*a[9]*a[10]^2*a[12]*a[19] + 12*a[8]*a[9]*a[10]^2*a[12] - 24*a[8]*a[9]*a[10]*a[11]*a[19] + 24*a[8]*a[9]*a[10]*a[11] - 4*a[8]*a[10]^2*a[11]*a[19] + 4*a[8]*a[10]^2*a[11] - a[9]^4*a[10]^2*a[13]*a[19] + a[9]^4*a[10]^2*a[13] - 2*a[9]^4*a[10]*a[12]*a[19] + 2*a[9]^4*a[10]*a[12] - a[9]^4*a[11]*a[19] + a[9]^4*a[11] - 4*a[9]^3*a[10]^2*a[12]*a[19] + 4*a[9]^3*a[10]^2*a[12] - 8*a[9]^3*a[10]*a[11]*a[19] + 8*a[9]^3*a[10]*a[11] - 6*a[9]^2*a[10]^2*a[11]*a[19] + 6*a[9]^2*a[10]^2*a[11] - 12*a[14]*a[15] - 24*a[14]*a[16]*a[17] - 12*a[14]*a[16]*a[18] - 4*a[14]*a[17]^3 - 12*a[14]*a[17]^2*a[18] - 12*a[15]^2*a[17] - 6*a[15]^2*a[18] - 12*a[15]*a[16]^2 - 12*a[15]*a[16]*a[17]^2 - 24*a[15]*a[16]*a[17]*a[18] - 4*a[15]*a[17]^3*a[18] - 4*a[16]^3*a[17] - 4*a[16]^3*a[18] - 6*a[16]^2*a[17]^2*a[18],
4*a[1]^3*a[19] + 6*a[1]^2*a[2]^2*a[19] + 24*a[1]^2*a[2]*a[3]*a[19] + 12*a[1]^2*a[2]*a[6]*a[19] + 6*a[1]^2*a[3]^2*a[19] + 12*a[1]^2*a[3]*a[6]*a[19] + 6*a[1]^2*a[5]*a[19] + 8*a[1]*a[2]^3*a[3]*a[19] + 4*a[1]*a[2]^3*a[6]*a[19] + 12*a[1]*a[2]^2*a[3]^2*a[19] + 24*a[1]*a[2]^2*a[3]*a[6]*a[19] + 12*a[1]*a[2]^2*a[5]*a[19] + 12*a[1]*a[2]*a[3]^2*a[6]*a[19] + 24*a[1]*a[2]*a[3]*a[5]*a[19] + 12*a[1]*a[2]*a[4]*a[19] + 4*a[1]*a[3]^2*a[5]*a[19] + 8*a[1]*a[3]*a[4]*a[19] + a[2]^4*a[3]^2*a[19] + 2*a[2]^4*a[3]*a[6]*a[19] + a[2]^4*a[5]*a[19] + 4*a[2]^3*a[3]^2*a[6]*a[19] + 8*a[2]^3*a[3]*a[5]*a[19] + 4*a[2]^3*a[4]*a[19] + 6*a[2]^2*a[3]^2*a[5]*a[19] + 12*a[2]^2*a[3]*a[4]*a[19] + 4*a[2]*a[3]^2*a[4]*a[19] - 6*a[7]^2*a[19] + 6*a[7]^2 - 24*a[7]*a[8]*a[9]*a[19] + 24*a[7]*a[8]*a[9] - 24*a[7]*a[8]*a[10]*a[19] + 24*a[7]*a[8]*a[10] - 12*a[7]*a[8]*a[13]*a[19] + 12*a[7]*a[8]*a[13] - 4*a[7]*a[9]^3*a[19] + 4*a[7]*a[9]^3 - 24*a[7]*a[9]^2*a[10]*a[19] + 24*a[7]*a[9]^2*a[10] - 12*a[7]*a[9]^2*a[13]*a[19] + 12*a[7]*a[9]^2*a[13] - 12*a[7]*a[9]*a[10]^2*a[19] + 12*a[7]*a[9]*a[10]^2 - 24*a[7]*a[9]*a[10]*a[13]*a[19] + 24*a[7]*a[9]*a[10]*a[13] - 12*a[7]*a[9]*a[12]*a[19] + 12*a[7]*a[9]*a[12] - 4*a[7]*a[10]^2*a[13]*a[19] + 4*a[7]*a[10]^2*a[13] - 8*a[7]*a[10]*a[12]*a[19] + 8*a[7]*a[10]*a[12] - 4*a[7]*a[11]*a[19] + 4*a[7]*a[11] - 4*a[8]^3*a[19] + 4*a[8]^3 - 6*a[8]^2*a[9]^2*a[19] + 6*a[8]^2*a[9]^2 - 24*a[8]^2*a[9]*a[10]*a[19] + 24*a[8]^2*a[9]*a[10] - 12*a[8]^2*a[9]*a[13]*a[19] + 12*a[8]^2*a[9]*a[13] - 6*a[8]^2*a[10]^2*a[19] + 6*a[8]^2*a[10]^2 - 12*a[8]^2*a[10]*a[13]*a[19] + 12*a[8]^2*a[10]*a[13] - 6*a[8]^2*a[12]*a[19] + 6*a[8]^2*a[12] - 8*a[8]*a[9]^3*a[10]*a[19] + 8*a[8]*a[9]^3*a[10] - 4*a[8]*a[9]^3*a[13]*a[19] + 4*a[8]*a[9]^3*a[13] - 12*a[8]*a[9]^2*a[10]^2*a[19] + 12*a[8]*a[9]^2*a[10]^2 - 24*a[8]*a[9]^2*a[10]*a[13]*a[19] + 24*a[8]*a[9]^2*a[10]*a[13] - 12*a[8]*a[9]^2*a[12]*a[19] + 12*a[8]*a[9]^2*a[12] - 12*a[8]*a[9]*a[10]^2*a[13]*a[19] + 12*a[8]*a[9]*a[10]^2*a[13] - 24*a[8]*a[9]*a[10]*a[12]*a[19] + 24*a[8]*a[9]*a[10]*a[12] - 12*a[8]*a[9]*a[11]*a[19] + 12*a[8]*a[9]*a[11] - 4*a[8]*a[10]^2*a[12]*a[19] + 4*a[8]*a[10]^2*a[12] - 8*a[8]*a[10]*a[11]*a[19] + 8*a[8]*a[10]*a[11] - a[9]^4*a[10]^2*a[19] + a[9]^4*a[10]^2 - 2*a[9]^4*a[10]*a[13]*a[19] + 2*a[9]^4*a[10]*a[13] - a[9]^4*a[12]*a[19] + a[9]^4*a[12] - 4*a[9]^3*a[10]^2*a[13]*a[19] + 4*a[9]^3*a[10]^2*a[13] - 8*a[9]^3*a[10]*a[12]*a[19] + 8*a[9]^3*a[10]*a[12] - 4*a[9]^3*a[11]*a[19] + 4*a[9]^3*a[11] - 6*a[9]^2*a[10]^2*a[12]*a[19] + 6*a[9]^2*a[10]^2*a[12] - 12*a[9]^2*a[10]*a[11]*a[19] + 12*a[9]^2*a[10]*a[11] - 4*a[9]*a[10]^2*a[11]*a[19] + 4*a[9]*a[10]^2*a[11] - 12*a[14]*a[16] - 12*a[14]*a[17]^2 - 12*a[14]*a[17]*a[18] - 6*a[15]^2 - 24*a[15]*a[16]*a[17] - 12*a[15]*a[16]*a[18] - 4*a[15]*a[17]^3 - 12*a[15]*a[17]^2*a[18] - 4*a[16]^3 - 6*a[16]^2*a[17]^2 - 12*a[16]^2*a[17]*a[18] - 4*a[16]*a[17]^3*a[18],
12*a[1]^2*a[2]*a[19] + 12*a[1]^2*a[3]*a[19] + 6*a[1]^2*a[6]*a[19] + 4*a[1]*a[2]^3*a[19] + 24*a[1]*a[2]^2*a[3]*a[19] + 12*a[1]*a[2]^2*a[6]*a[19] + 12*a[1]*a[2]*a[3]^2*a[19] + 24*a[1]*a[2]*a[3]*a[6]*a[19] + 12*a[1]*a[2]*a[5]*a[19] + 4*a[1]*a[3]^2*a[6]*a[19] + 8*a[1]*a[3]*a[5]*a[19] + 4*a[1]*a[4]*a[19] + 2*a[2]^4*a[3]*a[19] + a[2]^4*a[6]*a[19] + 4*a[2]^3*a[3]^2*a[19] + 8*a[2]^3*a[3]*a[6]*a[19] + 4*a[2]^3*a[5]*a[19] + 6*a[2]^2*a[3]^2*a[6]*a[19] + 12*a[2]^2*a[3]*a[5]*a[19] + 6*a[2]^2*a[4]*a[19] + 4*a[2]*a[3]^2*a[5]*a[19] + 8*a[2]*a[3]*a[4]*a[19] + a[3]^2*a[4]*a[19] - 12*a[7]*a[8]*a[19] + 12*a[7]*a[8] - 12*a[7]*a[9]^2*a[19] + 12*a[7]*a[9]^2 - 24*a[7]*a[9]*a[10]*a[19] + 24*a[7]*a[9]*a[10] - 12*a[7]*a[9]*a[13]*a[19] + 12*a[7]*a[9]*a[13] - 4*a[7]*a[10]^2*a[19] + 4*a[7]*a[10]^2 - 8*a[7]*a[10]*a[13]*a[19] + 8*a[7]*a[10]*a[13] - 4*a[7]*a[12]*a[19] + 4*a[7]*a[12] - 12*a[8]^2*a[9]*a[19] + 12*a[8]^2*a[9] - 12*a[8]^2*a[10]*a[19] + 12*a[8]^2*a[10] - 6*a[8]^2*a[13]*a[19] + 6*a[8]^2*a[13] - 4*a[8]*a[9]^3*a[19] + 4*a[8]*a[9]^3 - 24*a[8]*a[9]^2*a[10]*a[19] + 24*a[8]*a[9]^2*a[10] - 12*a[8]*a[9]^2*a[13]*a[19] + 12*a[8]*a[9]^2*a[13] - 12*a[8]*a[9]*a[10]^2*a[19] + 12*a[8]*a[9]*a[10]^2 - 24*a[8]*a[9]*a[10]*a[13]*a[19] + 24*a[8]*a[9]*a[10]*a[13] - 12*a[8]*a[9]*a[12]*a[19] + 12*a[8]*a[9]*a[12] - 4*a[8]*a[10]^2*a[13]*a[19] + 4*a[8]*a[10]^2*a[13] - 8*a[8]*a[10]*a[12]*a[19] + 8*a[8]*a[10]*a[12] - 4*a[8]*a[11]*a[19] + 4*a[8]*a[11] - 2*a[9]^4*a[10]*a[19] + 2*a[9]^4*a[10] - a[9]^4*a[13]*a[19] + a[9]^4*a[13] - 4*a[9]^3*a[10]^2*a[19] + 4*a[9]^3*a[10]^2 - 8*a[9]^3*a[10]*a[13]*a[19] + 8*a[9]^3*a[10]*a[13] - 4*a[9]^3*a[12]*a[19] + 4*a[9]^3*a[12] - 6*a[9]^2*a[10]^2*a[13]*a[19] + 6*a[9]^2*a[10]^2*a[13] - 12*a[9]^2*a[10]*a[12]*a[19] + 12*a[9]^2*a[10]*a[12] - 6*a[9]^2*a[11]*a[19] + 6*a[9]^2*a[11] - 4*a[9]*a[10]^2*a[12]*a[19] + 4*a[9]*a[10]^2*a[12] - 8*a[9]*a[10]*a[11]*a[19] + 8*a[9]*a[10]*a[11] - a[10]^2*a[11]*a[19] + a[10]^2*a[11] - 12*a[14]*a[17] - 4*a[14]*a[18] - 12*a[15]*a[16] - 12*a[15]*a[17]^2 - 12*a[15]*a[17]*a[18] - 12*a[16]^2*a[17] - 6*a[16]^2*a[18] - 4*a[16]*a[17]^3 - 12*a[16]*a[17]^2*a[18] - a[17]^4*a[18],
6*a[1]^2*a[19] + 12*a[1]*a[2]^2*a[19] + 24*a[1]*a[2]*a[3]*a[19] + 12*a[1]*a[2]*a[6]*a[19] + 4*a[1]*a[3]^2*a[19] + 8*a[1]*a[3]*a[6]*a[19] + 4*a[1]*a[5]*a[19] + a[2]^4*a[19] + 8*a[2]^3*a[3]*a[19] + 4*a[2]^3*a[6]*a[19] + 6*a[2]^2*a[3]^2*a[19] + 12*a[2]^2*a[3]*a[6]*a[19] + 6*a[2]^2*a[5]*a[19] + 4*a[2]*a[3]^2*a[6]*a[19] + 8*a[2]*a[3]*a[5]*a[19] + 4*a[2]*a[4]*a[19] + a[3]^2*a[5]*a[19] + 2*a[3]*a[4]*a[19] - 12*a[7]*a[9]*a[19] + 12*a[7]*a[9] - 8*a[7]*a[10]*a[19] + 8*a[7]*a[10] - 4*a[7]*a[13]*a[19] + 4*a[7]*a[13] - 6*a[8]^2*a[19] + 6*a[8]^2 - 12*a[8]*a[9]^2*a[19] + 12*a[8]*a[9]^2 - 24*a[8]*a[9]*a[10]*a[19] + 24*a[8]*a[9]*a[10] - 12*a[8]*a[9]*a[13]*a[19] + 12*a[8]*a[9]*a[13] - 4*a[8]*a[10]^2*a[19] + 4*a[8]*a[10]^2 - 8*a[8]*a[10]*a[13]*a[19] + 8*a[8]*a[10]*a[13] - 4*a[8]*a[12]*a[19] + 4*a[8]*a[12] - a[9]^4*a[19] + a[9]^4 - 8*a[9]^3*a[10]*a[19] + 8*a[9]^3*a[10] - 4*a[9]^3*a[13]*a[19] + 4*a[9]^3*a[13] - 6*a[9]^2*a[10]^2*a[19] + 6*a[9]^2*a[10]^2 - 12*a[9]^2*a[10]*a[13]*a[19] + 12*a[9]^2*a[10]*a[13] - 6*a[9]^2*a[12]*a[19] + 6*a[9]^2*a[12] - 4*a[9]*a[10]^2*a[13]*a[19] + 4*a[9]*a[10]^2*a[13] - 8*a[9]*a[10]*a[12]*a[19] + 8*a[9]*a[10]*a[12] - 4*a[9]*a[11]*a[19] + 4*a[9]*a[11] - a[10]^2*a[12]*a[19] + a[10]^2*a[12] - 2*a[10]*a[11]*a[19] + 2*a[10]*a[11] - 4*a[14] - 12*a[15]*a[17] - 4*a[15]*a[18] - 6*a[16]^2 - 12*a[16]*a[17]^2 - 12*a[16]*a[17]*a[18] - a[17]^4 - 4*a[17]^3*a[18],
12*a[1]*a[2]*a[19] + 8*a[1]*a[3]*a[19] + 4*a[1]*a[6]*a[19] + 4*a[2]^3*a[19] + 12*a[2]^2*a[3]*a[19] + 6*a[2]^2*a[6]*a[19] + 4*a[2]*a[3]^2*a[19] + 8*a[2]*a[3]*a[6]*a[19] + 4*a[2]*a[5]*a[19] + a[3]^2*a[6]*a[19] + 2*a[3]*a[5]*a[19] + a[4]*a[19] - 4*a[7]*a[19] + 4*a[7] - 12*a[8]*a[9]*a[19] + 12*a[8]*a[9] - 8*a[8]*a[10]*a[19] + 8*a[8]*a[10] - 4*a[8]*a[13]*a[19] + 4*a[8]*a[13] - 4*a[9]^3*a[19] + 4*a[9]^3 - 12*a[9]^2*a[10]*a[19] + 12*a[9]^2*a[10] - 6*a[9]^2*a[13]*a[19] + 6*a[9]^2*a[13] - 4*a[9]*a[10]^2*a[19] + 4*a[9]*a[10]^2 - 8*a[9]*a[10]*a[13]*a[19] + 8*a[9]*a[10]*a[13] - 4*a[9]*a[12]*a[19] + 4*a[9]*a[12] - a[10]^2*a[13]*a[19] + a[10]^2*a[13] - 2*a[10]*a[12]*a[19] + 2*a[10]*a[12] - a[11]*a[19] + a[11] - 4*a[15] - 12*a[16]*a[17] - 4*a[16]*a[18] - 4*a[17]^3 - 6*a[17]^2*a[18],
4*a[1]*a[19] + 6*a[2]^2*a[19] + 8*a[2]*a[3]*a[19] + 4*a[2]*a[6]*a[19] + a[3]^2*a[19] + 2*a[3]*a[6]*a[19] + a[5]*a[19] - 4*a[8]*a[19] + 4*a[8] - 6*a[9]^2*a[19] + 6*a[9]^2 - 8*a[9]*a[10]*a[19] + 8*a[9]*a[10] - 4*a[9]*a[13]*a[19] + 4*a[9]*a[13] - a[10]^2*a[19] + a[10]^2 - 2*a[10]*a[13]*a[19] + 2*a[10]*a[13] - a[12]*a[19] + a[12] - 4*a[16] - 6*a[17]^2 - 4*a[17]*a[18],
4*a[2]*a[19] + 2*a[3]*a[19] + a[6]*a[19] - 4*a[9]*a[19] + 4*a[9] - 2*a[10]*a[19] + 2*a[10] - a[13]*a[19] + a[13] - 4*a[17] - a[18]
]
1: Fold = 1.37971E-180, prec = 115... 
   Norm(w) = 1.88450E-190
   Fnew = 1.71827E-216 < Fold/2 = 6.89853E-181, using Newton step
2: Fold = 8.79475E-217, prec = 216... 
   Norm(w) = 4.39786E-220
   Fnew = 1.33221E-418 < Fold/2 = 4.39737E-217, using Newton step
3: Fold = 6.05385E-419, prec = 418... 
   Norm(w) = 6.49249E-423
   Fnew = 5.44486E-822 < Fold/2 = 3.02692E-419, using Newton step
4: Fold = 3.67358E-822, prec = 822... 
   Norm(w) = 5.92810E-826
   Fnew = 5.46024E-1630 < Fold/2 = 1.83679E-822, using Newton step
5: Fold = 2.67371E-1630, prec = 1630... 
   Norm(w) = 7.25897E-1634
   Fnew = 1.68001E-3246 < Fold/2 = 1.33685E-1630, using Newton step
6: Fold = 7.25009E-3247, prec = 3246... 
   Norm(w) = 1.52514E-3249
   Fnew = 3.83880E-6478 < Fold/2 = 3.62505E-3247, using Newton step
7: Fold = 2.00033E-6478, prec = 4800... 
   Norm(w) = 1.12539E-6482
   Fnew = 1.29381E-9586 < Fold/2 = 1.00017E-6478, using Newton step

Looking for coefficient to recognize number field...
  ...dumped recognition inputs to /Users/musty/two/dembele/rigidity/out/dump_444_rep2.m
  ...MakeKBatch: only trivial degree-1 certifications (11 candidates NOPREC) -- insufficient precision
recognition failed as expected (numerics already dumped): MakeKBatch: no coefficient relation certifies at this precision; raise prec (or unset MAKEK_RELFINDER_BIN to use the legacy search)
